1.8073408248187701,-0.42912410132363304,-0.0880693141222129,1.2655033904950637,0.3157300643489353,0.024382248868057215,-1.082296150151079,32.435997009277344,4.368000030517578,1.403999924659729,1.7733333110809326,-0.24133333563804626,-0.8000000715255737,0.9350000619888306
1.8073408248187701,-0.42912410132363304,-0.0880693141222129,1.2655033904950637,0.3157300643489353,0.02439970297617024,-1.082296150151079,32.4119987487793,4.4070000648498535,1.3919999599456787,1.7733333110809326,-0.1809999942779541,-0.75,0.9350000619888306
1.8073408248187701,-0.42910665761849304,-0.0880693141222129,1.2655033904950637,0.3157475080540753,0.02439970297617024,-1.082296150151079,32.47200012207031,4.4070000648498535,1.403999924659729,1.7733333110809326,-0.24133333563804626,-0.8000000715255737,0.9973334074020386
1.8073408248187701,-0.42912410132363304,-0.0880693141222129,1.2655033904950637,0.3157300643489353,0.02439970297617024,-1.082296150151079,32.435997009277344,4.4070000648498535,1.3919999599456787,1.7733333110809326,-0.1809999942779541,-0.8000000715255737,0.9973334074020386
1.8073408248187701,-0.42912410132363304,-0.0880693141222129,1.2655033904950637,0.3157300643489353,0.02439970297617024,-1.082296150151079,32.4119987487793,4.387500286102295,1.403999924659729,1.7859998941421509,-0.24133333563804626,-0.8000000715255737,0.8726666569709778
1.8073408248187701,-0.42912410132363304,-0.0880693141222129,1.2655033904950637,0.3157126206437953,0.02439970297617024,-1.082296150151079,32.435997009277344,4.4070000648498535,1.3799998760223389,1.7859998941421509,-0.12066666781902313,-0.8000000715255737,0.9973334074020386
1.80735826852391,-0.42912410132363304,-0.0880693141222129,1.2655033904950637,0.3157300643489353,0.02439970297617024,-1.082296150151079,32.4119987487793,4.387500286102295,1.3799998760223389,1.7353333234786987,-0.24133333563804626,-0.8000000715255737,0.9973334074020386
1.8073408248187701,-0.42912410132363304,-0.0880693141222129,1.2655033904950637,0.3157300643489353,0.02439970297617024,-1.082296150151079,32.435997009277344,4.4070000648498535,1.403999924659729,1.7733333110809326,-0.24133333563804626,-0.8500000238418579,0.8726666569709778
1.8073408248187701,-0.42912410132363304,-0.0880693141222129,1.2655033904950637,0.3157300643489353,0.02439970297617024,-1.082296150151079,32.435997009277344,4.387500286102295,1.403999924659729,1.7606666088104248,-0.24133333563804626,-0.8000000715255737,0.9973334074020386
1.8073408248187701,-0.42912410132363304,-0.0880693141222129,1.2655033904950637,0.3157300643489353,0.02439970297617024,-1.082296150151079,32.447998046875,4.368000030517578,1.4279999732971191,1.7606666088104248,-0.24133333563804626,-0.8500000238418579,0.9350000619888306
1.8073408248187701,-0.42912410132363304,-0.0880693141222129,1.2655033904950637,0.3157126206437953,0.02439970297617024,-1.082296150151079,32.435997009277344,4.387500286102295,1.403999924659729,1.7733333110809326,-0.24133333563804626,-0.8000000715255737,0.9973334074020386
1.80735826852391,-0.42912410132363304,-0.0880693141222129,1.2655033904950637,0.3157126206437953,0.02439970297617024,-1.082296150151079,32.39999771118164,4.387500286102295,1.3919999599456787,1.7606666088104248,-0.1809999942779541,-0.75,0.9350000619888306
1.8073408248187701,-0.42912410132363304,-0.0880693141222129,1.2655033904950637,0.3157126206437953,0.02439970297617024,-1.082296150151079,32.459999084472656,4.368000030517578,1.3799998760223389,1.7859998941421509,-0.1809999942779541,-0.8000000715255737,0.8726666569709778
1.8073408248187701,-0.42912410132363304,-0.0880693141222129,1.2655033904950637,0.3157300643489353,0.02439970297617024,-1.082296150151079,32.435997009277344,4.368000030517578,1.3919999599456787,1.7606666088104248,-0.24133333563804626,-0.8500000238418579,0.9973334074020386
1.8073408248187701,-0.42912410132363304,-0.0880693141222129,1.2655033904950637,0.3157126206437953,0.02439970297617024,-1.082296150151079,32.42399978637695,4.387500286102295,1.3559999465942383,1.7733333110809326,-0.1809999942779541,-0.8500000238418579,0.9350000619888306
1.8073408248187701,-0.42912410132363304,-0.0880693141222129,1.2655033904950637,0.3157300643489353,0.02439970297617024,-1.082296150151079,32.447998046875,4.387500286102295,1.3919999599456787,1.747999906539917,-0.12066666781902313,-0.8000000715255737,0.9973334074020386
1.8073408248187701,-0.42912410132363304,-0.0880693141222129,1.2655033904950637,0.3157300643489353,0.02439970297617024,-1.082296150151079,32.42399978637695,4.368000030517578,1.403999924659729,1.7606666088104248,-0.24133333563804626,-0.75,0.9350000619888306
1.8073408248187701,-0.42912410132363304,-0.0880693141222129,1.2655033904950637,0.3157126206437953,0.02439970297617024,-1.082296150151079,32.447998046875,4.368000030517578,1.3919999599456787,1.722666621208191,-0.24133333563804626,-0.8000000715255737,0.9973334074020386
1.8073408248187701,-0.42910665761849304,-0.0880693141222129,1.2655033904950637,0.3157300643489353,0.02439970297617024,-1.082296150151079,32.447998046875,4.4070000648498535,1.3919999599456787,1.7606666088104248,-0.24133333563804626,-0.8000000715255737,0.9350000619888306
1.8073408248187701,-0.42912410132363304,-0.0880693141222129,1.2655033904950637,0.3157300643489353,0.02439970297617024,-1.082296150151079,32.4119987487793,4.368000030517578,1.403999924659729,1.7606666088104248,-0.24133333563804626,-0.8000000715255737,0.8726666569709778
1.8073408248187701,-0.42912410132363304,-0.0880693141222129,1.2655033904950637,0.3157126206437953,0.02439970297617024,-1.082296150151079,32.4119987487793,4.368000030517578,1.403999924659729,1.7733333110809326,-0.1809999942779541,-0.8000000715255737,0.9350000619888306
1.8073408248187701,-0.42912410132363304,-0.0880693141222129,1.2654859467899235,0.3157126206437953,0.02439970297617024,-1.082313593856219,32.447998046875,4.387500286102295,1.3799998760223389,1.7606666088104248,-0.24133333563804626,-0.8000000715255737,0.9973334074020386
1.8073408248187701,-0.42912410132363304,-0.0880693141222129,1.2655033904950637,0.3157126206437953,0.02439970297617024,-1.082296150151079,32.459999084472656,4.387500286102295,1.403999924659729,1.7733333110809326,-0.1809999942779541,-0.8000000715255737,0.9973334074020386
1.8073408248187701,-0.42910665761849304,-0.0880693141222129,1.2655033904950637,0.3157126206437953,0.02439970297617024,-1.082296150151079,32.447998046875,4.3485002517700195,1.403999924659729,1.7606666088104248,-0.24133333563804626,-0.8000000715255737,0.9973334074020386
1.8073408248187701,-0.42912410132363304,-0.0880693141222129,1.2655033904950637,0.3157126206437953,0.02439970297617024,-1.082296150151079,32.4119987487793,4.387500286102295,1.3919999599456787,1.7606666088104248,-0.24133333563804626,-0.8500000238418579,0.9350000619888306
1.8073408248187701,-0.42912410132363304,-0.0880693141222129,1.2655033904950637,0.3157126206437953,0.02439970297617024,-1.082296150151079,32.435997009277344,4.387500286102295,1.403999924659729,1.7733333110809326,-0.1809999942779541,-0.75,0.9973334074020386
1.8073408248187701,-0.42912410132363304,-0.0880693141222129,1.2655033904950637,0.3157126206437953,0.02439970297617024,-1.082296150151079,32.447998046875,4.4070000648498535,1.3799998760223389,1.7606666088104248,-0.1809999942779541,-0.8500000238418579,0.9350000619888306
1.8073408248187701,-0.42912410132363304,-0.0880693141222129,1.2655033904950637,0.3157126206437953,0.02439970297617024,-1.082313593856219,32.42399978637695,4.368000030517578,1.3919999599456787,1.7733333110809326,-0.24133333563804626,-0.8000000715255737,0.9973334074020386
1.8073408248187701,-0.42912410132363304,-0.0880693141222129,1.2655033904950637,0.3157126206437953,0.02439970297617024,-1.082313593856219,32.42399978637695,4.387500286102295,1.3799998760223389,1.7859998941421509,-0.24133333563804626,-0.8500000238418579,0.9350000619888306
1.8073408248187701,-0.42912410132363304,-0.0880693141222129,1.2655033904950637,0.3157126206437953,0.02439970297617024,-1.082313593856219,32.447998046875,4.387500286102295,1.4159998893737793,1.7606666088104248,-0.24133333563804626,-0.8500000238418579,0.9973334074020386
1.8073408248187701,-0.42912410132363304,-0.0880693141222129,1.2654859467899235,0.31569514364914164,0.02439970297617024,-1.082313593856219,32.42399978637695,4.368000030517578,1.3919999599456787,1.747999906539917,-0.24133333563804626,-0.8000000715255737,0.9973334074020386
1.8073408248187701,-0.42914154502877305,-0.0880693141222129,1.2655033904950637,0.3157126206437953,0.02439970297617024,-1.082313593856219,32.435997009277344,4.368000030517578,1.3799998760223389,1.747999906539917,-0.24133333563804626,-0.8500000238418579,0.9350000619888306
1.8073408248187701,-0.42912410132363304,-0.0880693141222129,1.2655033904950637,0.3157300643489353,0.02439970297617024,-1.082313593856219,32.42399978637695,4.368000030517578,1.3919999599456787,1.7606666088104248,-0.1809999942779541,-0.75,0.9350000619888306
1.8073408248187701,-0.42910665761849304,-0.0880693141222129,1.2655033904950637,0.3157126206437953,0.02439970297617024,-1.082313593856219,32.447998046875,4.368000030517578,1.3919999599456787,1.7733333110809326,-0.24133333563804626,-0.75,0.9973334074020386
1.8073408248187701,-0.42912410132363304,-0.0880693141222129,1.2655033904950637,0.3157126206437953,0.024417157084283266,-1.082331037561359,32.4119987487793,4.368000030517578,1.3919999599456787,1.7606666088104248,-0.24133333563804626,-0.8000000715255737,0.9973334074020386
1.80735826852391,-0.42912410132363304,-0.0880693141222129,1.2655033904950637,0.3157300643489353,0.02439970297617024,-1.0823484812664992,32.39999771118164,4.42650032043457,1.3799998760223389,1.7606666088104248,-0.24133333563804626,-0.8000000715255737,0.9350000619888306
1.8073408248187701,-0.42912410132363304,-0.0880693141222129,1.2655033904950637,0.3157126206437953,0.02439970297617024,-1.082365924971639,32.4119987487793,4.368000030517578,1.3679999113082886,1.722666621208191,-0.24133333563804626,-0.8000000715255737,0.9973334074020386
1.80735826852391,-0.42912410132363304,-0.0880693141222129,1.2654859467899235,0.3157126206437953,0.02439970297617024,-1.082365924971639,32.435997009277344,4.387500286102295,1.3919999599456787,1.7733333110809326,-0.24133333563804626,-0.8000000715255737,0.9973334074020386
1.8073408248187701,-0.42912410132363304,-0.0880693141222129,1.2654859467899235,0.3157126206437953,0.02439970297617024,-1.082365924971639,32.4119987487793,4.4070000648498535,1.3799998760223389,1.7353333234786987,-0.24133333563804626,-0.9000000357627869,0.9350000619888306
1.8073408248187701,-0.42912410132363304,-0.0880693141222129,1.2654859467899235,0.3157300643489353,0.02439970297617024,-1.082365924971639,32.38800048828125,4.387500286102295,1.403999924659729,1.7606666088104248,-0.1809999942779541,-0.8000000715255737,0.9973334074020386
1.8073408248187701,-0.42912410132363304,-0.0880693141222129,1.2654859467899235,0.3157300643489353,0.024417157084283266,-1.082365924971639,32.4119987487793,4.368000030517578,1.3919999599456787,1.7353333234786987,-0.1809999942779541,-0.8000000715255737,0.9350000619888306
1.8073408248187701,-0.42912410132363304,-0.0880693141222129,1.2654859467899235,0.3157300643489353,0.024417157084283266,-1.082365924971639,32.38800048828125,4.4070000648498535,1.3919999599456787,1.7353333234786987,-0.1809999942779541,-0.8000000715255737,0.9350000619888306
1.8073408248187701,-0.42914154502877305,-0.0880693141222129,1.2654859467899235,0.3157126206437953,0.024417157084283266,-1.082365924971639,32.4119987487793,4.387500286102295,1.3919999599456787,1.747999906539917,-0.24133333563804626,-0.8000000715255737,0.9973334074020386
1.8073408248187701,-0.42912410132363304,-0.0880693141222129,1.2654859467899235,0.3157126206437953,0.02439970297617024,-1.082365924971639,32.4119987487793,4.42650032043457,1.4159998893737793,1.7353333234786987,-0.24133333563804626,-0.8500000238418579,0.9973334074020386
1.8073408248187701,-0.42912410132363304,-0.0880693141222129,1.2654859467899235,0.3157126206437953,0.024417157084283266,-1.082365924971639,32.39999771118164,4.387500286102295,1.3799998760223389,1.722666621208191,-0.1809999942779541,-0.8500000238418579,0.9350000619888306
1.8073408248187701,-0.42912410132363304,-0.0880693141222129,1.2654859467899235,0.3157126206437953,0.02439970297617024,-1.082365924971639,32.36399841308594,4.368000030517578,1.3559999465942383,1.709999918937683,-0.1809999942779541,-0.8000000715255737,0.9350000619888306
1.8073408248187701,-0.42912410132363304,-0.0880693141222129,1.2654859467899235,0.3157126206437953,0.02439970297617024,-1.082365924971639,32.375999450683594,4.3485002517700195,1.3919999599456787,1.747999906539917,-0.24133333563804626,-0.8000000715255737,0.9350000619888306
1.8073408248187701,-0.42912410132363304,-0.0880693141222129,1.2654859467899235,0.3157126206437953,0.02439970297617024,-1.0823833686767792,32.36399841308594,4.368000030517578,1.3439998626708984,1.722666621208191,-0.1809999942779541,-0.8000000715255737,0.9350000619888306
1.8073408248187701,-0.42912410132363304,-0.0880693141222129,1.2654859467899235,0.3157126206437953,0.02439970297617024,-1.0823833686767792,32.38800048828125,4.4070000648498535,1.3919999599456787,1.722666621208191,-0.1809999942779541,-0.8000000715255737,0.9973334074020386
1.8073408248187701,-0.42914154502877305,-0.0880693141222129,1.2654859467899235,0.31569514364914164,0.02439970297617024,-1.0823833686767792,32.375999450683594,4.368000030517578,1.3919999599456787,1.7606666088104248,-0.24133333563804626,-0.8500000238418579,0.9973334074020386
1.8073408248187701,-0.42912410132363304,-0.0880693141222129,1.2654859467899235,0.3157126206437953,0.02439970297617024,-1.0823833686767792,32.39999771118164,4.4070000648498535,1.403999924659729,1.747999906539917,-0.24133333563804626,-0.75,0.9973334074020386
1.8073408248187701,-0.42912410132363304,-0.0880693141222129,1.2654859467899235,0.3157126206437953,0.02439970297617024,-1.0823833686767792,32.36399841308594,4.387500286102295,1.3559999465942383,1.747999906539917,-0.24133333563804626,-0.75,0.9350000619888306
1.8073408248187701,-0.42912410132363304,-0.0880693141222129,1.2654859467899235,0.3157126206437953,0.024417157084283266,-1.082400812381919,32.39999771118164,4.4070000648498535,1.3679999113082886,1.7353333234786987,-0.24133333563804626,-0.8500000238418579,0.9973334074020386
1.8073408248187701,-0.42912410132363304,-0.0880693141222129,1.2654859467899235,0.3157126206437953,0.02439970297617024,-1.082400812381919,32.375999450683594,4.368000030517578,1.3799998760223389,1.7606666088104248,-0.1809999942779541,-0.8000000715255737,0.9973334074020386
1.8073408248187701,-0.42912410132363304,-0.0880693141222129,1.2654859467899235,0.3157126206437953,0.024417157084283266,-1.082400812381919,32.375999450683594,4.387500286102295,1.3919999599456787,1.747999906539917,-0.12066666781902313,-0.8000000715255737,0.8726666569709778
1.8073408248187701,-0.42912410132363304,-0.0880693141222129,1.2654859467899235,0.3157126206437953,0.024417157084283266,-1.082400812381919,32.35200119018555,4.368000030517578,1.3799998760223389,1.747999906539917,-0.24133333563804626,-0.75,0.9973334074020386
1.8073408248187701,-0.42912410132363304,-0.0880693141222129,1.2654859467899235,0.3157126206437953,0.024417157084283266,-1.082400812381919,32.4119987487793,4.387500286102295,1.3559999465942383,1.747999906539917,-0.24133333563804626,-0.8500000238418579,0.9350000619888306
1.8073408248187701,-0.42912410132363304,-0.0880693141222129,1.2654859467899235,0.3157126206437953,0.024417157084283266,-1.082400812381919,32.375999450683594,4.387500286102295,1.3919999599456787,1.722666621208191,-0.12066666781902313,-0.8500000238418579,0.9350000619888306
1.8073408248187701,-0.42912410132363304,-0.0880693141222129,1.2654859467899235,0.3157126206437953,0.024417157084283266,-1.082400812381919,32.39999771118164,4.387500286102295,1.3799998760223389,1.7353333234786987,-0.24133333563804626,-0.8000000715255737,0.8726666569709778
1.8073408248187701,-0.42912410132363304,-0.0880693141222129,1.2654859467899235,0.3157126206437953,0.024417157084283266,-1.082400812381919,32.38800048828125,4.368000030517578,1.3799998760223389,1.7606666088104248,-0.1809999942779541,-0.8000000715255737,0.9350000619888306
1.8073408248187701,-0.42912410132363304,-0.0880693141222129,1.2654859467899235,0.3157126206437953,0.024417157084283266,-1.082400812381919,32.36399841308594,4.4070000648498535,1.3799998760223389,1.7733333110809326,-0.24133333563804626,-0.75,0.9973334074020386
1.8073408248187701,-0.42912410132363304,-0.0880693141222129,1.2654859467899235,0.3157126206437953,0.024417157084283266,-1.082400812381919,32.39999771118164,4.446000099182129,1.3799998760223389,1.747999906539917,-0.1809999942779541,-0.75,0.9350000619888306
1.8073408248187701,-0.42914154502877305,-0.0880693141222129,1.2654859467899235,0.3157300643489353,0.024417157084283266,-1.082400812381919,32.38800048828125,4.42650032043457,1.3799998760223389,1.7733333110809326,-0.24133333563804626,-0.8500000238418579,0.9350000619888306
1.8073408248187701,-0.42912410132363304,-0.0880693141222129,1.2654859467899235,0.3157126206437953,0.024417157084283266,-1.082400812381919,32.39999771118164,4.368000030517578,1.3679999113082886,1.8113332986831665,-0.1809999942779541,-0.8000000715255737,0.9350000619888306
1.8073408248187701,-0.42912410132363304,-0.0880693141222129,1.2654859467899235,0.3157126206437953,0.024417157084283266,-1.082400812381919,32.38800048828125,4.387500286102295,1.3679999113082886,1.8493332862854004,-0.24133333563804626,-0.8000000715255737,0.9350000619888306
1.8073408248187701,-0.42912410132363304,-0.0880693141222129,1.2654859467899235,0.3157126206437953,0.024417157084283266,-1.0824183226660864,32.38800048828125,4.4070000648498535,1.403999924659729,1.8619999885559082,-0.1809999942779541,-0.8500000238418579,0.9973334074020386
1.8073408248187701,-0.42912410132363304,-0.0880693141222129,1.2654859467899235,0.3157126206437953,0.024417157084283266,-1.082400812381919,32.35200119018555,4.42650032043457,1.3919999599456787,1.8366665840148926,-0.24133333563804626,-0.8000000715255737,0.9973334074020386
1.8073408248187701,-0.42912410132363304,-0.0880693141222129,1.2654859467899235,0.3157126206437953,0.02439970297617024,-1.082400812381919,32.375999450683594,4.42650032043457,1.4159998893737793,1.8619999885559082,-0.1809999942779541,-0.8000000715255737,0.9350000619888306
1.8073408248187701,-0.42912410132363304,-0.0880693141222129,1.2654859467899235,0.3157126206437953,0.024434609111801692,-1.082400812381919,32.38800048828125,4.504499912261963,1.3799998760223389,1.9126665592193604,-0.1809999942779541,-0.8000000715255737,0.9350000619888306
1.8073408248187701,-0.42912410132363304,-0.0880693141222129,1.2654859467899235,0.3157126206437953,0.024417157084283266,-1.0824183226660864,32.4119987487793,4.621500015258789,1.2960000038146973,1.937999963760376,-0.12066666781902313,-0.75,0.9973334074020386
1.8073408248187701,-0.42910665761849304,-0.0880693141222129,1.2655208342002036,0.3157126206437953,0.024417157084283266,-1.082400812381919,32.36399841308594,4.855500221252441,1.1999999284744263,2.052000045776367,-0.12066666781902313,-0.8000000715255737,0.9973334074020386
1.8073408248187701,-0.428949564403692,-0.088139130554665,1.2655557216104836,0.3157475080540753,0.024417157084283266,-1.0824183226660864,32.279998779296875,5.421000003814697,0.7319999933242798,2.1026666164398193,0.0,-0.8500000238418579,0.9350000619888306
1.80735826852391,-0.4285656031535298,-0.08852310012720559,1.2655731653156237,0.3161489462988911,0.024382248868057215,-1.0824357663712265,32.12399673461914,6.357000350952148,0.059999994933605194,2.128000020980835,0.1809999942779541,-0.8000000715255737,0.9973334074020386
1.8073757122290501,-0.4277278392536181,-0.08960520073475363,1.2655906090207636,0.31726594263909763,0.02415535586556087,-1.0824357663712265,31.24799919128418,9.906000137329102,-2.2079999446868896,2.4700000286102295,0.30166664719581604,-0.699999988079071,0.9973334074020386
1.8073757122290501,-0.4253890844738242,-0.09229301270967291,1.2656254964310436,0.3190287222541347,0.022898720418666363,-1.0824357663712265,31.812000274658203,10.413000106811523,-1.5239999294281006,2.317999839782715,0.3619999885559082,-0.8500000238418579,0.9973334074020386
1.8073757122290501,-0.42182863783346997,-0.0957138597746365,1.2656778275464637,0.3218561670939582,0.02007128598181587,-1.0824357663712265,31.727998733520508,8.911499977111816,-1.0439999103546143,2.1406664848327637,0.422333300113678,-0.699999988079071,0.9350000619888306
1.8073757122290501,-0.4167148026187862,-0.09969320500970334,1.2657651792302185,0.3256086276489071,0.014468779432453964,-1.082400812381919,31.499998092651367,6.454500198364258,-0.035999998450279236,1.8873332738876343,0.24133333563804626,-0.8500000238418579,0.9973334074020386
1.80728849370335,-0.4111123106335865,-0.10353293402462277,1.2657477355250784,0.3302686602138414,0.00542797379061004,-1.0824357663712265,33.56399917602539,6.240000247955322,0.5640000104904175,2.6599998474121094,0.24133333563804626,-1.3000000715255737,1.246666669845581
1.8072534731350156,-0.40252528059376225,-0.10772172023466753,1.2656778275464637,0.3368136449088201,-0.014521139676198445,-1.0821564673519044,34.439998626708984,9.282000541687012,-1.0920000076293945,3.242666721343994,0.7239999771118164,-0.550000011920929,1.121999979019165
1.8073408248187701,-0.3922627560436283,-0.1123119363671497,1.2657477355250784,0.3446501628639464,-0.03789109812737592,-1.08138854485158,32.4119987487793,8.716500282287598,-0.4919999837875366,1.9126665592193604,0.30166664719581604,-0.9500000476837158,1.246666669845581
1.8073757122290501,-0.3810926261939953,-0.11660545138706183,1.2658523977559184,0.3517362020238884,-0.06309365262604258,-1.0793464995067346,31.15199851989746,4.446000099182129,1.1519999504089355,1.3679999113082886,0.5429999828338623,-0.8500000238418579,0.9350000619888306
1.8073408248187701,-0.37131879170389087,-0.12025318313214335,1.2659396162816186,0.3568500039490585,-0.08456119859727877,-1.0773742955614762,32.83199691772461,1.6965000629425049,3.0360000133514404,1.3173333406448364,-0.30166664719581604,-1.350000023841858,1.246666669845581
1.8071836983144554,-0.3595378325687346,-0.12418017228465492,1.2658175103456384,0.36049776898365365,-0.11503465239710584,-1.0743199826862917,36.46799850463867,5.011499881744385,1.7639999389648438,3.128666639328003,0.6636666655540466,-0.6000000238418579,1.059666633605957
1.8072011420195955,-0.3481408346837405,-0.12761847137713694,1.2658349540507785,0.3629062985840077,-0.14404202769446586,-1.0710387684862324,35.1359977722168,5.499000072479248,0.8159999251365662,2.7106666564941406,0.3619999885559082,-0.9500000476837158,1.059666633605957
1.8073408248187701,-0.33517303780879043,-0.1312836634721153,1.2659047288713385,0.36449457456861734,-0.17462019365940348,-1.0672688642261434,32.54399871826172,6.123000144958496,1.187999963760376,1.2793333530426025,0.24133333563804626,-1.0500000715255737,0.9973334074020386
1.8073757122290501,-0.32155945765900973,-0.13494885556709366,1.2660444116705132,0.365192688958868,-0.2067167942093634,-1.0632720586411797,31.812000274658203,4.894500255584717,1.595999836921692,1.3173333406448364,0.3619999885559082,-0.6000000238418579,0.9350000619888306
1.8072534731350156,-0.3086091044891997,-0.1377937441120572,1.2660095242602332,0.36536722587880904,-0.23671900165430096,-1.0596243268960983,34.944000244140625,3.6660001277923584,1.8839998245239258,2.5333330631256104,0.3619999885559082,-0.75,0.9973334074020386
1.8071836983144554,-0.2952399026589474,-0.14114477474456866,1.2659746368499531,0.36536722587880904,-0.2670353788840838,-1.0553482222918125,36.20399856567383,4.036499977111816,2.2679998874664307,2.444666624069214,0.3619999885559082,-1.0,1.059666633605957
1.8072011420195955,-0.2812772486692846,-0.144408545239488,1.265992080555093,0.36536722587880904,-0.2977706380638224,-1.0512292441918414,35.53199768066406,3.5880000591278076,2.3279998302459717,2.241999864578247,0.3619999885559082,-0.6500000357627869,1.121999979019165
1.80727104999821,-0.2692344841542167,-0.14711380091954732,1.2660095242602332,0.36536722587880904,-0.3244043462039733,-1.0480702025067894,33.84000015258789,3.3930001258850098,1.6079999208450317,1.937999963760376,0.422333300113678,-0.40000003576278687,1.1843334436416626
1.80730593740849,-0.25572564945906023,-0.15016813043948876,1.2661141864910732,0.3654544776940228,-0.35112533944885144,-1.0432007456116341,33.0,3.373500108718872,2.0159997940063477,1.1779999732971191,0.24133333563804626,-0.8500000238418579,1.059666633605957
1.8072185857247354,-0.24211206930927953,-0.1528908464694449,1.2660618553756533,0.3654195902837427,-0.37613591748362624,-1.0377378698465818,35.459999084472656,3.373500108718872,1.691999912261963,2.0139999389648438,0.3619999885559082,-0.699999988079071,0.9350000619888306
1.8071488109041753,-0.22954571067914528,-0.1552644886595189,1.266026967965373,0.3654195902837427,-0.399453490723924,-1.032746240436419,36.6359977722168,3.2955000400543213,1.9439998865127563,2.5966665744781494,0.3619999885559082,-0.3499999940395355,0.9973334074020386
1.8072185857247354,-0.2160019552841951,-0.15748105427954867,1.2660444116705132,0.3654544776940228,-0.42256167292351426,-1.0273531394919269,35.183998107910156,2.1449999809265137,2.9639999866485596,2.2039999961853027,0.3619999885559082,-0.5,0.9973334074020386
1.8072534731350156,-0.20275489267943658,-0.1592787545943794,1.2660967427859333,0.36550684209895645,-0.4415682874387599,-1.02113978493169,34.019996643066406,1.4040000438690186,3.1559996604919434,1.6973333358764648,0.24133333563804626,-0.6500000357627869,1.1843334436416626
1.8072185857247354,-0.19141025919937618,-0.16043067163437955,1.2660792990807932,0.36550684209895645,-0.45485027074331214,-1.0146296876469916,35.30400085449219,2.5935001373291016,1.9679999351501465,1.8493332862854004,0.30166664719581604,-0.6000000238418579,0.8103333711624146
1.8071836983144554,-0.17826792540448502,-0.16187928146457134,1.2660444116705132,0.36538466958394905,-0.4715879718783511,-1.005588921536445,36.14399719238281,3.8415000438690186,1.1159999370574951,2.495333194732666,0.1809999942779541,-0.45000001788139343,1.059666633605957
1.8071836983144554,-0.16772613512454262,-0.16320573542451255,1.2660444116705132,0.36465163449390475,-0.4834387391235811,-0.9976476414819377,35.96399688720703,1.9890000820159912,3.5999999046325684,2.2039999961853027,0.1809999942779541,-0.40000003576278687,1.059666633605957
1.8072185857247354,-0.15517722019954835,-0.16404349932442425,1.2660967427859333,0.36285396746858767,-0.4935442037484276,-0.987978502512187,34.72800064086914,0.42900002002716064,3.4079997539520264,1.532666563987732,0.0,-0.45000001788139343,0.9973334074020386
1.8072360294298755,-0.14501940781452496,-0.16493361098451279,1.2660967427859333,0.3603232320637126,-0.5022184856034656,-0.9789726238119205,35.02799987792969,0.8970000147819519,3.299999713897705,1.722666621208191,-0.060333333909511566,-0.3499999940395355,0.8726666569709778
1.8071836983144554,-0.1333257004945824,-0.16563174201952025,1.2660618553756533,0.35705946156879326,-0.5109625755685773,-0.9693384388314772,36.227996826171875,3.509999990463257,1.7279999256134033,2.317999839782715,-0.060333333909511566,-0.30000001192092896,0.9973334074020386
1.8072185857247354,-0.12353440565458114,-0.1668534838143509,1.2660967427859333,0.35337680912391806,-0.519078359253512,-0.9601754336268961,34.847999572753906,4.4654998779296875,1.4519999027252197,1.7733333110809326,0.1809999942779541,-0.10000000894069672,0.7480000257492065
1.8072360294298755,-0.11229448433963127,-0.16849409091438058,1.2661141864910732,0.3474776077037699,-0.5237209481133063,-0.9520945373522414,34.69199752807617,1.8135000467300415,2.5199999809265137,1.444000005722046,0.0,-0.30000001192092896,0.8103333711624146
1.8072360294298755,-0.10292206312720745,-0.170605927724543,1.2661141864910732,0.3407755297939901,-0.5265483929531297,-0.9456019503517099,34.512001037597656,0.8970000147819519,3.0959999561309814,1.3933333158493042,0.0,-0.45000001788139343,0.8726666569709778
1.8071662546093155,-0.09180432264964337,-0.1727875892895359,1.2660792990807932,0.3323805136687606,-0.5277701181032036,-0.9392838669816059,36.3599967956543,0.643500030040741,3.239999771118164,2.0139999389648438,-0.30166664719581604,-0.6000000238418579,0.9350000619888306
1.8071836983144554,-0.08344419393469388,-0.17462019365940348,1.2660792990807932,0.3241425574688185,-0.528066827538152,-0.9351823325867749,35.74799728393555,1.443000078201294,3.047999858856201,1.8493332862854004,-0.30166664719581604,-0.550000011920929,0.9973334074020386
1.8072011420195955,-0.07459537515971484,-0.17596409132448473,1.2660967427859333,0.3154507986191269,-0.5282588081632331,-0.9328086571071873,35.14799880981445,0.6044999957084656,3.239999771118164,1.431333303451538,-0.1809999942779541,-0.5,0.8103333711624146
1.8072360294298755,-0.06656685577356146,-0.1771334687143817,1.2660967427859333,0.3065845361390078,-0.5283460599784469,-0.9315694882519734,34.715999603271484,1.3650000095367432,2.9759998321533203,1.4819999933242798,-0.48266667127609253,-0.45000001788139343,0.9973334074020386
1.8072360294298755,-0.058346355762326975,-0.1783900979194924,1.2660967427859333,0.2970899340891982,-0.5284158680885206,-0.9305397770164943,34.91999816894531,1.8135000467300415,3.180000066757202,1.747999906539917,-0.24133333563804626,-0.45000001788139343,0.8103333711624146
1.8071488109041753,-0.050335296726070414,-0.17928022622433776,1.2660618553756533,0.28961993367909405,-0.5285205968983879,-0.9299986892620175,36.503997802734375,0.6044999957084656,3.072000026702881,2.368666648864746,-0.30166664719581604,-0.3499999940395355,0.9350000619888306
1.8071836983144554,-0.04276056750609891,-0.17975145593447048,1.2660792990807932,0.28249900710887205,-0.528660246408049,-0.92991140415729,35.26799774169922,-0.35100001096725464,3.251999855041504,1.7353333234786987,-0.30166664719581604,-0.30000001192092896,0.8726666569709778
1.8072011420195955,-0.036739181087375776,-0.18013543382938946,1.2660967427859333,0.27635542736919555,-0.5287998626281963,-0.92991140415729,35.447998046875,0.0,3.3359997272491455,1.722666621208191,-0.1809999942779541,-0.20000001788139343,0.9350000619888306
1.8071836983144554,-0.030211648419915464,-0.1801528775345295,1.2660618553756533,0.2708925516041432,-0.5290267639530711,-0.92991140415729,35.77199935913086,3.2174999713897705,1.9799998998641968,2.0393333435058594,-0.060333333909511566,-0.05000000447034836,0.8726666569709778
1.8072185857247354,-0.02494075536053886,-0.18010052977435262,1.2660792990807932,0.26598817400919417,-0.529497977018447,-0.92982418563159,35.435997009277344,3.5490000247955322,1.4879999160766602,2.128000020980835,0.30166664719581604,0.25,0.7480000257492065
1.8071836983144554,-0.019303340594950903,-0.1801528775345295,1.2660792990807932,0.2626196913491643,-0.5311036967081967,-0.92984162933673,35.59199905395508,1.462499976158142,2.3999998569488525,2.1026666164398193,0.12066666781902313,0.20000001788139343,0.8726666569709778
1.8072185857247354,-0.014870205193702173,-0.18013543382938946,1.2660792990807932,0.25954791812408284,-0.5331631857581822,-0.9298066753474227,35.26799774169922,1.2089999914169312,2.184000015258789,1.937999963760376,0.12066666781902313,0.3499999940395355,0.8103333711624146
1.8071488109041753,-0.010297442129035732,-0.18011797347949263,1.2660444116705132,0.25658085706411193,-0.5359905973084921,-0.9297892316422827,36.79199981689453,3.56850004196167,1.4159998893737793,2.571333169937134,0.24133333563804626,0.45000001788139343,0.7480000257492065
1.8071836983144554,-0.006300638624666665,-0.18004816536941892,1.2660444116705132,0.25401521760420004,-0.5395859979381535,-0.9297369005268626,36.0359992980957,4.757999897003174,0.6480000019073486,2.4700000286102295,0.24133333563804626,0.45000001788139343,0.8103333711624146
1.8072360294298755,-0.0019722220204237816,-0.1800830694244558,1.2660792990807932,0.2530902018890746,-0.547178170863265,-0.9295972843067152,35.63999938964844,3.451500177383423,1.2960000038146973,2.0899999141693115,0.24133333563804626,0.45000001788139343,0.7480000257492065
1.80735826852391,0.0017627826058918136,-0.18011797347949263,1.2660792990807932,0.25270622399415565,-0.5554161270632072,-0.9294576680865678,35.555999755859375,1.9305000305175781,1.847999930381775,2.128000020980835,0.24133333563804626,0.40000003576278687,0.8103333711624146
1.8074454870496102,0.005637413725290658,-0.18013543382938946,1.2660792990807932,0.2526364158840819,-0.5664815281029728,-0.9292656541719732,36.51599884033203,1.6575000286102295,2.3519999980926514,2.4573330879211426,0.12066666781902313,0.30000001192092896,0.8726666569709778
1.8074978181650303,0.008028514704815538,-0.18011797347949263,1.2660618553756533,0.2522524379891629,-0.5756270230233866,-0.9290213091419584,36.62399673461914,2.067000150680542,2.2920000553131104,2.4066665172576904,-0.12066666781902313,0.10000000894069672,1.059666633605957
1.807567726143645,0.01050688206371635,-0.18020524193946316,1.2661316301962133,0.24935518503926574,-0.5890835099583662,-0.926717475061958,36.503997802734375,1.4235000610351562,2.9159998893737793,2.431999921798706,-0.060333333909511566,0.10000000894069672,1.059666633605957
1.807602613553925,0.012461650626212918,-0.1802401459945,1.2662887567005279,0.2456376451841105,-0.6013706694377193,-0.9232966446417512,36.14399719238281,1.3259999752044678,3.131999969482422,2.609333038330078,-0.30166664719581604,-0.10000000894069672,1.246666669845581
1.807602613553925,0.014538592744014171,-0.18025760634439686,1.2668123341708375,0.24008748431433086,-0.6140242798830673,-0.9177639274771117,37.28399658203125,1.9110000133514404,3.1440000534057617,3.0779998302459717,-0.30166664719581604,-0.20000001788139343,1.246666669845581
1.8075502824385048,0.01623156216838294,-0.18025760634439686,1.2679468407952112,0.2332458068291605,-0.6247056863831572,-0.9111316576774056,38.25599670410156,1.6770000457763672,2.7119998931884766,3.4579999446868896,-0.24133333563804626,-0.05000000447034836,1.1843334436416626
1.8076200572590648,0.017889624416822958,-0.18032741445447054,1.2700936149499242,0.223716300724314,-0.6319488187579001,-0.903330060422073,36.9119987487793,1.3065000772476196,2.927999973297119,2.811999797821045,-0.3619999885559082,-0.25,1.1843334436416626
1.807707275784765,0.019303340594950903,-0.1805019513744116,1.2723276076303371,0.21390754553441593,-0.636347029298166,-0.8959997095216298,36.14399719238281,1.9305000305175781,2.627999782562256,2.558666706085205,-0.1809999942779541,-0.20000001788139343,0.9350000619888306
1.8078295148787997,0.02076941909741793,-0.18093827702950746,1.2750328466656395,0.2033483115493335,-0.6384589160425989,-0.888564563232292,35.003997802734375,2.7105000019073486,1.9679999351501465,2.178666591644287,-0.30166664719581604,-0.10000000894069672,0.8103333711624146
1.8078644022890797,0.0218689758936736,-0.18195057784936022,1.2772319519357724,0.19580848638439885,-0.638895208408181,-0.8841837963971663,34.96799850463867,3.6465001106262207,0.9359999895095825,2.292666435241699,-0.060333333909511566,0.0,0.6233333349227905
1.8078295148787997,0.0230557990693052,-0.1838529903293015,1.27955329629994,0.19079939662433926,-0.6391395534381958,-0.8829446275419524,36.44399642944336,2.0864999294281006,2.123999834060669,2.2673332691192627,-0.24133333563804626,-0.05000000447034836,0.8103333711624146
1.8078469585839396,0.023928464943659127,-0.18633134468448606,1.281752401570073,0.18764035493928727,-0.6392093948377832,-0.8829446275419524,35.7239990234375,2.2815001010894775,2.19599986076355,2.571333169937134,-0.3619999885559082,0.0,0.8726666569709778
1.8078644022890797,0.024923301252425836,-0.18935077014939064,1.2842307392805008,0.18551104113447123,-0.6392442822480632,-0.8830319126466797,35.86799621582031,1.0920000076293945,2.7119998931884766,2.621999979019165,-0.1809999942779541,0.25,0.8103333711624146
1.8078295148787997,0.025237460634298114,-0.19217819834445735,1.286185499520619,0.18512707988430904,-0.6392617259532032,-0.8829969586573725,35.891998291015625,1.7160000801086426,2.2079999446868896,1.9759999513626099,-0.24133333563804626,0.20000001788139343,0.8103333711624146
1.8078818459942196,0.02530727498615562,-0.19486601031937661,1.2878610273204423,0.18498744701940484,-0.6393315673527905,-0.8829795149522325,35.447998046875,2.86650013923645,1.7999999523162842,2.0266666412353516,-0.12066666781902313,0.40000003576278687,0.8103333711624146
1.8078644022890797,0.025499259772425908,-0.19760617005447279,1.2895714425305458,0.18498744701940484,-0.6393664547630706,-0.8829620712470924,35.939998626708984,3.7634999752044678,1.1999999284744263,2.609333038330078,-0.12066666781902313,0.45000001788139343,0.8103333711624146
1.8078644022890797,0.02565634050365935,-0.20055578740930366,1.291229526625229,0.18498744701940484,-0.639453739867798,-0.8829446275419524,36.167999267578125,3.802500009536743,1.187999963760376,2.875333070755005,0.0,0.550000011920929,0.8103333711624146
1.8078644022890797,0.02604031215679453,-0.20252800799931867,1.292555914006143,0.18498744701940484,-0.639488627278078,-0.8829446275419524,36.33599853515625,3.1590001583099365,1.7399998903274536,2.799333095550537,0.0,0.6000000238418579,0.8103333711624146
1.8078295148787997,0.026284659267403903,-0.20502382270440003,1.2948423709600305,0.18498744701940484,-0.6395410249725253,-0.8829620712470924,36.64799880981445,2.26200008392334,2.111999988555908,3.0779998302459717,0.0,0.6000000238418579,0.8726666569709778
1.8078469585839396,0.026284659267403903,-0.20701350364431187,1.2974079271961583,0.18496998666950798,-0.6396456872033655,-0.8829446275419524,36.503997802734375,2.7690000534057617,1.4879999160766602,2.888000011444092,0.0,0.75,0.8726666569709778
1.8078120711736596,0.02624975105117785,-0.2088810120692163,1.3006192999966304,0.18496998666950798,-0.6397853700025401,-0.8829795149522325,37.42799758911133,3.4709999561309814,1.2719999551773071,3.1033332347869873,-0.060333333909511566,0.75,0.9973334074020386
1.8078469585839396,0.026214844915546397,-0.2103994466542386,1.304022686711697,0.18496998666950798,-0.6399249862226875,-0.8829795149522325,36.62399673461914,3.9780001640319824,1.1999999284744263,3.0146665573120117,0.0,0.8000000715255737,0.9973334074020386
1.8078295148787997,0.02630211129492233,-0.21176080466921668,1.3078798760765133,0.18496998666950798,-0.6399424299278275,-0.8829969586573725,36.99599838256836,2.8470001220703125,1.4519999027252197,2.925999879837036,0.060333333909511566,0.8500000238418579,0.9973334074020386
1.8078295148787997,0.02630211129492233,-0.21299999016918736,1.312417769415954,0.18496998666950798,-0.6399424299278275,-0.8829969586573725,37.07999801635742,2.554500102996826,1.4399999380111694,2.7613332271575928,0.0,0.75,0.9973334074020386
1.8078295148787997,0.026319565403035355,-0.2141693509143275,1.3176363667300186,0.18496998666950798,-0.6399249862226875,-0.8829969586573725,37.03199768066406,2.924999952316284,1.8959999084472656,2.799333095550537,0.0,0.699999988079071,0.9973334074020386
1.8078295148787997,0.026354471538666806,-0.21458823286428336,1.3215982183256751,0.18498744701940484,-0.6399249862226875,-0.8829795149522325,36.64799880981445,2.86650013923645,2.135999917984009,2.5206665992736816,0.0,0.6000000238418579,0.9350000619888306
1.8078818459942196,0.026424285890524316,-0.2147453094343276,1.3271832666057348,0.18528415645435328,-0.6399075425175474,-0.8829446275419524,35.30400085449219,2.320500135421753,1.8959999084472656,1.747999906539917,0.12066666781902313,0.5,0.8103333711624146
1.8078644022890797,0.02649409816178722,-0.21488494229923183,1.3315989208511407,0.1862091721694787,-0.6398725885282401,-0.8829446275419524,35.81999969482422,2.2230000495910645,2.0279998779296875,1.747999906539917,0.0,0.40000003576278687,0.8726666569709778
1.8078992896993598,0.026476644053674194,-0.2151467310343866,1.3366603916608908,0.18788469996930202,-0.6398725885282401,-0.8829271838368123,35.279998779296875,2.690999984741211,1.7879999876022339,1.9253332614898682,0.24133333563804626,0.3499999940395355,0.8103333711624146
1.8078992896993598,0.02649409816178722,-0.21554816927920242,1.3416695313552207,0.19154989206428039,-0.6397678597183728,-0.8829097401316723,35.26799774169922,2.26200008392334,2.6040000915527344,1.2286665439605713,0.30166664719581604,0.30000001192092896,0.6233333349227905
1.8079516208147797,0.026563910433050127,-0.21570524584924666,1.3460851856006266,0.19790287948942123,-0.6389476061026284,-0.882874786142365,33.75600051879883,2.1449999809265137,2.303999900817871,0.5699999928474426,0.060333333909511566,0.20000001788139343,0.6233333349227905
1.8080040850882544,0.026720991164283565,-0.21589722647432774,1.3502739385211577,0.20689133112930447,-0.6373244094182251,-0.8829097401316723,33.49199676513672,1.7940000295639038,2.1480000019073486,0.24066665768623352,0.12066666781902313,0.3499999940395355,0.37400001287460327
1.8080389724985344,0.026773351408028046,-0.21622883996431305,1.3532585431548096,0.21879447942422495,-0.6349682442228047,-0.8832587473925272,32.9640007019043,1.8330000638961792,2.19599986076355,-0.2786666750907898,0.060333333909511566,0.15000000596046448,0.18700000643730164
1.8080913036139545,0.026773351408028046,-0.2166477219142689,1.354934070954633,0.23034855387926328,-0.6330134839826865,-0.8840267364718788,32.711997985839844,1.9500000476837158,2.171999931335449,-1.000666618347168,0.422333300113678,0.30000001192092896,0.12466667592525482
1.8082134095499345,0.026755897299915017,-0.21776473489923218,1.3552307471000677,0.24939008909430257,-0.6314077310034233,-0.8877966407319677,32.663997650146484,2.2035000324249268,2.5920000076293945,0.24066665768623352,0.48266667127609253,0.30000001192092896,0.18700000643730164
1.8081785221396545,0.026808257543659498,-0.21860248215438705,1.3551608391214531,0.2672448198590617,-0.6302907346632168,-0.8926835413322631,33.263999938964844,1.871999979019165,2.819999933242798,0.5193333029747009,0.422333300113678,0.20000001788139343,0.24933335185050964
1.8082308532550746,0.026773351408028046,-0.21963222667937982,1.3547071696297581,0.28801424727885805,-0.629994058517782,-0.8982162584969028,32.447998046875,2.2815001010894775,1.9439998865127563,-0.44333332777023315,0.3619999885559082,0.5,0.0
1.8081087473190944,0.02686061778740398,-0.22046999057929148,1.354166015296254,0.30752702884878685,-0.6298544422976345,-0.9038013067769625,35.435997009277344,1.0920000076293945,2.303999900817871,-0.24066665768623352,-0.060333333909511566,0.30000001192092896,0.4363333284854889
1.8084577545799494,0.02679080343554647,-0.22136010223938005,1.3534504239113498,0.32777284550876,-0.6298020446031872,-0.9069080173465944,34.055999755859375,2.6130001544952393,1.7999999523162842,-0.6333332657814026,0.48266667127609253,0.40000003576278687,-0.12466667592525482
1.8094875989734829,0.02684316367929095,-0.22204078956924747,1.352158923940716,0.3477917608438584,-0.6297322697826272,-0.9086009222725305,33.779998779296875,1.9305000305175781,1.9199998378753662,-0.3166666328907013,0.422333300113678,0.25,-0.06233333796262741
1.8112503452990065,0.02684316367929095,-0.22268655619932126,1.3504659524357525,0.3711093673736698,-0.6297148260774872,-0.9098052037174643,36.14399719238281,2.554500102996826,1.5119999647140503,0.367333322763443,0.5429999828338623,0.5,-0.06233333796262741
1.8132051055391245,0.02684316367929095,-0.22354176380437296,1.3494187974951333,0.3858050231638633,-0.6296100972676199,-0.9098576014119116,35.795997619628906,2.378999948501587,2.447999954223633,-0.4686666429042816,0.0,0.25,0.12466667592525482
1.8162420412881966,0.02684316367929095,-0.2244318921092183,1.3479876147253247,0.4002563672135556,-0.6296624283830399,-0.9099099325273317,35.279998779296875,2.808000087738037,1.991999864578247,0.7093333005905151,0.3619999885559082,0.5,0.12466667592525482
1.8206402518284623,0.0268780698149224,-0.22563617355415214,1.3463993054512016,0.4137477415588153,-0.6296100972676199,-0.909979773926919,34.439998626708984,2.4765000343322754,2.4119999408721924,0.5573333501815796,0.30166664719581604,0.45000001788139343,0.12466667592525482
1.825352582219303,0.02700024441052439,-0.22684043835432915,1.3444794326213634,0.4260174240435147,-0.6295402558680325,-0.9100845027367864,34.007999420166016,1.7160000801086426,2.615999698638916,-0.5193333029747009,0.3619999885559082,0.3499999940395355,0.12466667592525482
1.830396609323913,0.027017696438042815,-0.22806218014915983,1.3425072286761053,0.43666390984381087,-0.6294879247526124,-0.9101717212624865,35.90399932861328,2.0280001163482666,2.24399995803833,-1.304666519165039,0.1809999942779541,0.15000000596046448,0.18700000643730164
1.8370113688394518,0.02703515054615584,-0.230418361989337,1.3390863982558985,0.4445702691985245,-0.6294879247526124,-0.9102590063672138,34.17599868774414,3.0810000896453857,1.847999930381775,-0.26600000262260437,0.6033332943916321,0.3499999940395355,0.18700000643730164
1.8444465151287897,0.027052602573674266,-0.23383920905430058,1.3340948354247628,0.4514992151436654,-0.6294180833530251,-0.9103986225873613,33.92399597167969,2.4765000343322754,2.6519997119903564,-0.05066666752099991,0.3619999885559082,0.10000000894069672,0.31166666746139526
1.8523353309098223,0.02722713533242613,-0.23771384212425686,1.328212977841214,0.4566654147632829,-0.6293482419534377,-0.9104160662925013,30.851999282836914,0.37049999833106995,3.2639997005462646,-1.8619999885559082,0.3619999885559082,0.0,0.12466667592525482
1.8599101599983348,0.027279495576170612,-0.24192008868419845,1.3214585355265005,0.45999899336827593,-0.6292260694384304,-0.9104160662925013,30.203998565673828,0.21450001001358032,2.675999879837036,-3.559333086013794,0.24133333563804626,-0.15000000596046448,0.12466667592525482
1.866996165868763,0.027174777169276253,-0.2472782522841402,1.312435213121094,0.46146506354836453,-0.6291737383230104,-0.9104510202818086,30.779998779296875,2.515500068664551,2.3399999141693115,-1.9633333683013916,0.5429999828338623,0.05000000447034836,0.12466667592525482
1.8750769955643904,0.027209683304907705,-0.2537883329240821,1.3003226238511956,0.4620933698285415,-0.6290864532182829,-0.9104510202818086,32.615997314453125,1.7940000295639038,3.227999687194824,-0.9373332858085632,0.422333300113678,0.05000000447034836,0.06233333796262741
1.8830531630291778,0.027296949684283638,-0.25989697531920813,1.2888732948507815,0.46214573423347516,-0.6290166783977229,-0.9104335765766686,32.49599838256836,0.23399999737739563,3.251999855041504,-2.0773332118988037,0.422333300113678,-0.05000000447034836,-0.06233333796262741
1.892128949708059,0.02734930992802812,-0.267192455454128,1.2737063261266712,0.46226790674848256,-0.6289293932929956,-0.9104160662925013,32.24399948120117,-0.39000001549720764,3.69599986076355,-2.888000011444092,0.422333300113678,-0.20000001788139343,-0.06233333796262741
1.9018678634983697,0.027296949684283638,-0.27478464502399635,1.256794187940232,0.46240752296862997,-0.6288945058827156,-0.9103811788822213,31.055999755859375,0.6825000047683716,3.623999834060669,-1.3806666135787964,0.6033332943916321,-0.15000000596046448,-0.24933335185050964
1.9103676084334664,0.027279495576170612,-0.28131216936907827,1.241068754335532,0.4624948080733573,-0.6288072207779882,-0.9102764500723538,27.923999786376953,0.721500039100647,3.0239999294281006,-2.925999879837036,0.48266667127609253,-0.25,-0.4986667037010193
1.9211362334592563,0.027296949684283638,-0.28900907110405716,1.2201247234167674,0.46252969548363737,-0.6286850482629808,-0.9100845027367864,30.083999633789062,0.17550000548362732,3.815999746322632,-2.7739999294281006,0.6033332943916321,-0.30000001192092896,-0.4363333284854889
1.9300200062235426,0.027419122199291025,-0.2955540557990359,1.2032125852303281,0.46258205988857104,-0.6284930343483861,-0.9095608586874495,31.99199867248535,-1.7160000801086426,4.703999996185303,-2.3939998149871826,0.6033332943916321,-0.45000001788139343,-0.6856666803359985
1.9389735538083892,0.027419122199291025,-0.3016801585440588,1.1869635741553188,0.4626169805883647,-0.628126516803364,-0.9086707636721179,31.259998321533203,-0.5070000290870667,3.8879997730255127,-2.938666582107544,0.6033332943916321,-0.5,-0.6856666803359985
1.9492534887741495,0.0274016701717726,-0.3082775076439712,1.1708715564265695,0.46266934499329837,-0.62685246053787,-0.9066287183272723,30.959999084472656,0.07800000160932541,4.091999530792236,-2.317999839782715,0.6033332943916321,-0.6000000238418579,-0.6856666803359985
1.9586782827138853,0.0274016701717726,-0.314194186058773,1.1561060592367887,0.46272167610871845,-0.624356612543275,-0.9050230319270363,31.259998321533203,0.15600000321865082,4.727999687194824,-1.5579999685287476,0.6033332943916321,-0.6500000357627869,-0.5609999895095825
1.9678238442133265,0.02748893655114853,-0.32004102307398746,1.1416722587607773,0.4627740405136521,-0.6203423632531713,-0.9026668667316159,28.799999237060547,-0.9750000238418579,4.259999752044678,-1.9759999513626099,0.6033332943916321,-0.3499999940395355,-0.6856666803359985
1.9785226944185563,0.027419122199291025,-0.32709214153413574,1.1284949376870652,0.46279151750830577,-0.6081599991627129,-0.9010785574574927,30.623998641967773,0.15600000321865082,4.235999584197998,-1.899999976158142,0.6033332943916321,-0.30000001192092896,-0.4363333284854889
1.987162122152828,0.027454028334922477,-0.3325899379989817,1.1184942351615996,0.4628438486237258,-0.595558719832785,-0.8999965151065935,31.812000274658203,-0.6240000128746033,4.931999683380127,-0.9246666431427002,0.422333300113678,-0.40000003576278687,0.0
1.9957839730239049,0.027471482443035503,-0.3382447943891151,1.1079873988709645,0.4629485774335932,-0.5817357153527831,-0.8993681422473893,30.444000244140625,-0.6240000128746033,4.055999755859375,-0.3166666328907013,0.3619999885559082,-0.30000001192092896,0.24933335185050964
2.0036030139843777,0.02754129471429841,-0.3433237089040052,1.099662157566295,0.46314055805867427,-0.5683315595332236,-0.8992285260272419,27.947998046875,-1.852500081062317,4.631999969482422,-0.8739999532699585,0.24133333563804626,-0.6000000238418579,0.4363333284854889
2.0106542656025805,0.02754129471429841,-0.348437544118689,1.091459088776633,0.4646066615282765,-0.5559571815281704,-0.8992459697323819,30.167999267578125,-1.9500000476837158,5.279999732971191,-0.734666645526886,0.30166664719581604,-0.75,0.5609999895095825
2.0163265324083404,0.027558748822411435,-0.35250415781372635,1.0842334666860571,0.4670326681232842,-0.545432834953368,-0.8992809237216892,30.28799819946289,-2.067000150680542,5.291999816894531,-1.5199999809265137,0.060333333909511566,-0.8500000238418579,0.6856666803359985
2.0220687071927146,0.027523842686779983,-0.3561693332639479,1.076623816766292,0.4697902715635204,-0.5363571481430278,-0.8992983674268292,30.119998931884766,-1.3259999752044678,4.547999858856201,-0.43066665530204773,0.1809999942779541,-0.6500000357627869,0.6233333349227905
2.0263621223440857,0.027576202930524464,-0.3591363943239188,1.0683509731560699,0.47300167765350604,-0.5303008535080787,-0.8993158111319692,29.531997680664062,-2.7885000705718994,5.627999782562256,-0.7599999904632568,-0.12066666781902313,-0.9000000357627869,0.8726666569709778
2.0299749666788873,0.027663469309900397,-0.36151003651399277,1.0602002354818278,0.47666688639324123,-0.5289045914380637,-0.8992809237216892,28.343997955322266,-3.6075000762939453,5.315999984741211,-1.0766667127609253,0.0,-0.699999988079071,0.6233333349227905
2.0326453183039095,0.027558748822411435,-0.3633601012337572,1.0507755081211192,0.48090803700821966,-0.5287998626281963,-0.8992983674268292,27.983997344970703,-1.7160000801086426,4.3919997215271,-1.2413333654403687,-0.060333333909511566,-0.75,0.6233333349227905
2.0348095361637624,0.027471482443035503,-0.36491345651857315,1.0395006161721052,0.4854284200634929,-0.5291140157682849,-0.8993158111319692,32.339996337890625,0.13650000095367432,4.0199995040893555,0.8359999656677246,0.0,-0.6000000238418579,0.7480000257492065
2.0356124792324213,0.027454028334922477,-0.3656813790188975,1.0342123106165075,0.4877846185484269,-0.5290442076582111,-0.8993158111319692,34.45199966430664,-1.0724999904632568,5.939999580383301,1.6973333358764648,0.0,-0.6500000357627869,0.7480000257492065
2.0366421904679006,0.027611109066155916,-0.36576866412362485,1.0257823405019708,0.4924620948185012,-0.5293409170931596,-0.8992110823221019,30.431997299194336,-3.451500177383423,5.399999618530273,-0.8486666679382324,-0.1809999942779541,-0.9500000476837158,0.6856666803359985
2.0372704301690505,0.027576202930524464,-0.3657861078287649,1.0199006160764763,0.49612730355823637,-0.5306324503533072,-0.8991412409225146,32.06399917602539,-2.6519999504089355,5.507999897003174,0.4559999704360962,-0.060333333909511566,-0.9000000357627869,0.8103333711624146
2.0379336904385346,0.02748893655114853,-0.3657162997186912,1.0127098148171534,0.5017472392485761,-0.5327966682131601,-0.8987922336616596,30.17999839782715,-1.2675000429153442,4.835999488830566,-0.722000002861023,-0.12066666781902313,-1.100000023841858,0.5609999895095825
2.0381605917634094,0.02738421606365957,-0.3656813790188975,1.005658696357005,0.50799554779812,-0.5360080743031457,-0.8984082058324703,31.163999557495117,-0.5264999866485596,4.572000026702881,0.44333332777023315,-0.1809999942779541,-1.2000000476837158,0.5609999895095825
2.038055929532569,0.027523842686779983,-0.36576866412362485,1.0002132642970927,0.5136154834884598,-0.5411567969281095,-0.8984431598217775,33.47999954223633,-2.9055001735687256,5.87999963760376,0.8486666679382324,-0.060333333909511566,-1.25,0.5609999895095825
2.0381082606479892,0.027558748822411435,-0.36576866412362485,0.9950121772671953,0.51984631504335,-0.5481206635730441,-0.8984431598217775,31.847999572753906,-3.256500005722046,5.759999752044678,0.10133333504199982,-0.12066666781902313,-1.5,0.7480000257492065
2.0380908169428493,0.027558748822411435,-0.36576866412362485,0.990491794211922,0.525518648428137,-0.5571789066782442,-0.8984431598217775,32.447998046875,-3.3345000743865967,5.939999580383301,0.21533332765102386,-0.12066666781902313,-1.6500000953674316,0.5609999895095825
2.0381431480582695,0.027558748822411435,-0.36576866412362485,0.9873851502213173,0.5295154540131006,-0.5659928380429432,-0.8984257161166375,31.079998016357422,-3.0225000381469727,5.627999782562256,-0.12666666507720947,0.24133333563804626,-1.5,0.5609999895095825
2.038125704353129,0.02748893655114853,-0.36576866412362485,0.9845751157971202,0.5335471470083444,-0.5746845303136076,-0.8984257161166375,31.895998001098633,-2.3010001182556152,5.687999725341797,-0.367333322763443,0.12066666036844254,-1.7000000476837158,0.5609999895095825
2.038125704353129,0.02759365495804289,-0.3658035515339049,0.9826552429672821,0.5366713012831164,-0.5831843418277317,-0.8984257161166375,31.847999572753906,-4.250999927520752,6.299999713897705,-0.5699999928474426,0.0,-1.7500001192092896,0.6233333349227905
2.0381082606479892,0.027663469309900397,-0.3658384722336986,0.9810670002721861,0.5385388097080207,-0.5916840867628287,-0.8984257161166375,31.691997528076172,-5.187000274658203,6.527999401092529,-0.5066666603088379,0.060333333909511566,-1.850000023841858,0.5609999895095825
2.0381431480582695,0.02769837544553185,-0.3658559159388386,0.9797231026071049,0.5391845596933377,-0.5984035750882348,-0.8984431598217775,31.367998123168945,-5.031000137329102,6.5879998207092285,-0.6713333129882812,0.12066666781902313,-1.8000000715255737,0.6233333349227905
2.0381431480582695,0.027628561093674342,-0.3658384722336986,0.9786409936771784,0.5393940173130725,-0.6010041518926972,-0.8984431598217775,31.211997985839844,-3.6075000762939453,6.251999855041504,-0.3166666328907013,0.0,-1.850000023841858,0.5609999895095825
2.0381082606479892,0.027646015201787368,-0.3658384722336986,0.9782570324270162,0.5393940173130725,-0.601929134318309,-0.8984431598217775,31.65599822998047,-4.172999858856201,6.4679999351501465,-0.734666645526886,-0.060333333909511566,-1.850000023841858,0.5609999895095825
2.0381605917634094,0.02769837544553185,-0.3658559159388386,0.9777683423669867,0.5393940173130725,-0.6021734793483238,-0.8984431598217775,30.527997970581055,-5.303999900817871,6.575999736785889,-1.0893332958221436,-0.060333333909511566,-1.9000000953674316,0.37400001287460327
2.0381082606479892,0.027715829553644877,-0.3658733596439786,0.9774542225164119,0.5393940173130725,-0.6024352680834785,-0.8984780472320576,31.079998016357422,-5.303999900817871,6.6479997634887695,-0.7853332757949829,-0.060333333909511566,-1.9000000953674316,0.5609999895095825
2.038055929532569,0.027646015201787368,-0.3658559159388386,0.9774192685271046,0.5393940173130725,-0.6026098382929332,-0.8985478886316449,30.444000244140625,-4.172999858856201,6.227999687194824,-0.9879999756813049,-0.060333333909511566,-1.850000023841858,0.4363333284854889
2.0378988030282543,0.027628561093674342,-0.3658384722336986,0.9773669374116846,0.5393940173130725,-0.6028017856285007,-0.8987049485569323,30.647998809814453,-3.9780001640319824,6.167999744415283,-0.9373332858085632,0.060333333909511566,-1.850000023841858,0.4363333284854889
2.0377242328187997,0.027663469309900397,-0.3658559159388386,0.9773320500014044,0.5393940173130725,-0.6028890707332281,-0.8989318498818071,30.167999267578125,-4.738500118255615,6.299999713897705,-1.2413333654403687,-0.060333333909511566,-1.850000023841858,0.37400001287460327
2.037497331493925,0.027663469309900397,-0.3658384722336986,0.9772622086018171,0.5393940173130725,-0.6029589121328154,-0.8991237972173746,29.063997268676758,-4.777500152587891,6.2039995193481445,-1.3806666135787964,0.060333333909511566,-1.8000000715255737,0.37400001287460327
2.0368690917927754,0.027646015201787368,-0.3658384722336986,0.9772098774863971,0.5393940173130725,-0.6030112432482354,-0.8991237972173746,28.475997924804688,-4.4654998779296875,5.9639997482299805,-1.6339999437332153,0.0,-1.7000000476837158,0.31166666746139526
2.0357869162838216,0.027611109066155916,-0.3658384722336986,0.9771923672022298,0.5393940173130725,-0.6030461306585154,-0.8991237972173746,29.868000030517578,-4.172999858856201,6.011999607086182,-1.2413333654403687,-0.060333333909511566,-1.7500001192092896,0.24933335185050964
2.034617522249168,0.027558748822411435,-0.36582099523904493,0.9771225923816698,0.5393940173130725,-0.6031159720581027,-0.8991237972173746,27.38399887084961,-3.7634999752044678,5.5199995040893555,-1.6846665143966675,0.0,-1.7000000476837158,0.24933335185050964
2.0333434659836738,0.027576202930524464,-0.36582099523904493,0.9770701946872224,0.5393940173130725,-0.6031508594683828,-0.8993158111319692,30.203998565673828,-4.563000202178955,6.227999687194824,-0.8739999532699585,0.060333333909511566,-1.7000000476837158,0.24933335185050964
2.031214135534101,0.027576202930524464,-0.3658035515339049,0.9770701946872224,0.5393940173130725,-0.6031858134576901,-0.9012356839618073,27.731998443603516,-4.680000305175781,5.5320000648498535,-2.2799999713897705,0.060333333909511566,-1.7000000476837158,-0.12466667592525482
2.028997586558828,0.02754129471429841,-0.3658035515339049,0.9770004198666624,0.5393940173130725,-0.6032730319833902,-0.9045692292772868,29.08799934387207,-3.8415000438690186,5.5320000648498535,-1.2919999361038208,0.12066666781902313,-1.7000000476837158,0.06233333796262741
2.0264669177329804,0.027454028334922477,-0.36582099523904493,0.976913134761935,0.5393765403184189,-0.6033777607932576,-0.9104510202818086,31.391998291015625,-3.5880000591278076,5.9639997482299805,-0.03799999877810478,0.12066666781902313,-1.6000001430511475,0.18700000643730164
2.0246865945442623,0.027454028334922477,-0.3658384722336986,0.976843359941375,0.5393940173130725,-0.6034476021928449,-0.9161058433824283,30.947999954223633,-3.99750018119812,6.251999855041504,0.08866666257381439,0.060333333909511566,-1.6500000953674316,0.4986667037010193
2.022557397252744,0.02748893655114853,-0.3658384722336986,0.9768084059520676,0.5393940173130725,-0.603517377013405,-0.9233315320520313,31.391998291015625,-4.4654998779296875,6.503999710083008,0.34199997782707214,0.060333333909511566,-1.5500000715255737,0.6856666803359985
2.020689855538326,0.02743657630740405,-0.36582099523904493,0.9767909622469276,0.5393940173130725,-0.6036046621181324,-0.928916580332091,31.091999053955078,-3.9780001640319824,5.987999439239502,0.025333333760499954,0.12066666781902313,-1.5,0.5609999895095825
2.0184907502681932,0.027366761955546545,-0.3658035515339049,0.9767735185417876,0.5393940173130725,-0.6037442783382797,-0.9339606074367011,31.775999069213867,-3.3345000743865967,5.711999893188477,0.3293333351612091,0.0,-1.4500000476837158,0.8726666569709778
2.0167454476478097,0.027331855819915093,-0.36582099523904493,0.9767211874263676,0.5393940173130725,-0.603866450853287,-0.9350776037769075,33.31199645996094,-3.3345000743865967,6.047999858856201,0.7979999780654907,0.0,-1.4500000476837158,0.6856666803359985
2.015261933762581,0.027314403792396667,-0.3658384722336986,0.9766513460267803,0.5393940173130725,-0.6039537359580145,-0.935234663702195,34.163997650146484,-3.8415000438690186,6.419999599456787,1.2919999361038208,0.060333333909511566,-1.4500000476837158,1.121999979019165
2.0139354132236127,0.027262043548652186,-0.3658384722336986,0.9766862334370603,0.5393940173130725,-0.6040060670734345,-0.9344667412018706,32.375999450683594,-4.231500148773193,6.144000053405762,0.5193333029747009,0.060333333909511566,-1.399999976158142,0.8726666569709778
2.012853370872713,0.0271398689530502,-0.3658384722336986,0.9766513460267803,0.5393940173130725,-0.6040759084730218,-0.9342049524667159,30.851999282836914,-4.134000301361084,6.239999771118164,0.5446666479110718,0.0,-1.5,0.9973334074020386
2.011561737744025,0.02686061778740398,-0.3657861078287649,0.9766862334370603,0.5394114610182125,-0.6041457498726092,-0.9341699984774086,30.743999481201172,-4.504499912261963,6.227999687194824,0.367333322763443,0.0,-1.4500000476837158,0.7480000257492065
2.0095372026833465,0.02604031215679453,-0.3658035515339049,0.9766862334370603,0.5394114610182125,-0.6041631935777492,-0.9341699984774086,29.927997589111328,-6.084000110626221,6.095999717712402,-0.6713333129882812,0.0,-1.5500000715255737,0.6856666803359985
2.007180970908899,0.02485348898116293,-0.3658384722336986,0.9765640609220528,0.5394114610182125,-0.6041631935777492,-0.9343445686868632,32.375999450683594,-5.791500091552734,6.539999961853027,0.1393333375453949,-0.060333333909511566,-1.5,0.9350000619888306
2.0046328583779114,0.022968532689929266,-0.3658384722336986,0.976249941071478,0.5394289047233525,-0.6041806372828892,-0.9343794560971432,33.31199645996094,-4.680000305175781,6.743999481201172,1.0893332958221436,-0.060333333909511566,-1.5500000715255737,1.059666633605957
2.002084612688869,0.020909043639943743,-0.3658384722336986,0.9756565222015812,0.5394114610182125,-0.6042504121034493,-0.9344143435074233,33.09599685668945,-3.373500108718872,6.515999794006348,1.2919999361038208,0.0,-1.5,1.121999979019165
1.9997459577776158,0.019006635321191654,-0.3658035515339049,0.9748536457119495,0.5394289047233525,-0.6042504121034493,-0.9343968998022832,31.895998001098633,-3.2955000400543213,6.239999771118164,0.734666645526886,0.060333333909511566,-1.5,1.059666633605957
1.9971628246782935,0.017208946449631224,-0.36582099523904493,0.9740507692223178,0.5394289047233525,-0.6042853660927565,-0.9343794560971432,31.943998336791992,-4.4070000648498535,6.323999881744385,0.24066665768623352,-0.060333333909511566,-1.4500000476837158,1.059666633605957
1.9940561141086615,0.014905111329333627,-0.3658035515339049,0.972829044072244,0.5394289047233525,-0.6043202535030366,-0.9343968998022832,33.23999786376953,-3.2174999713897705,6.191999912261963,1.5453333854675293,0.0,-1.350000023841858,1.121999979019165
1.9911065300433444,0.012880529455276853,-0.3658035515339049,0.9719913467513596,0.5394114610182125,-0.604442426018044,-0.9344143435074233,33.683998107910156,-3.003000020980835,6.167999744415283,1.469333291053772,-0.060333333909511566,-1.350000023841858,1.1843334436416626
1.9877729181488375,0.010890854757148833,-0.3658035515339049,0.9710488540415806,0.5394289047233525,-0.6045994859433315,-0.9344492974967306,35.65199661254883,-1.9110000133514404,6.131999492645264,2.811999797821045,0.060333333909511566,-1.100000023841858,1.246666669845581
1.984072855288336,0.008744099327787374,-0.3658035515339049,0.970595051391831,0.5394289047233525,-0.6047566124476461,-0.9344667412018706,35.39999771118164,-2.067000150680542,5.9639997482299805,2.609333038330078,0.12066666781902313,-1.0,1.246666669845581
1.9809312573084241,0.006597344418574565,-0.3657861078287649,0.9704728788768237,0.5394289047233525,-0.6048962286677935,-0.9344492974967306,36.20399856567383,-0.9750000238418579,5.711999893188477,3.128666639328003,0.12066666781902313,-0.8000000715255737,1.371333360671997
1.9780165606533868,0.004869468858574343,-0.36576866412362485,0.9704030374772363,0.5394289047233525,-0.6050009574776608,-0.9343620123920032,37.679996490478516,-1.1894999742507935,5.8919997215271,3.445333242416382,0.060333333909511566,-0.75,1.496000051498413
1.9756254414686591,0.0032986722092872827,-0.36575118712897126,0.9704030374772363,0.5394289047233525,-0.605105619708501,-0.9329308296221946,37.1879997253418,-0.48750001192092896,5.279999732971191,3.3566665649414062,0.12066666781902313,-0.6000000238418579,1.309000015258789
1.9735834627028408,0.0017453292780017621,-0.3657337434238312,0.9703855937720963,0.5394289047233525,-0.6052453025076756,-0.9293005415822532,37.211997985839844,-0.46799999475479126,5.184000015258789,3.5719997882843018,0.12066666781902313,-0.3499999940395355,1.121999979019165
1.971820583219263,0.00033161254721587527,-0.3657337434238312,0.9704205477614036,0.5394289047233525,-0.6053150773282358,-0.924169295951943,37.87199783325195,-0.019500000402331352,5.460000038146973,4.01533317565918,0.1809999942779541,-0.30000001192092896,1.246666669845581
1.970598858069189,-0.0008726646390008811,-0.3657162997186912,0.9704554351716836,0.5394114610182125,-0.6054023624329631,-0.917903543697259,35.663997650146484,0.21450001001358032,4.907999515533447,3.242666721343994,0.12066666781902313,-0.30000001192092896,1.309000015258789
1.9700752805988795,-0.001797689131634754,-0.3657162997186912,0.9703855937720963,0.5394114610182125,-0.6054896475376904,-0.9094561964566095,39.0,1.13100004196167,5.1479997634887695,4.610666751861572,0.1809999942779541,-0.15000000596046448,1.371333360671997
1.9700752805988795,-0.0027576203450673112,-0.3656813790188975,0.9704903225819637,0.5394114610182125,-0.6055245349479704,-0.8987398359672123,34.91999816894531,0.7409999966621399,4.296000003814697,2.925999879837036,0.1809999942779541,-0.15000000596046448,0.9973334074020386
1.9700578368937396,-0.0034033919165532664,-0.3656813790188975,0.9704903225819637,0.5394114610182125,-0.6055245349479704,-0.8869414331269161,35.77199935913086,-0.8580000400543213,4.8480000495910645,2.824666738510132,0.1809999942779541,-0.25,1.121999979019165
1.9701450554194395,-0.0038920843172517336,-0.36569882272403753,0.9705252099922437,0.5394289047233525,-0.6055245349479704,-0.8793841143225709,33.599998474121094,-0.6825000047683716,4.703999996185303,2.0393333435058594,0.24133333563804626,-0.3499999940395355,1.059666633605957
1.9700752805988795,-0.004537855888737689,-0.3656639353137575,0.9704903225819637,0.5394114610182125,-0.6055594223582504,-0.8706924220519066,35.83199691772461,0.7800000309944153,4.584000110626221,3.2806665897369385,0.24133333563804626,-0.20000001788139343,1.059666633605957
1.9699880620731793,-0.004886921926390069,-0.36569882272403753,0.9704554351716836,0.5394289047233525,-0.6055594223582504,-0.8626813671768392,37.13999557495117,0.39000001549720764,5.015999794006348,3.749333143234253,0.1809999942779541,-0.20000001788139343,1.309000015258789
1.9700229494834594,-0.005044001617326207,-0.3656813790188975,0.9704903225819637,0.5394289047233525,-0.6055943763475578,-0.8557523546526711,35.62799835205078,0.11699999868869781,4.6439995765686035,3.3313331604003906,0.24133333563804626,-0.20000001788139343,1.246666669845581
1.9700229494834594,-0.00507890827310631,-0.3657162997186912,0.9704903225819637,0.5394289047233525,-0.6055594223582504,-0.8486140176668227,35.795997619628906,-1.2675000429153442,5.208000183105469,2.9513330459594727,0.12066666781902313,-0.30000001192092896,1.246666669845581
1.9700229494834594,-0.005148721064517866,-0.36569882272403753,0.9705077662871037,0.5394289047233525,-0.6055594223582504,-0.8419293501726693,35.53199768066406,-0.5460000038146973,5.0279998779296875,3.0146665573120117,0.1809999942779541,-0.30000001192092896,1.246666669845581
1.9699880620731793,-0.005270894099673902,-0.3656813790188975,0.9704903225819637,0.5394289047233525,-0.6055419786531104,-0.8365188721020643,36.69599914550781,-0.07800000160932541,4.9679999351501465,3.559333086013794,0.12066666781902313,-0.25,1.371333360671997
1.9699880620731793,-0.005305800755454004,-0.3657162997186912,0.9704728788768237,0.5394289047233525,-0.6052627462128156,-0.8303578486572477,36.839996337890625,-0.35100001096725464,5.231999397277832,3.673333168029785,0.12066666781902313,-0.20000001788139343,1.309000015258789
1.9699880620731793,-0.005270894099673902,-0.36569882272403753,0.9704903225819637,0.5394463817180062,-0.6048787849626535,-0.8259072404225346,36.29999923706055,-0.8580000400543213,5.099999904632568,3.445333242416382,0.12066666781902313,-0.20000001788139343,1.5583332777023315
1.9699880620731793,-0.005270894099673902,-0.3657162997186912,0.9704903225819637,0.5394463817180062,-0.6039711796631545,-0.8199556745974528,36.227996826171875,-1.13100004196167,5.5320000648498535,3.381999969482422,0.0,-0.25,1.5583332777023315
1.9699706183680394,-0.005410520722794313,-0.36569882272403753,0.9704903225819637,0.5394463817180062,-0.6028017856285007,-0.8135328624174814,37.055999755859375,-1.3259999752044678,5.0879998207092285,3.4706666469573975,0.060333333909511566,-0.20000001788139343,1.496000051498413
1.9699531746628993,-0.005707226516702214,-0.3657337434238312,0.9704554351716836,0.5394638254231462,-0.601318271743272,-0.8079129267271417,37.33199691772461,-0.9359999895095825,5.699999809265137,3.8506665229797363,0.0,-0.25,1.683000087738037
1.9699357309577594,-0.00617846558951063,-0.3657337434238312,0.9704728788768237,0.5394638254231462,-0.5997125853430361,-0.8020660897119273,36.935997009277344,-2.86650013923645,5.819999694824219,3.5339999198913574,0.0,-0.30000001192092896,1.7453333139419556
1.969918154094565,-0.0072605698380992225,-0.36576866412362485,0.9704903225819637,0.5394638254231462,-0.5992064515778665,-0.7978598265072289,36.85199737548828,-3.9585001468658447,6.347999572753906,3.4073331356048584,0.0,-0.40000003576278687,1.7453333139419556
1.969918154094565,-0.008988445398099445,-0.36576866412362485,0.9704903225819637,0.5394812691282862,-0.5986828075285296,-0.7942993132878474,36.779998779296875,-3.2760000228881836,6.360000133514404,3.5213332176208496,-0.060333333909511566,-0.550000011920929,1.9323333501815796
1.9697960481585848,-0.011693706279645253,-0.36576866412362485,0.9704728788768237,0.5394987128334262,-0.5979148850282052,-0.7909308805620879,37.60799789428711,-2.2815001010894775,6.155999660491943,3.9139997959136963,-0.12066666781902313,-0.5,1.9323333501815796
1.9696563653594101,-0.014102260847134509,-0.3657337434238312,0.9704554351716836,0.5394987128334262,-0.5971992936433009,-0.7885397613773603,38.172000885009766,-2.2035000324249268,5.447999477386475,3.8886666297912598,0.12066666781902313,-0.30000001192092896,1.620666742324829
1.96953425942343,-0.017208946449631224,-0.3657861078287649,0.9704903225819637,0.5395510772383598,-0.5949129032684407,-0.7882081312426181,37.115997314453125,-3.6075000762939453,6.611999988555908,3.305999994277954,-0.060333333909511566,-0.699999988079071,1.8700001239776611
1.9691851190045204,-0.020943951856169794,-0.36576866412362485,0.970542720276411,0.5396034416432935,-0.5915095165533739,-0.7882255749477581,36.047996520996094,-3.373500108718872,6.684000015258789,3.5213332176208496,-0.060333333909511566,-0.75,1.7453333139419556
1.9685394355982309,-0.025272366769929566,-0.3657861078287649,0.9706997802016984,0.5396208853484336,-0.5869192920985133,-0.7882954163473455,37.83599853515625,-2.7300000190734863,6.684000015258789,4.167333126068115,0.0,-0.8000000715255737,1.8700001239776611
1.9679809707176412,-0.029600783764283937,-0.3657337434238312,0.9708742838321258,0.5396208853484336,-0.5819276626883506,-0.7882430186528981,37.13999557495117,-1.1115000247955322,5.84399938583374,4.63599967956543,0.060333333909511566,-0.40000003576278687,1.7453333139419556
1.966759112409513,-0.03467969203739025,-0.3657337434238312,0.9718691076573249,0.5396383623430873,-0.5730090690928115,-0.7881906875374781,35.231998443603516,-1.0529999732971191,5.5199995040893555,3.3566665649414062,0.060333333909511566,-0.75,1.683000087738037
1.965136048883164,-0.03940953271239823,-0.36576866412362485,0.9735271917520083,0.5396383623430873,-0.5639507926980978,-0.7882255749477581,37.115997314453125,-1.7745000123977661,6.275999546051025,4.040666580200195,0.060333333909511566,-0.8500000238418579,1.683000087738037
1.9630764932541513,-0.04469788404107706,-0.3657162997186912,0.975918310936736,0.5396732497533673,-0.5524316222980963,-0.7881558001271981,36.0839958190918,-0.13650000095367432,5.483999729156494,4.205333232879639,0.1809999942779541,-0.699999988079071,1.620666742324829
1.9605109370180234,-0.04946263293231109,-0.36569882272403753,0.9785886625617584,0.5397256141583009,-0.541505837478478,-0.7881383564220581,35.47199630737305,0.6629999876022339,4.992000102996826,4.521999835968018,0.30166664719581604,-0.6500000357627869,1.620666742324829
1.9568107409994673,-0.05436700636607093,-0.3656813790188975,0.9827774154822895,0.5405982987580062,-0.5308419079730419,-0.7880685150224708,35.891998291015625,0.33149999380111694,5.015999794006348,4.154666423797607,0.30166664719581604,-0.550000011920929,1.496000051498413
1.952499882142956,-0.05941100850354579,-0.3656813790188975,0.9882752452366491,0.5424134094884634,-0.5207015226484016,-0.7879812299177434,33.43199920654297,0.07800000160932541,4.8480000495910645,3.2173330783843994,0.3619999885559082,-0.40000003576278687,1.371333360671997
1.947508186153766,-0.06400122463602796,-0.3657162997186912,0.9943140961664583,0.5445776273483163,-0.5130569853183564,-0.7879637862126034,36.69599914550781,-0.5460000038146973,5.663999557495117,3.989999771118164,0.30166664719581604,-0.3499999940395355,1.433666706085205
1.942429271638876,-0.06869616125599909,-0.3656813790188975,1.0011906444171519,0.5476144965183609,-0.5068785181683999,-0.7879986736228834,36.10799789428711,0.6044999957084656,5.231999397277832,4.75,0.060333333909511566,-0.550000011920929,1.5583332777023315
1.9355701670933223,-0.07386233174729212,-0.3656464916086175,1.0110866847117772,0.5515240502881109,-0.5057789655333335,-0.7879114550971833,34.619998931884766,0.6825000047683716,4.691999435424805,3.812666654586792,0.3619999885559082,-0.25,1.246666669845581
1.927681218154235,-0.07922049534723387,-0.3656813790188975,1.0221870064513365,0.5564982359931336,-0.505674236723466,-0.7879463425074633,37.04399871826172,0.11699999868869781,5.543999671936035,4.230666637420654,0.1809999942779541,-0.40000003576278687,1.433666706085205
1.9203508672537921,-0.08489281208726407,-0.3656813790188975,1.0340028529967729,0.5608964798229131,-0.5059011380483408,-0.7879637862126034,37.03199768066406,0.8970000147819519,5.184000015258789,4.331999778747559,0.24133333563804626,-0.3499999940395355,1.5583332777023315
1.9135964249390787,-0.08972737324976102,-0.3656464916086175,1.0446144846763026,0.564648940377862,-0.5057789655333335,-0.7879463425074633,36.0359992980957,1.287000060081482,5.315999984741211,5.053999900817871,0.12066666781902313,-0.30000001192092896,1.5583332777023315
1.904852334973967,-0.0951204409047396,-0.3656464916086175,1.0590657954364813,0.5673890668234445,-0.5058138862331271,-0.7879637862126034,38.68799591064453,0.6044999957084656,5.687999725341797,4.534666538238525,0.060333333909511566,-0.20000001788139343,1.5583332777023315
1.897242751633229,-0.10026916352970341,-0.3656639353137575,1.07348221878638,0.5686980770782457,-0.5059011380483408,-0.7879986736228834,36.61199951171875,0.7605000138282776,5.208000183105469,3.5213332176208496,0.12066666781902313,-0.30000001192092896,1.620666742324829
1.888184408659488,-0.10606366110711941,-0.3656464916086175,1.0894519974210948,0.56944855587343,-0.5062327348935692,-0.7880161839070506,38.59199905395508,0.9359999895095825,5.507999897003174,5.003333568572998,0.1809999942779541,-0.15000000596046448,1.620666742324829
1.8800163604381606,-0.11124728778712008,-0.3656813790188975,1.1046886743867377,0.5695707283884375,-0.5074195726333631,-0.7882255749477581,36.53999710083008,0.7605000138282776,5.687999725341797,5.345333576202393,0.060333333909511566,-0.30000001192092896,1.7453333139419556
1.8706264539087045,-0.11707668941957293,-0.3656464916086175,1.1227877834710254,0.5696056823777448,-0.5109800525632309,-0.7891331802472572,36.875999450683594,1.4235000610351562,5.411999702453613,4.559999942779541,0.0,-0.20000001788139343,1.620666742324829
1.8620569341530475,-0.12238248861458098,-0.36569882272403753,1.1398919355720591,0.5696056823777448,-0.5156051644283716,-0.7906690252479058,38.459999084472656,0.09750000387430191,6.095999717712402,4.268666744232178,0.0,-0.40000003576278687,1.7453333139419556
1.8510787183494684,-0.12859585981957442,-0.3656464916086175,1.1602424810418996,0.5696056823777448,-0.5224992229632324,-0.793496503377243,36.26399612426758,1.462499976158142,5.051999568939209,3.673333168029785,0.0,-0.30000001192092896,1.620666742324829
1.8423520720894968,-0.13376203447205667,-0.3656639353137575,1.1769278510615186,0.5696056823777448,-0.5287998626281963,-0.7972140099428846,38.447998046875,2.1449999809265137,5.483999729156494,4.9019999504089355,0.12066666781902313,-0.20000001788139343,1.7453333139419556
1.8330320735386556,-0.13835225060453882,-0.3656464916086175,1.1945906012011966,0.5696231260828848,-0.534995773483293,-0.8031656423469937,37.20000076293945,2.86650013923645,5.159999370574951,3.8506665229797363,0.0,-0.30000001192092896,1.683000087738037
1.8236596107143397,-0.1428726503045689,-0.3656813790188975,1.2124279215503293,0.5696231260828848,-0.5415931225832054,-0.8106007220573042,39.58799743652344,2.067000150680542,6.0839996337890625,4.331999778747559,0.060333333909511566,-0.45000001788139343,1.7453333139419556
1.8135541127999795,-0.1474105103544958,-0.3656464916086175,1.231853418015531,0.5696231260828848,-0.5497263499732801,-0.8193972097168631,35.663997650146484,1.443000078201294,5.291999816894531,3.128666639328003,0.060333333909511566,-0.3499999940395355,1.496000051498413
1.8039199943985633,-0.1518261978894153,-0.3657162997186912,1.2501095204460786,0.5696405697880248,-0.5584355525281117,-0.8277049407373653,38.47199630737305,1.0724999904632568,6.431999683380127,3.9139997959136963,-0.060333333909511566,-0.45000001788139343,1.683000087738037
1.7943729613647927,-0.15625932912947482,-0.3656464916086175,1.2697270308258748,0.5696405697880248,-0.5675810807380393,-0.8369028333522265,37.055999755859375,3.4125001430511475,5.136000156402588,3.242666721343994,0.060333333909511566,-0.3499999940395355,1.433666706085205
1.7843373714290471,-0.16058774820442379,-0.3656639353137575,1.2889256259662014,0.5696231260828848,-0.5769534769833279,-0.8466243034373973,39.947998046875,3.003000020980835,6.0,3.799999952316284,0.060333333909511566,-0.20000001788139343,1.496000051498413
1.7752791616133607,-0.16451472903455694,-0.36562901461396385,1.3075134251105185,0.5696405697880248,-0.5866924573526658,-0.8555952947273836,36.2760009765625,2.1644999980926514,5.111999988555908,2.558666706085205,0.0,-0.10000000894069672,1.246666669845581
1.7682104662900178,-0.16728980946944677,-0.36569882272403753,1.3226628169714343,0.5696580134931648,-0.5943718820929911,-0.862646413187532,39.14400100708008,1.5795000791549683,6.335999488830566,2.5839998722076416,0.0,-0.15000000596046448,1.309000015258789
1.7607580094535946,-0.17043140744935872,-0.36562901461396385,1.339627419431348,0.5696580134931648,-0.6034999333082649,-0.8703259045068844,36.887996673583984,3.509999990463257,4.703999996185303,3.191999912261963,0.0,-0.05000000447034836,1.309000015258789
1.75559174325495,-0.1724559757995506,-0.3656464916086175,1.35287451532562,0.5696405697880248,-0.6093991680179267,-0.8757014951672094,37.96799850463867,3.315000057220459,5.24399995803833,2.9133331775665283,0.12066666781902313,0.10000000894069672,1.1843334436416626
1.7500066949748903,-0.17439329233452874,-0.3656813790188975,1.3677097873359612,0.5696580134931648,-0.6146700298683843,-0.8822290361570481,39.1199951171875,1.6770000457763672,6.191999912261963,2.9766666889190674,-0.060333333909511566,0.05000000447034836,1.433666706085205
1.7455212659089243,-0.17633060886950688,-0.3656813790188975,1.3822832706111472,0.5696580134931648,-0.6176720116281489,-0.889105650986769,37.09199905395508,2.0475001335144043,5.495999813079834,2.128000020980835,0.0,0.05000000447034836,1.309000015258789
1.7420829917835774,-0.17769196688448494,-0.3656464916086175,1.3942563102399255,0.5696580134931648,-0.6192602543232448,-0.8957553644916151,37.13999557495117,3.5880000591278076,4.943999767303467,2.317999839782715,0.060333333909511566,0.05000000447034836,1.246666669845581
1.7391508514234002,-0.17861699924436716,-0.3656639353137575,1.4056358644197795,0.5696580134931648,-0.6207263245033335,-0.9030333842766382,38.50799560546875,3.197999954223633,5.807999610900879,2.381333351135254,0.060333333909511566,0.15000000596046448,1.309000015258789
1.7368120633540927,-0.17933257398451463,-0.36562901461396385,1.4163172709198693,0.5696580134931648,-0.6226636410383116,-0.9100845027367864,34.944000244140625,2.3400001525878906,5.0279998779296875,2.0393333435058594,0.0,0.25,1.246666669845581
1.7350493170285692,-0.17969909152953678,-0.3656813790188975,1.4247296641712115,0.5696580134931648,-0.6257180204925236,-0.9161407973717356,36.81599807739258,1.5015000104904175,5.951999664306641,1.8366665840148926,0.0,0.10000000894069672,1.496000051498413
1.7337925713101607,-0.18001326131438208,-0.36569882272403753,1.4331421905806083,0.5696929009034448,-0.6334323326431288,-0.9228079545817217,38.35200119018555,1.618499994277954,6.144000053405762,2.9133331775665283,-0.060333333909511566,0.10000000894069672,1.496000051498413
1.7333737892287457,-0.1805543157793453,-0.36561157090882385,1.4394079428352924,0.5696929009034448,-0.6412514401826287,-0.9276599677717371,36.492000579833984,2.125499963760376,4.691999435424805,1.709999918937683,-0.12066666781902313,-0.05000000447034836,1.5583332777023315
1.7331817753141512,-0.18093827702950746,-0.3657337434238312,1.4451501176196666,0.5696929009034448,-0.6505715053124972,-0.9320581783120029,37.8599967956543,1.3065000772476196,6.875999927520752,2.0266666412353516,-0.060333333909511566,-0.25,1.496000051498413
1.733234106429571,-0.18144442743943384,-0.3656813790188975,1.4505082645748517,0.5696929009034448,-0.6610434541928523,-0.9360549838969666,35.19599914550781,1.852500081062317,6.179999828338623,1.5199999809265137,-0.1809999942779541,-0.25,1.683000087738037
1.7332166627244312,-0.1817411368743823,-0.3656813790188975,1.4541385526147932,0.5697103446085848,-0.6702413468077135,-0.9375384977821952,35.375999450683594,1.1894999742507935,6.419999599456787,1.709999918937683,-0.24133333563804626,-0.20000001788139343,1.620666742324829
1.733094556788451,-0.18196802155450023,-0.3656639353137575,1.4571230240903905,0.5697103446085848,-0.6797883132624568,-0.9376432265920626,36.779998779296875,1.3454999923706055,5.447999477386475,1.5706665515899658,-0.1809999942779541,-0.05000000447034836,1.620666742324829
1.7330246488098364,-0.1823519994494192,-0.3656813790188975,1.4605612982157372,0.5697103446085848,-0.6901555333329445,-0.9376432265920626,37.03199768066406,1.0529999732971191,5.915999412536621,2.064666509628296,-0.1809999942779541,0.0,1.496000051498413
1.7329897613995564,-0.18254398007450032,-0.36569882272403753,1.4628303114644847,0.5697103446085848,-0.6954264617624293,-0.9376781140023427,36.492000579833984,1.5210000276565552,6.360000133514404,1.8239998817443848,-0.12066666781902313,0.0,1.496000051498413
1.7330246488098364,-0.18264870888436768,-0.3656813790188975,1.4652737617646325,0.5697278548927521,-0.6983760458277466,-0.9376257828869226,34.775997161865234,1.3065000772476196,6.011999607086182,1.1653332710266113,-0.060333333909511566,-0.05000000447034836,1.433666706085205
1.7329897613995564,-0.1827185169944414,-0.3656464916086175,1.466827050470421,0.5697103446085848,-0.6991789223173782,-0.9376083391817825,36.047996520996094,2.0475001335144043,5.435999870300293,1.4819999933242798,-0.12066666781902313,0.15000000596046448,1.433666706085205
1.7329897613995564,-0.18273597734433822,-0.3656639353137575,1.4682233458299496,0.5697278548927521,-0.6992312534327982,-0.9376083391817825,35.92799758911133,1.7745000123977661,5.471999645233154,1.5199999809265137,-0.060333333909511566,0.15000000596046448,1.371333360671997
1.7329548739892764,-0.1827185169944414,-0.36569882272403753,1.4695497332108636,0.5697278548927521,-0.699458154757673,-0.9376432265920626,36.672000885009766,1.6380000114440918,5.915999412536621,1.937999963760376,-0.12066666781902313,0.15000000596046448,1.496000051498413
1.7329723176944163,-0.18270107328930135,-0.3658035515339049,1.470317655711188,0.5697103446085848,-0.6995977709778204,-0.9376257828869226,35.34000015258789,1.1115000247955322,5.87999963760376,1.5706665515899658,-0.060333333909511566,0.10000000894069672,1.496000051498413
1.7329548739892764,-0.18275342104947823,-0.36603045285877966,1.470876253749832,0.5697103446085848,-0.6997024997876878,-0.9376083391817825,35.92799758911133,2.1644999980926514,5.015999794006348,1.709999918937683,0.0,0.25,1.433666706085205
1.7329723176944163,-0.18289305391438246,-0.36706019738377244,1.4716267325450165,0.5697278548927521,-0.6997897848924152,-0.9375734517715025,35.507999420166016,2.924999952316284,4.271999835968018,1.3806666135787964,0.0,0.3499999940395355,1.1843334436416626
1.7329548739892764,-0.18291049761952247,-0.3681073856139052,1.471818746459611,0.5696929009034448,-0.6998421160078352,-0.9375908954766425,36.23999786376953,2.184000015258789,5.615999698638916,2.1026666164398193,-0.12066666781902313,0.25,1.371333360671997
1.7329199865789964,-0.1828581498593456,-0.369137130138898,1.472237528541026,0.5695532846832975,-0.6998945137022825,-0.9375734517715025,35.92799758911133,1.5015000104904175,5.339999675750732,2.1406664848327637,-0.12066666781902313,0.3499999940395355,1.371333360671997
1.7328676554635762,-0.18287559356448563,-0.37004470214888335,1.4730928027251051,0.5690994820335479,-0.6999642885228426,-0.9375559414873352,36.95999526977539,1.5210000276565552,5.604000091552734,2.368666648864746,-0.1809999942779541,0.40000003576278687,1.371333360671997
1.7328326348952416,-0.18294541831931613,-0.37074284982864764,1.4741748450760044,0.5684537320482309,-0.7001563024374373,-0.9374337689723279,36.071998596191406,2.827500104904175,4.211999893188477,1.8746665716171265,-0.1809999942779541,0.45000001788139343,1.309000015258789
1.7328151911901017,-0.18306759083432353,-0.371650421838633,1.4755885841406728,0.5677730280736067,-0.7002959186575847,-0.9373465504466277,36.97200012207031,2.3400001525878906,5.735999584197998,2.888000011444092,-0.24133333563804626,0.45000001788139343,1.433666706085205
1.7327628600746816,-0.18305013048442667,-0.37173767365384675,1.4779797033254005,0.5664116867033855,-0.7003482497730048,-0.9373465504466277,36.503997802734375,2.184000015258789,5.075999736785889,2.6599998474121094,-0.1809999942779541,0.550000011920929,1.496000051498413
1.7327628600746816,-0.18305013048442667,-0.37173767365384675,1.4807548503393175,0.5642125814332525,-0.7003832037623121,-0.9373465504466277,37.007999420166016,1.9305000305175781,5.447999477386475,2.431999921798706,-0.3619999885559082,0.5,1.433666706085205
1.7327105289592617,-0.18303268677928666,-0.37175511735898675,1.4839836668449295,0.5609836983486132,-0.7004006474674521,-0.9373988815620479,37.31999588012695,2.067000150680542,5.579999923706055,2.2166664600372314,-0.3619999885559082,0.5,1.620666742324829
1.7327803037798217,-0.18308503453946354,-0.37173767365384675,1.4872822581711018,0.5562713346682588,-0.7004529785828721,-0.9373814378569079,35.939998626708984,2.378999948501587,5.003999710083008,1.9759999513626099,-0.24133333563804626,0.550000011920929,1.5583332777023315
1.7327454163695417,-0.18308503453946354,-0.37173767365384675,1.4908951025059032,0.5507386507931329,-0.7004704222880122,-0.9373988815620479,36.659996032714844,2.4179999828338623,5.255999565124512,2.2039999961853027,-0.3619999885559082,0.5,1.620666742324829
1.7327279726644016,-0.18306759083432353,-0.37173767365384675,1.4947174044604394,0.5443856467232352,-0.7005228199824595,-0.9374163252671879,36.887996673583984,2.378999948501587,5.291999816894531,2.5206665992736816,-0.24133333563804626,0.6000000238418579,1.5583332777023315
1.7327105289592617,-0.18306759083432353,-0.37175511735898675,1.4984699315944157,0.538329352088286,-0.7006100385081595,-0.9374163252671879,37.12799835205078,2.125499963760376,5.483999729156494,2.2293334007263184,-0.30166664719581604,0.550000011920929,1.5583332777023315
1.7327105289592617,-0.18306759083432353,-0.37175511735898675,1.5021874381600573,0.5333551663832633,-0.7006798799077469,-0.9374163252671879,36.71999740600586,2.3400001525878906,5.136000156402588,1.8493332862854004,-0.30166664719581604,0.6500000357627869,1.5583332777023315
1.7327279726644016,-0.18306759083432353,-0.37173767365384675,1.5059748527043135,0.5295677851285208,-0.700714767318027,-0.9374163252671879,35.7599983215332,2.4570000171661377,4.979999542236328,1.5706665515899658,-0.3619999885559082,0.6000000238418579,1.496000051498413
1.7327279726644016,-0.18308503453946354,-0.37173767365384675,1.5091164506842254,0.5273163154534541,-0.700714767318027,-0.9373988815620479,35.81999969482422,2.5935001373291016,4.883999824523926,1.3806666135787964,-0.422333300113678,0.6000000238418579,1.5583332777023315
1.7327105289592617,-0.18306759083432353,-0.37173767365384675,1.5121532532752429,0.5256757083534244,-0.7007671650124743,-0.9373814378569079,35.85599899291992,2.3984999656677246,4.895999908447266,1.444000005722046,-0.3619999885559082,0.6000000238418579,1.309000015258789
1.7326930852541216,-0.18306759083432353,-0.3717725943536404,1.5144221333659358,0.5253266678030559,-0.7007497213073343,-0.9373814378569079,35.843997955322266,2.2035000324249268,4.955999851226807,1.3173333406448364,-0.422333300113678,0.6500000357627869,1.371333360671997
1.7326930852541216,-0.18306759083432353,-0.3717725943536404,1.5165165764052286,0.5250822894835275,-0.7007671650124743,-0.9373814378569079,35.49599838256836,2.2230000495910645,4.871999740600586,1.1399999856948853,-0.3619999885559082,0.6500000357627869,1.309000015258789
1.7327105289592617,-0.18308503453946354,-0.3717725943536404,1.518157216794772,0.5250474020732475,-0.7007846087176143,-0.9373639941517679,35.42399978637695,2.632500171661377,4.727999687194824,0.949999988079071,-0.30166664719581604,0.699999988079071,1.1843334436416626
1.7326930852541216,-0.18310249488936037,-0.37175511735898675,1.5197628366159808,0.5250474020732475,-0.7007846087176143,-0.9373639941517679,35.68799591064453,2.7885000705718994,4.667999744415283,1.1399999856948853,-0.24133333563804626,0.6000000238418579,1.1843334436416626
1.7326930852541216,-0.18310249488936037,-0.37175511735898675,1.521054469744669,0.5249950376683138,-0.7008194961278943,-0.9373465504466277,35.63999938964844,2.574000120162964,4.715999603271484,1.8366665840148926,-0.24133333563804626,0.699999988079071,1.1843334436416626
1.7327105289592617,-0.18306759083432353,-0.3717725943536404,1.522276194894743,0.5249775939631738,-0.7007846087176143,-0.9373291067414877,34.96799850463867,2.1059999465942383,4.811999797821045,1.152666687965393,-0.24133333563804626,0.6000000238418579,1.121999979019165
1.7326756415489815,-0.18308503453946354,-0.3717725943536404,1.523288462425082,0.5249426732633801,-0.7008020524227543,-0.9373291067414877,35.795997619628906,2.4765000343322754,4.739999771118164,0.7599999904632568,-0.24133333563804626,0.6500000357627869,1.1843334436416626
1.7327105289592617,-0.18310249488936037,-0.3717725943536404,1.524178624019441,0.5249077858531,-0.7008020524227543,-0.9373115964573205,34.72800064086914,2.632500171661377,4.5,0.7093333005905151,-0.30166664719581604,0.6000000238418579,1.059666633605957
1.7326756415489815,-0.18310249488936037,-0.3717725943536404,1.5247894200154508,0.5248728651533064,-0.7008020524227543,-0.9372941527521804,35.375999450683594,2.6714999675750732,4.584000110626221,1.0133333206176758,-0.24133333563804626,0.6500000357627869,1.246666669845581
1.7326756415489815,-0.18306759083432353,-0.3717900380587804,1.5250512087506056,0.5248728651533064,-0.7008020524227543,-0.9372941527521804,34.52399826049805,1.9305000305175781,4.727999687194824,0.5699999928474426,-0.30166664719581604,0.6000000238418579,1.059666633605957
1.7326407541387014,-0.18308503453946354,-0.3717725943536404,1.5250512087506056,0.5248728651533064,-0.7008020524227543,-0.9372941527521804,35.435997009277344,2.515500068664551,4.7639994621276855,0.8106666803359985,-0.30166664719581604,0.6000000238418579,1.121999979019165
1.7326407541387014,-0.18310249488936037,-0.3717725943536404,1.5250512087506056,0.5248554214481663,-0.7008020524227543,-0.9372941527521804,35.06399917602539,2.5350000858306885,4.679999828338623,0.722000002861023,-0.30166664719581604,0.550000011920929,1.059666633605957
1.7326058667284214,-0.18310249488936037,-0.3717725943536404,1.5250512087506056,0.5248205007483727,-0.7008194961278943,-0.9372941527521804,35.099998474121094,2.6130001544952393,4.679999828338623,0.8613333106040955,-0.24133333563804626,0.550000011920929,1.059666633605957
1.7326233104335615,-0.18306759083432353,-0.3717725943536404,1.5250686524557455,0.5248030570432327,-0.7008194961278943,-0.9372941527521804,34.763999938964844,2.1059999465942383,4.7639994621276855,0.6206666827201843,-0.30166664719581604,0.5,1.059666633605957
1.7326058667284214,-0.18306759083432353,-0.3717725943536404,1.5250686524557455,0.5247856133380927,-0.7008543835381743,-0.9372941527521804,34.90800094604492,2.496000051498413,4.715999603271484,0.7093333005905151,-0.24133333563804626,0.45000001788139343,0.9973334074020386
1.7325708461600868,-0.18308503453946354,-0.3717725943536404,1.5250512087506056,0.5247856133380927,-0.700994066337349,-0.9372941527521804,35.02799987792969,2.4179999828338623,4.727999687194824,0.7093333005905151,-0.30166664719581604,0.45000001788139343,1.059666633605957
1.7325359587498068,-0.18308503453946354,-0.3717725943536404,1.5250512087506056,0.524750692638299,-0.7012034573780564,-0.9372941527521804,34.83599853515625,2.4375,4.703999996185303,0.734666645526886,-0.24133333563804626,0.5,0.9973334074020386
1.7325359587498068,-0.18306759083432353,-0.3717725943536404,1.5250686524557455,0.524750692638299,-0.7012558550725038,-0.9372941527521804,34.70399856567383,2.2230000495910645,4.7639994621276855,0.6079999804496765,-0.30166664719581604,0.45000001788139343,1.059666633605957
1.732518515044667,-0.18306759083432353,-0.3717900380587804,1.5250686524557455,0.5247157719385054,-0.7012907424827838,-0.9372941527521804,34.87199783325195,2.3010001182556152,4.751999855041504,0.722000002861023,-0.30166664719581604,0.5,0.9973334074020386
1.732518515044667,-0.18306759083432353,-0.3717900380587804,1.5250686524557455,0.5247157719385054,-0.7013780275875111,-0.9372941527521804,34.83599853515625,2.3400001525878906,4.776000022888184,0.6713333129882812,-0.422333300113678,0.45000001788139343,1.059666633605957
