position0,position1,position2,position3,position4,position5,position6,torque0,torque1,torque2,torque3,torque4,torque5,torque6,tactile0,tactile1,tactile2,tactile3,tactile4,tactile5,tactile6,tactile7,tactile8,tactile9,tactile10,tactile11,tactile12,tactile13,tactile14,tactile15
-0.8968022079184633,0.14490131092342773,0.6620949043734213,0.8014038374767948,-0.8997709968394992,-0.20634236525431926,-0.891584875700354,-0.2537358802761761,-0.26747224319661145,-0.33860652307754446,-0.33542435614652866,-0.34821429926041425,0.01914893260850481,-0.3222222436028187,-0.9,-0.9,-0.9,-0.9,-0.8289473696643014,-0.8071100839792236,-0.8217391325223359,-0.7995145619066726,0.003345749357301142,0.3924811443751869,0.26470593030477374,0.055263213309465264,-0.6774545261586004,-0.7130769284428291,-0.7218749981955626,-0.7947368349341649
-0.896895292303919,0.14490131092342773,0.6620949043734213,0.8014038374767948,-0.8997709968394992,-0.20634236525431926,-0.8916130999126344,-0.25236747987216956,-0.2671783209956009,-0.3378688129334926,-0.33736162582677565,-0.3482142886755324,0.01914893260850481,-0.3222222436028187,-0.9,-0.9,-0.9,-0.9,-0.8311004825377136,-0.8153669569274026,-0.8315217398979177,-0.8038834896103675,0.003345749357301142,0.3924811443751869,0.26470593030477374,0.055263213309465264,-0.6774545261586004,-0.7130769284428291,-0.7218749981955626,-0.7947368349341649
-0.896895292303919,0.14490131092342773,0.6620949043734213,0.8014038374767948,-0.8997709968394992,-0.2063225718153443,-0.8916130999126344,-0.2531494140827286,-0.26600262500414273,-0.3374999651899072,-0.3370848774803272,-0.33750000661555124,0.015957442572236635,-0.33888889177461357,-0.9,-0.9,-0.9,-0.9,-0.8311004825377136,-0.8174311751644474,-0.8315217398979177,-0.8060679585076322,0.003345749357301142,0.3924811443751869,0.26691181050987234,0.05684215926552649,-0.6676363440449322,-0.7130769284428291,-0.7218749981955626,-0.7947368349341649
-0.896895292303919,0.14490131092342773,0.6620949043734213,0.8014038374767948,-0.899780532571866,-0.2063225718153443,-0.8916272120187746,-0.25314947622484174,-0.26747225038402767,-0.33897537814957046,-0.3373616310359603,-0.34821429926041425,0.022340422644772873,-0.3222222436028187,-0.9,-0.9,-0.9,-0.9,-0.8375598136984578,-0.8215596211739131,-0.8364130393492033,-0.8148058240058564,0.006691470943706701,0.3924811443751869,0.26911769071497116,0.053684267353404036,-0.6774545261586004,-0.7130769284428291,-0.7218749981955626,-0.7947368349341649
-0.896895292303919,0.14490131092342773,0.6620949043734213,0.8014038374767948,-0.8997709968394992,-0.2063225718153443,-0.8916272120187746,-0.25256301003139425,-0.26688439879459047,-0.33713111744632185,-0.3376383793824088,-0.34285716352286455,0.01914893260850481,-0.3277778000765593,-0.9,-0.9,-0.9,-0.9,-0.8418660344722873,-0.8277522854204236,-0.8437499941748053,-0.8213592206068161,0.006691470943706701,0.3924811443751869,0.26911769071497116,0.055263213309465264,-0.6774545261586004,-0.7130769284428291,-0.717187498646672,-0.7947368349341649
-0.8969263204324045,0.14490131092342773,0.6621090005561355,0.8014038374767948,-0.8997709968394992,-0.2063225718153443,-0.8916413241249147,-0.25256301003139425,-0.2671783209956009,-0.33639339997382933,-0.33736162582677565,-0.3375000172004331,0.022340422644772873,-0.3222222436028187,-0.9,-0.9,-0.9,-0.9,-0.8483253656330314,-0.833944940131558,-0.8510869602977547,-0.8235436895040807,0.006691470943706701,0.39586459966162646,0.27132357092007,0.053684267353404036,-0.6774545261586004,-0.7130769284428291,-0.7218749981955626,-0.7947368349341649
-0.896895292303919,0.14490131092342773,0.6620949043734213,0.8014038374767948,-0.8997709968394992,-0.2063225718153443,-0.8916413241249147,-0.2531494140827286,-0.26600262500414273,-0.33823766800551847,-0.33653136515987647,-0.34285716352286455,0.022340422644772873,-0.3111111412800508,-0.9,-0.9,-0.9,-0.9,-0.8483253656330314,-0.833944940131558,-0.8510869602977547,-0.8300970961958748,0.006691470943706701,0.3924811443751869,0.26911769071497116,0.055263213309465264,-0.6774545261586004,-0.7130769284428291,-0.7218749981955626,-0.7947368349341649
-0.8969263204324045,0.14490131092342773,0.6621090005561355,0.8014038374767948,-0.8997996040365993,-0.2063225718153443,-0.8916413241249147,-0.2527584780485057,-0.26600262500414273,-0.3371311101178812,-0.33736162582677565,-0.35357143499796406,0.022340422644772873,-0.3277778000765593,-0.9,-0.9,-0.9,-0.9,-0.8483253656330314,-0.833944940131558,-0.8510869602977547,-0.8300970961958748,0.006691470943706701,0.3924811443751869,0.27132357092007,0.053684267353404036,-0.6774545261586004,-0.7130769284428291,-0.717187498646672,-0.7947368349341649
-0.896895292303919,0.14490131092342773,0.6620949043734213,0.8014038374767948,-0.8997996040365993,-0.2063225718153443,-0.8916413241249147,-0.2529540082077303,-0.2671783209956009,-0.33860652307754446,-0.3370848722711427,-0.3482142886755324,0.022340422644772873,-0.33888889177461357,-0.9,-0.9,-0.9,-0.9,-0.8504784735334486,-0.833944940131558,-0.8510869602977547,-0.8300970961958748,0.006691470943706701,0.3924811443751869,0.2735294511251686,0.055263213309465264,-0.6774545261586004,-0.7130769284428291,-0.7218749981955626,-0.7947368349341649
-0.8969883766893757,0.14490131092342773,0.6621090005561355,0.8014038374767948,-0.899809139768966,-0.2063225718153443,-0.8916413241249147,-0.2521720118550581,-0.2665904694061637,-0.33713111744632185,-0.336531370369061,-0.34821429926041425,0.01914893260850481,-0.3277778000765593,-0.9,-0.9,-0.9,-0.9,-0.852631581433866,-0.8422018226151132,-0.8510869602977547,-0.8300970961958748,0.013382914116518041,0.3941728720184067,0.2735294511251686,0.055263213309465264,-0.6774545261586004,-0.7130769284428291,-0.7218749981955626,-0.7947368349341649
-0.89695734856089,0.14490131092342773,0.6621371929215639,0.8014038374767948,-0.8998186936992952,-0.2063225718153443,-0.8916413241249147,-0.24845783989043102,-0.2665904694061637,-0.33676226237429585,-0.33625461681342794,-0.35892857073551365,0.015957442572236635,-0.34444443762364063,-0.9,-0.9,-0.9,-0.9,-0.8547846893342832,-0.8504587050986685,-0.8535326128477343,-0.8388349566486819,0.0167286357029236,0.39586459966162646,0.2735294511251686,0.055263213309465264,-0.6774545261586004,-0.7130769284428291,-0.7218749981955626,-0.7947368349341649
-0.896895292303919,0.14490131092342773,0.6621512891042783,0.8014038374767948,-0.8998091579669285,-0.2063225718153443,-0.8916413241249147,-0.24728496964564906,-0.26747224319661145,-0.3378688202619331,-0.3376383793824088,-0.3428571529379827,0.015957442572236635,-0.3111111412800508,-0.9,-0.9,-0.9,-0.9,-0.8569377972347004,-0.8504587050986685,-0.8510869602977547,-0.8300970961958748,0.0167286357029236,0.39586459966162646,0.27132357092007,0.053684267353404036,-0.6774545261586004,-0.7130769284428291,-0.7218749981955626,-0.7947368349341649
-0.89695734856089,0.14490131092342773,0.6621512891042783,0.8014038374767948,-0.899809139768966,-0.2063225718153443,-0.8916413241249147,-0.24669853452325807,-0.2683540241744754,-0.33749997251834774,-0.33653136515987647,-0.33750000661555124,0.01914893260850481,-0.32222225422753226,-0.9,-0.9,-0.9,-0.9,-0.8569377972347004,-0.8504587050986685,-0.8559782653977139,-0.8344660264222783,0.013382914116518041,0.39586459966162646,0.27132357092007,0.05684215926552649,-0.6774545261586004,-0.7130769284428291,-0.7218749981955626,-0.7947368349341649
-0.8969263204324045,0.14490131092342773,0.6621512891042783,0.8014038374767948,-0.8998186936992952,-0.2063225718153443,-0.8916413241249147,-0.24513463503108357,-0.2686479391880695,-0.3374999651899072,-0.33736162582677565,-0.32678572455556987,0.01914893260850481,-0.32222225422753226,-0.9,-0.9,-0.9,-0.9,-0.8569377972347004,-0.8504587050986685,-0.8535326128477343,-0.8432038868750854,0.013382914116518041,0.39755632730484647,0.27132357092007,0.05684215926552649,-0.6774545261586004,-0.7130769284428291,-0.7218749981955626,-0.7947368349341649
-0.8969263204324045,0.14490131092342773,0.6621512891042783,0.8014130539124747,-0.8998186936992952,-0.2063225718153443,-0.8916413241249147,-0.2449391359429155,-0.26923579796492303,-0.33676226237429585,-0.33542435093734413,-0.3428571529379827,0.022340422644772873,-0.33888889177461357,-0.9,-0.9,-0.9,-0.9,-0.8569377972347004,-0.8504587050986685,-0.8559782653977139,-0.8432038868750854,0.0167286357029236,0.3941728720184067,0.26911769071497116,0.05684215926552649,-0.6774545261586004,-0.7130769284428291,-0.7218749981955626,-0.7947368349341649
-0.896895292303919,0.14490131092342773,0.6621653987375485,0.8014222703481545,-0.8998186936992952,-0.2063225718153443,-0.8916413241249147,-0.2427888323994064,-0.2698236495543602,-0.3356556971582181,-0.3348708594536315,-0.3482142886755324,0.01914893260850481,-0.3166666977537915,-0.9,-0.9,-0.9,-0.9,-0.8569377972347004,-0.8504587050986685,-0.8559782653977139,-0.8388349566486819,0.013382914116518041,0.39924805494806626,0.2735294511251686,0.055263213309465264,-0.6774545261586004,-0.7130769284428291,-0.7218749981955626,-0.7947368349341649
-0.8969263204324045,0.14490131092342773,0.6621512891042783,0.8014314867838345,-0.899809139768966,-0.2063225718153443,-0.8916413241249147,-0.2410295581032902,-0.27070542334480785,-0.33676226237429585,-0.33680811871550964,-0.34821429926041425,0.025531912681040936,-0.3277778000765593,-0.9,-0.9,-0.9,-0.9,-0.8569377972347004,-0.8504587050986685,-0.8584239179476936,-0.8388349566486819,0.0167286357029236,0.39755632730484647,0.2735294511251686,0.055263213309465264,-0.6774545261586004,-0.7130769284428291,-0.7218749981955626,-0.7947368349341649
-0.896895292303919,0.14490131092342773,0.6621653987375485,0.8014407032195142,-0.8998282476296244,-0.2063225718153443,-0.8916413241249147,-0.24024762389273113,-0.27129328212166137,-0.3378688202619331,-0.33680811871550964,-0.33214287087800154,0.01914893260850481,-0.3222222436028187,-0.9,-0.9,-0.9,-0.9,-0.8569377972347004,-0.8504587050986685,-0.8608695704976732,-0.8432038868750854,0.0167286357029236,0.39924805494806626,0.2735294511251686,0.055263213309465264,-0.6774545261586004,-0.7130769284428291,-0.7218749981955626,-0.7947368349341649
-0.896895292303919,0.14490131092342773,0.6621936180040894,0.8014407032195142,-0.8998186936992952,-0.2063225718153443,-0.8916413241249147,-0.2392701595229474,-0.27305683688997295,-0.33676226237429585,-0.3362546116042434,-0.34821429926041425,0.022340422644772873,-0.34444443762364063,-0.9,-0.9,-0.9,-0.9,-0.8569377972347004,-0.8504587050986685,-0.8559782653977139,-0.8432038868750854,0.0167286357029236,0.39924805494806626,0.2735294511251686,0.055263213309465264,-0.6774545261586004,-0.7130769284428291,-0.7218749981955626,-0.7947368349341649
-0.896895292303919,0.14490131092342773,0.6622218238200738,0.8014407032195142,-0.899809139768966,-0.2063225718153443,-0.8916413241249147,-0.23966112662822692,-0.2727629075015463,-0.33639340730226996,-0.339852402618289,-0.34821429926041425,0.022340422644772873,-0.32777778945184577,-0.9,-0.9,-0.9,-0.9,-0.8569377972347004,-0.8504587050986685,-0.8608695704976732,-0.8475728171014889,0.0167286357029236,0.39924805494806626,0.2735294511251686,0.055263213309465264,-0.6774545261586004,-0.7130769284428291,-0.7218749981955626,-0.7947368349341649
-0.896895292303919,0.14490131092342773,0.6622218238200738,0.8014407032195142,-0.8998091579669285,-0.2063225718153443,-0.8916413241249147,-0.23966115769928353,-0.2727629075015463,-0.3371311101178812,-0.34372694197878306,-0.34285716352286455,0.01914893260850481,-0.316666687129078,-0.9,-0.9,-0.9,-0.9,-0.8569377972347004,-0.8504587050986685,-0.8535326128477343,-0.8432038868750854,0.0167286357029236,0.39924805494806626,0.2735294511251686,0.055263213309465264,-0.6774545261586004,-0.7130769284428291,-0.7218749981955626,-0.7947368349341649
-0.8968332360469482,0.1449235637944658,0.6622218238200738,0.801191718747215,-0.8998186936992952,-0.2063225718153443,-0.8916413241249147,-0.24943527318915815,-0.26835401698705896,-0.35040981209796895,-0.37776752513796186,-0.3535714244130822,0.01914893260850481,-0.3277778000765593,-0.9,-0.9,-0.9,-0.9,-0.8569377972347004,-0.8504587050986685,-0.8535326128477343,-0.8388349566486819,0.0167286357029236,0.39924805494806626,0.2735294511251686,0.05842110522158772,-0.6774545261586004,-0.7130769284428291,-0.7218749981955626,-0.7947368349341649
-0.8964604247932381,0.14611472940466352,0.6571867157765398,0.7921453298233229,-0.8998186936992952,-0.20648086272055055,-0.8914719788512317,-0.3211771932644578,-0.20809929016278295,-0.4920491704164533,-0.4508302606668993,-0.3267857298480109,0.028723402717308777,-0.38333334887689574,-0.9,-0.9,-0.9,-0.9,-0.8569377972347004,-0.8504587050986685,-0.8535326128477343,-0.8300970961958748,0.085316020954881,0.48552625852875486,0.3683823814625268,0.12947373159415798,-0.6627272529880982,-0.7130769284428291,-0.7124999990977813,-0.7947368349341649
-0.8957152759977033,0.155443799680561,0.6079498928528707,0.7602297276719142,-0.8998664269550163,-0.20770760308425018,-0.8905681577022476,-0.34228929266532493,-0.14079034426526038,-0.5709835897079707,-0.4787822916480728,-0.2678571520559092,0.05744680543461789,-0.5277777879761911,-0.9,-0.9,-0.9,-0.9,-0.8547846893342832,-0.8463302638568908,-0.8510869602977547,-0.8300970961958748,0.3295539440442036,0.7477443558160864,0.7036765190895159,0.33947371879974575,-0.6627272529880982,-0.7200000047970277,-0.7218749981955626,-0.7947368349341649
-0.8753494546260338,0.18562414985751519,0.5164859101241018,0.7135321587159341,-0.8998473372923204,-0.21057648186602007,-0.8759681605031235,-0.252562947889281,-0.23925539924699835,-0.4474180108315981,-0.4743542555946816,-0.3053571498507255,0.025531914583316717,-0.6000000061977495,-0.9,-0.9,-0.9,-0.9,-0.8483253656330314,-0.833944940131558,-0.8510869602977547,-0.8300970961958748,0.38977696350971847,0.7832706675825286,0.7852941478167536,0.37736850926993626,-0.6774545261586004,-0.7200000047970277,-0.7312499983083399,-0.8105263092381823
-0.800810415766395,0.22977586319410503,0.4153607292664311,0.6635238490712115,-0.8998282476296244,-0.21688802273345975,-0.8094638369200705,-0.13273241564622407,-0.28863488963522665,-0.2482376680055185,-0.4165129239520875,-0.3267857298480109,-0.035106382789845014,-0.4444444568071513,-0.9,-0.9,-0.9,-0.9,-0.8461722552461167,-0.833944940131558,-0.8510869602977547,-0.8257281584013454,0.3747212163708934,0.778195484652869,0.7654412055913365,0.36789480435866173,-0.6774545261586004,-0.7200000047970277,-0.7218749981955626,-0.7947368349341649
-0.6841733122303465,0.2804289396606042,0.32274022737895935,0.6100023185706721,-0.8998378015599536,-0.21829280970361153,-0.7556811999814711,-0.18199389805876331,-0.335075125669977,-0.20950816392353633,-0.3921586787757749,-0.3267857298480109,-0.019148936413056594,-0.33888891302404067,-0.9,-0.9,-0.9,-0.9,-0.8483253656330314,-0.833944940131558,-0.8510869602977547,-0.8300970961958748,0.3312268048374064,0.747744387074912,0.7014706185048886,0.33631582688762307,-0.6774545261586004,-0.7200000047970277,-0.7218749981955626,-0.7947368349341649
-0.5891441026291535,0.31997178188732367,0.23619851597923047,0.5531978373973722,-0.8998378015599536,-0.21886657413864674,-0.7430861991142768,-0.00957861640170643,-0.4126714707889427,-0.00036879644450116267,-0.29225092518590023,-0.3375000172004331,-0.04468086050775244,-0.23333335064768135,-0.9,-0.9,-0.9,-0.9,-0.8483253656330314,-0.833944940131558,-0.8510869602977547,-0.8300970961958748,0.021747241265192563,0.43308263907128863,0.32647063718612335,0.12789477105064317,-0.6430908887607618,-0.6646153899659155,-0.6703124990977813,-0.7394736743002819
-0.4990819990009945,0.338474088640886,0.17407069361169725,0.5059836555620213,-0.8998568730246871,-0.22019220622176283,-0.7415047814185575,-0.055516987168067855,-0.3468321466775969,-0.029508141938214605,-0.28007380520233616,-0.3214285729406974,-0.03510639039894836,-0.21111112475271865,-0.9,-0.9,-0.9,-0.9,-0.8483253656330314,-0.833944940131558,-0.8510869602977547,-0.8257281584013454,-0.29107802071076605,0.01015035316042101,-0.08823523877324024,-0.15789468768942516,-0.6234545273680329,-0.6369230785528364,-0.6281249963911251,-0.6842105136663987
-0.4259704909076269,0.34142420781123894,0.14253427784532613,0.48651713631663374,-0.8998854984197496,-0.22114191391527094,-0.7405729515092953,-0.0009774022276705097,-0.33919008140547535,-0.0387294601113386,-0.22998155488532257,-0.2892857267607537,-0.022340426449324546,-0.2000000118052373,-0.9,-0.9,-0.9,-0.9,-0.8504784735334486,-0.833944940131558,-0.8510869602977547,-0.8213592206068161,-0.4449813566451643,-0.3011278223361664,-0.3264705352884789,-0.41052628499907046,-0.6627272529880982,-0.6646153899659155,-0.660937498646672,-0.7052631445522288
-0.3592543301213914,0.34095664271557513,0.13735815417242525,0.4992705023090337,-0.8993321165771186,-0.22159697432304992,-0.7383420537531201,-0.0891398475115398,-0.3368386768445806,-0.09036881842982303,-0.25322878453680664,-0.22500000264622044,-0.012765960145072142,-0.2222222377002,-0.9,-0.9,-0.9,-0.9,-0.8504784735334486,-0.833944940131558,-0.8510869602977547,-0.8213592206068161,-0.5403345155543108,-0.5058270605797506,-0.45661759476135605,-0.5873683998336451,-0.6921817993291026,-0.6992307737356702,-0.703125,-0.7447368335412657
-0.3132145088476225,0.3317722798023911,0.13721708474083416,0.5307065683872035,-0.8983494084024362,-0.22503961753985513,-0.7202827592076106,-0.15286708174836428,-0.46146310779087973,-0.021393388981168493,-0.3390221497651664,-0.28392858043832203,-0.02872340652186056,-0.2611111223916711,-0.9,-0.9,-0.9,-0.9,-0.8483253656330314,-0.833944940131558,-0.8510869602977547,-0.8213592206068161,-0.5453531027636402,-0.5159774362074526,-0.4720587663868112,-0.5999999784227252,-0.6970908903859367,-0.7130769284428291,-0.7124999990977813,-0.7736842025288085
-0.29343869562906055,0.29165058689116197,0.13735815417242503,0.5613588153057559,-0.8981013155792394,-0.27444387140168536,-0.7140982094861361,-0.219721959614255,-0.33977793299491255,-0.15012291504847242,-0.3741697393331007,-0.2678571520559092,-0.05106383677573678,-0.2722222353391526,-0.9,-0.9,-0.9,-0.9,-0.8504784735334486,-0.833944940131558,-0.8510869602977547,-0.8213592206068161,-0.5520445517321165,-0.5142857085642328,-0.474264649139351,-0.6031578703348477,-0.6872727082722685,-0.7130769284428291,-0.7078124995488906,-0.7578947293644359
-0.29052039355983494,0.23406187657102528,0.13693505348210067,0.5730332954878395,-0.8975670597952293,-0.3628649936825471,-0.7141829898489791,-0.15794959197488456,-0.4003265950473911,-0.054590110953404936,-0.34566420905443784,-0.28928572146831266,-0.13723404492766345,-0.25555555529321694,-0.9,-0.9,-0.9,-0.9,-0.8483253656330314,-0.833944940131558,-0.8510869602977547,-0.8257281584013454,-0.5219330304080287,-0.4516917252011241,-0.4213234758156018,-0.5115789228288695,-0.4778181521046254,-0.4898077055264249,-0.4921875054133124,-0.5815789312601084
-0.29014805601800997,0.17321135825041478,0.13631447172821642,0.5740199465868857,-0.8821869971675478,-0.44687397161412035,-0.7141124293182777,-0.19997829168845094,-0.2451339115476624,-0.1634016097001194,-0.3600553574830665,-0.2732142983783409,-0.18191489782631254,-0.30000000708314245,-0.9,-0.9,-0.9,-0.9,-0.8483253656330314,-0.833944940131558,-0.8510869602977547,-0.8388349566486819,-0.4182155627031473,-0.24022555684789448,-0.23161759476135602,-0.20052626497171255,0.2814546005386963,0.32019230186899283,0.26718747564009415,0.10789477583661788
-0.28974469034769945,0.1335015345562881,0.1353131047332624,0.5669932234573688,-0.8175850490877908,-0.4736634572579912,-0.7138017475311893,-0.26937440913207356,-0.29804050428509765,-0.16709013110661652,-0.441143922684033,-0.2678571520559092,-0.1978723365939976,-0.33888889177461357,-0.9,-0.9,-0.9,-0.9,-0.8483253656330314,-0.833944940131558,-0.8510869602977547,-0.8475728171014889,-0.324535271348813,-0.09135339139453968,-0.0661764367222536,0.02368425042587996,0.6365455111826267,0.7044230904954364,0.6656249819556254,0.4342105515279312
-0.2887200515398537,0.12037626887017272,0.13484768859368323,0.535243517148199,-0.7376126287066066,-0.47548373662683646,-0.7128555900637847,-0.3092527431600176,-0.36182234873184027,-0.15159832800813555,-0.5089483510743109,-0.2625000083796982,-0.19148936413056494,-0.43888890298958894,-0.9,-0.9,-0.9,-0.9,-0.8483253656330314,-0.833944940131558,-0.8510869602977547,-0.8475728171014889,-0.250929323036131,0.055827046415595216,0.10367651229633978,0.22894742893819064,0.7167272848490843,0.7476922802323992,0.7218749711290003,0.40526318481967805
-0.28747821583260935,0.12098856256220591,0.1347207422459188,0.48110420403922227,-0.6929608703770049,-0.4755035111969468,-0.6965189420013983,-0.3317332429648914,-0.3612345016345382,-0.16819668166581314,-0.5496309987319457,-0.39107143808522127,-0.280851069927863,-0.5222222315024505,-0.9,-0.9,-0.9,-0.9,-0.8483253656330314,-0.833944940131558,-0.8510869602977547,-0.8344660264222783,-0.15390331202727958,0.2639097340845892,0.35735298043703356,0.5005264397172481,0.7903636403080353,0.7476922802323992,0.7265624666179068,0.33157899191453677
-0.28679512329404533,0.13467048976275942,0.13438224555299205,0.42455792377390156,-0.6775235751571608,-0.4645423613191128,-0.6314264753883791,-0.357536916558056,-0.3409536307832247,-0.19290978095209643,-0.5867158501663501,-0.46607143367485376,-0.37021278333426444,-0.611111122465454,-0.9,-0.9,-0.9,-0.9,-0.8483253656330314,-0.833944940131558,-0.8510869602977547,-0.8300970961958748,-0.08698881075118547,0.40432326913655137,0.5338235395016296,0.6568422060669395,0.8460000125478616,0.7476922802323992,0.7406249530846257,0.305263226100145
-0.2869502639364725,0.17764214269101475,0.13400143341081072,0.36344704544054574,-0.67437503647175,-0.3973510137250341,-0.5523833839106909,-0.30045609203992674,-0.3918027537387542,-0.15860651574910378,-0.5263837625689809,-0.4125000022051838,-0.29680853152285824,-0.6055555626714902,-0.9,-0.9,-0.9,-0.9,-0.8483253656330314,-0.833944940131558,-0.8510869602977547,-0.8300970961958748,-0.051858718638819634,0.4872179549131489,0.650735373787619,0.734210557913941,0.8460000125478616,0.7269230691586571,0.7078124846622814,0.27368430712287484
-0.28691923580798695,0.2301877536448632,0.13394499487772926,0.30269574880764816,-0.6743082499492581,-0.2852665049444235,-0.4937012607173906,-0.2676151037649007,-0.3671130107907076,-0.1390573361720998,-0.4702029522601853,-0.34821429926041425,-0.1978723365939976,-0.4333333412034915,-0.9,-0.9,-0.9,-0.9,-0.8483253656330314,-0.8380733813733355,-0.8510869602977547,-0.8300970961958748,-0.0602230226048337,0.4703006784809508,0.6154412089879248,0.7136842604851447,0.8214545808854189,0.7199999988007432,0.6937499981955625,0.26842115395999666
-0.2835663030840224,0.27677747284675525,0.1335783058193739,0.21137515317731748,-0.6741269254505907,-0.21767943952176172,-0.4439711682130735,0.02697651276689006,-0.4585238508544241,0.08040987805393418,-0.2928044331111015,-0.31607143191070686,-0.2425532047108534,-0.23888891774613563,-0.9,-0.9,-0.9,-0.9,-0.8483253656330314,-0.833944940131558,-0.8510869602977547,-0.8300970961958748,-0.08698881075118547,0.40601499677977115,0.522794138476136,0.647368530330572,0.8263636672179074,0.7494230478218779,0.7382812053401725,0.3000000729372668
-0.23377018341597866,0.3091732152440093,0.13352184038518067,0.10069870588422891,-0.6737834935016896,-0.20976529050760784,-0.3859667492925096,0.01016508259515414,-0.47498368446523825,0.11176235397980328,-0.2983394923403109,-0.3214285782331384,-0.3127659550723365,-0.18888889885775595,-0.9,-0.9,-0.9,-0.9,-0.8483253656330314,-0.833944940131558,-0.8510869602977547,-0.8300970961958748,-0.10539029493152352,0.35187968093791067,0.45441177059996185,0.5857896088692763,0.8509090988803502,0.8030768430957115,0.8062499332358136,0.36052633431036785
-0.15212096601433045,0.3366706081049998,0.13349367492086428,-0.028227057954260837,-0.6736117411313141,-0.2080835274738585,-0.33387842689875136,0.15228061555491668,-0.45793600151105446,0.126885309334699,-0.13062730954622315,-0.2517857236734965,-0.27446809746443035,-0.06111112121114748,-0.9,-0.9,-0.9,-0.9,-0.8483253656330314,-0.833944940131558,-0.8510869602977547,-0.8300970961958748,-0.14219327874730647,0.25206762495263757,0.33088239759632077,0.47526324607045434,0.8361818398828845,0.8307691245273675,0.8343750360887495,0.4263158217836137
-0.03877521265716011,0.36288778140432887,0.13371932144874077,-0.1669829946990251,-0.6711978905892392,-0.20824179951019994,-0.2991861300619101,0.09832749680796682,-0.36182234603655916,-0.009221244888718116,-0.037638380033556906,-0.12321429264486305,-0.15638297753616826,-0.10555557300107288,-0.9,-0.9,-0.9,-0.9,-0.8483253656330314,-0.8380733813733355,-0.8510869602977547,-0.8279126272986101,-0.18401483721514422,0.15563905551263002,0.21176474424381897,0.3473684777549587,0.7805454676430582,0.8099999134536254,0.7968749422580009,0.4394737290032317
0.05541623747492641,0.38427340624781936,0.13415654522289133,-0.2964159790950288,-0.6420120710725068,-0.20905299086861218,-0.26474774340959273,0.012706322172886031,-0.2078053643680644,-0.24602455955868452,0.019649447753511295,-0.06428572411453326,0.05425531539834971,-0.19444446595621023,-0.9,-0.9,-0.9,-0.8867088611342014,-0.7944976159061532,-0.7844036547656026,-0.8046195674968153,-0.784223304852906,-0.44330849826682206,-0.31466165715766137,-0.2845587757274286,-0.32999995918552105,-0.18654543370335996,-0.16269229332428725,-0.1757812581199686,-0.32368418847318936
0.11946208436387551,0.4034659342093586,0.13412837975857494,-0.4181859193500124,-0.5658369285430311,-0.20843965842449175,-0.18686249099141305,0.3176584893169422,-0.18223384897721073,-0.1545491465990213,0.2247232464443668,0.05892856191477891,0.06063829737316162,-0.14444446831725766,-0.895945945853681,-0.8249999990977813,-0.8235849031628149,-0.7746835387525717,-0.7126794386088758,-0.7266054964514681,-0.7557065306189068,-0.7601941873463324,-0.5704460383273149,-0.5447368334936624,-0.4874999456545897,-0.6063157677172653,-0.6725454351017663,-0.6923076973814716,-0.6796874995488906,-0.752631570123452
0.1712764535191268,0.41909602807485624,0.13421301065708457,-0.494456954945935,-0.4828113449980656,-0.18863442640910622,-0.09749784817312845,0.15619028660771173,-0.16489223068252112,-0.2227868512467428,0.15470478960902423,0.05892855662233776,0.09893617019927459,-0.16666667296279325,-0.9,-0.9,-0.9,-0.8677215188988692,-0.7966507213200729,-0.7947247602538906,-0.8070652172224582,-0.80169902575852,-0.5788103502623685,-0.554887211075041,-0.49852935686984745,-0.618947348129777,-0.6970908903859367,-0.7338461575054249,-0.7218749981955626,-0.7947368349341649
0.2054571346010211,0.429638538065645,0.13422710683979877,-0.5244083658032248,-0.4053386513441441,-0.0829802002609209,-0.029680129185020387,0.17143784835832954,-0.21897453378624698,-0.22795078561290316,0.13477859090447197,-0.021428579997285313,0.05744680923916956,-0.22777779417394073,-0.9,-0.9,-0.9,-0.8791139235822483,-0.7988038292204902,-0.7905963333151773,-0.8070652256954686,-0.7995145619066726,-0.5855017999553029,-0.5650375857259048,-0.5095587680851053,-0.631578927630573,-0.7019999814427708,-0.7407692338596237,-0.7312499983083399,-0.7947368349341649
0.2414076032862974,0.43716414903931156,0.13417069520782976,-0.5266491908766823,-0.35167071247813675,0.12858551956996334,0.008965819617120174,0.20877500495065504,-0.2442521233823821,-0.18258195619041928,0.1430811767367265,0.08571427764961392,0.03829787282611308,-0.20555556827897803,-0.9,-0.9,-0.9,-0.8962025316351611,-0.8138755969558983,-0.8009174292680892,-0.8168478330710502,-0.8038834946557848,-0.5855017999553029,-0.5650375857259048,-0.5117646508376451,-0.6363157700573359,-0.716727254613273,-0.7407692338596237,-0.7406249984211173,-0.7947368349341649
0.30135607922357666,0.44245211492163994,0.13421295685486057,-0.5265754242140077,-0.32531857049908885,0.36424986456610375,0.05550490638071881,0.1567767217301027,-0.2851077872860197,-0.16266389955606753,0.10405903478533685,0.08571427235717277,0.009574466304252405,-0.1444444576925441,-0.9,-0.9,-0.9,-0.8905063290879027,-0.8289473696643014,-0.8133027386903579,-0.8315217398979177,-0.8213592206068161,-0.5855017999553029,-0.5684210439428594,-0.5139705335901849,-0.6363157700573359,-0.7069090724996049,-0.7407692338596237,-0.7312499983083399,-0.7947368349341649
0.3806452640127912,0.4424409672524653,0.13445275336767548,-0.5265662077783275,-0.3185635232031909,0.4625043588387584,0.13004365057563383,0.08229796977573334,-0.26688439879459047,-0.21135243195522546,0.07915128770694257,0.10178570603202652,-0.035106382789845014,-0.1722222506859611,-0.9,-0.89296875,-0.8943396225926888,-0.8829113927693625,-0.8332535929246283,-0.8194953981691803,-0.8339673896235604,-0.8235436895040807,-0.5855017999553029,-0.5684210439428594,-0.5183822990952645,-0.6410526133958147,-0.7118181635564389,-0.7407692338596237,-0.7312499983083399,-0.7947368349341649
0.4518008157318668,0.4386781511488044,0.1345091380985325,-0.5265754242140077,-0.3180769824769394,0.4810828835109572,0.20298686496868934,0.08307999719946213,-0.3112671578600187,-0.16450814560243487,0.07223246444366915,0.10178570603202652,-0.07021276938424159,-0.11111111885009994,-0.3527026981474535,-0.03984375496220305,-0.17830184522807901,-0.45949364884770943,-0.8375598136984578,-0.8256880671833788,-0.8413043388004889,-0.8213592206068161,-0.5855017999553029,-0.5701127735397558,-0.5205881818478042,-0.647368401778639,-0.7069090724996049,-0.6992307737356702,-0.6937499995488907,-0.7263157807564012
0.4940220454984475,0.4285252787377355,0.1344950419158183,-0.5267967593792671,-0.3179338009077387,0.4850399768868988,0.22906625256791868,0.1161164534915996,-0.30039191064284654,-0.14237700250657093,0.0849631019568684,0.11785713441443957,-0.11170213224662262,-0.03888889531618478,0.1966216476034136,0.6210937369178283,0.469811380778442,-0.18037970087129318,-0.8397129240853726,-0.8256880671833788,-0.8413043388004889,-0.8213592206068161,-0.5855017999553029,-0.5701127735397558,-0.5205881818478042,-0.6536841919848948,-0.6823636172154345,-0.6403846177293164,-0.6234374995488907,-0.6131578760693271
0.5053534706501283,0.41789371479548365,0.13441043791842067,-0.5272578274039106,-0.3160065274878404,0.4978609411221505,0.22974401070365558,0.15834059015122082,-0.3500653250289394,-0.05569669082636386,0.08883764131736249,0.11785712912199842,-0.14680851123191585,0.00555555647374073,0.39729730809492503,0.7734374485735321,0.6481133371326359,-0.16708857406553268,-0.8397129240853726,-0.8256880671833788,-0.8413043388004889,-0.8213592206068161,-0.5855017999553029,-0.5734962327335487,-0.5205881818478042,-0.6536841919848948,-0.6479999798175959,-0.567692311013327,-0.5578124990977813,-0.5289473403697957
0.5049811331083028,0.39901289689772057,0.134283491570656,-0.5285027145881717,-0.31521466134622955,0.504291209602927,0.22972989859751547,0.1481755075560668,-0.4667537687267133,0.009959072287819448,0.034040585763771114,0.06428570294476943,-0.21063829673906975,0.022222247144389806,0.4682432639949342,0.6984374774445316,0.6028302034796157,-0.3000000087709368,-0.8397129240853726,-0.8256880671833788,-0.8413043388004889,-0.8213592206068161,-0.5855017999553029,-0.5751879623304451,-0.5272058262842618,-0.6521052442054018,-0.5465454363489936,-0.40673078527851814,-0.4007812540599844,-0.339473650241114
0.4935566235711665,0.35733261120030047,0.13426939538794158,-0.5295632027043633,-0.3159111701641737,0.5056761842652392,0.22965928420381354,0.1378149258727447,-0.41737427800157484,0.011065608190135023,0.04538745028962021,0.02142856015063177,-0.2744680898553269,0.03888889531618478,0.644594678613636,0.46875000360887487,0.500943401159872,-0.48607594192844605,-0.8397129240853726,-0.8256880671833788,-0.8413043388004889,-0.8213592206068161,-0.5855017999553029,-0.5751879623304451,-0.5272058262842618,-0.6536841919848948,-0.12436361868943024,0.2925000204373368,0.26484373872226585,0.39210532622490446
0.47241486213142025,0.30850528937438126,0.13414244904017714,-0.5300795693430864,-0.3169128952097018,0.5062697562908979,0.229320432067445,0.20662463926503294,-0.4573481484616733,0.1065984122852025,0.0916051612461396,0.04821427456235661,-0.30319149637718756,0.14444442581840333,0.7905406407560235,0.40781254059984307,0.5632075465120171,-0.44810126759917707,-0.8397129240853726,-0.8256880671833788,-0.8413043388004889,-0.8213592206068161,-0.5871746623181652,-0.5734962327335487,-0.5227940633266235,-0.6536841919848948,0.11618184593004688,0.6715385062953451,0.6515624954889062,0.8105263916724889
0.4549363147004898,0.26116965308595097,0.13417066830671776,-0.5303101561212613,-0.31697025518760225,0.5061906108382946,0.22902386238649697,0.2646829592240024,-0.32596343142426243,0.07635250157541118,0.19068265286681918,0.13392855750441124,-0.25212767862420915,0.24444442109630848,0.8310811441797185,0.43828126127773415,0.628301930206873,-0.4291139172781374,-0.8397129240853726,-0.8256880671833788,-0.8413043388004889,-0.8235436895040807,-0.5855017999553029,-0.5751879623304451,-0.5294117077630811,-0.6536841919848948,0.11127275959755834,0.685384647011173,0.6750000162399371,0.8473684881250595
0.44599547657784233,0.21692890703155332,0.13425529920522739,-0.530393139219616,-0.3170274695818024,0.5058938319012894,0.22905208659877763,0.2746523563046487,-0.25747877695730315,0.017704970172839785,0.2413284128996912,0.19821427103406253,-0.1755319177537764,0.23333330814882702,0.851351395891566,0.46874998195562545,0.6594340813249092,-0.4215189789039089,-0.8397129240853726,-0.8277522854204236,-0.8461956495491219,-0.8235436895040807,-0.5871746623181652,-0.5751879623304451,-0.5294117077630811,-0.6536841919848948,0.10145458693258125,0.6715385062953451,0.6515624521824072,0.8421053349621813
0.4454057052806767,0.17488123662545096,0.1342976146544822,-0.5294894008644531,-0.3170274695818024,0.5056761842652392,0.2293769343550066,0.2619461584159891,-0.3221423996866287,0.03393446143005063,0.2523985342882765,0.18749998897408127,-0.12446809239169476,0.17777774341142039,0.8472973455491964,0.4757812251889847,0.6707548255171824,-0.4234177113047318,-0.8397129240853726,-0.8256880671833788,-0.8486413049234383,-0.8279126272986101,-0.5855017999553029,-0.5751879623304451,-0.5249999448054427,-0.6536841919848948,0.08181818113100425,0.6507692952216028,0.6281249747378755,0.8184211457292286
0.4457780428225021,0.11888454086537348,0.13474893461134718,-0.5183406092884788,-0.3170370053141691,0.5054189733373194,0.23005458476474272,0.20486539603997322,-0.22544089408264012,-0.05754095152961247,0.28948340655941907,0.2035714173564943,-0.07340426322506133,0.1555555175164577,0.8229730434949797,0.47109372970007846,0.6509435231807043,-0.4367088644233027,-0.8397129240853726,-0.8256880671833788,-0.8461956495491219,-0.8257281584013454,-0.5855017999553029,-0.5751879623304451,-0.5294117077630811,-0.6552631393085298,0.05236366313607299,0.5953846364177368,0.5648437856376402,0.757894811418861
0.44633702284712473,0.046133280541746924,0.13510152748698834,-0.4886934815175681,-0.3170370053141691,0.505141983122073,0.23139604279307668,0.08523026967191438,-0.058491179243380764,-0.2139344101309666,0.2687269471879675,0.19821427632650368,-0.015957453985891767,0.06111112121114737,0.772297414215361,0.47109372970007846,0.6169811337199572,-0.45759493837422854,-0.8397129240853726,-0.8256880671833788,-0.8486413049234383,-0.8300970961958748,-0.5871746623181652,-0.5751879623304451,-0.5294117077630811,-0.6552631393085298,-0.039272705777814054,0.4551923337492393,0.4148436918068915,0.5789474336940416
0.44714399104368685,-0.029634836331690506,0.13536951636523142,-0.4547768223293207,-0.3169511109310188,0.5051617671266156,0.23438947904783147,-0.06274983200915396,-0.05231874833541439,-0.3076229095521419,0.15885609294352065,0.11249998544578743,-0.03191489275357695,-0.17777779653498815,0.4520270438983204,0.48749998556450025,0.4783019127753255,-0.4234177113047318,-0.8354067033115431,-0.8256880671833788,-0.8437499941748053,-0.8257281584013454,-0.5855017999553029,-0.5751879623304451,-0.5316175905156209,-0.6568420866321648,-0.42709088131519335,-0.24923078273009713,-0.23671876037551554,-0.19473681669984821
0.4420527725567126,-0.09039632193449365,0.13560925907582233,-0.4376525089498706,-0.3169128952097018,0.5050826263912286,0.23574494145630498,-0.24493919808502862,0.12080339022439512,-0.4949999743504579,0.13035054964189652,0.09107141867960444,0.006382980072536015,-0.2944444718588288,-0.6750000046817839,-0.5812499992105586,-0.5886792356525,-0.7310126551607958,-0.8267942617638842,-0.8194954029368684,-0.8388586975478565,-0.8169902979485384,-0.5921932494067514,-0.5751879623304451,-0.5294117077630811,-0.6521052442054018,-0.6332727057022246,-0.6542307724364753,-0.6398437527066563,-0.7210526207556541
0.39116948411196606,-0.1217789429235091,0.13544002417991485,-0.43879598016441695,-0.31694157519865207,0.505043053664927,0.23591439445598905,-0.26018675983564654,0.11962768704552051,-0.5082786653378847,0.11845018321396539,0.10714284176957622,0.01276595824279625,-0.27777780243760675,-0.9,-0.9,-0.9,-0.9,-0.8181818202162252,-0.800917419732713,-0.8168478245980398,-0.7973300980548251,-0.5888475246810273,-0.5785714205473997,-0.5360293560207005,-0.6536841919848948,-0.6970908903859367,-0.7130769284428291,-0.7078124995488906,-0.7736842025288085
0.29132807232422475,-0.12415019017569706,0.13483356550985703,-0.44882894983288496,-0.31601606322020714,0.5050430583821431,0.23594267253127,-0.012706291101829303,0.024395815805687393,-0.34045077645235233,0.17573800253610894,0.13392855750441124,-0.006382976267984453,-0.2222222377002,-0.9,-0.9,-0.9,-0.9,-0.816028707342813,-0.802981647505134,-0.8217391353466728,-0.8038834946557848,-0.5921932494067514,-0.5751879623304451,-0.5360293560207005,-0.6536841919848948,-0.6970908903859367,-0.7269230811512264,-0.7218749981955626,-0.7789473606301476
0.2065128015373524,-0.10710625335403279,0.13469252297937817,-0.4550626725443398,-0.2978978077642457,0.504983696934083,0.23660626469786628,-0.015833996873008904,0.16841931865689552,-0.4175409661864937,0.21088561554537344,0.17678569632921814,0.01595744637678853,-0.20555556827897803,-0.9,-0.9,-0.885849056277446,-0.8677215193100067,-0.8031100499943196,-0.7988532110310445,-0.8168478302467135,-0.8038834896103675,-0.5921932494067514,-0.5819548787643543,-0.5360293560207005,-0.6536841919848948,-0.6970908903859367,-0.7407692338596237,-0.7218749981955626,-0.7894736768328259
0.1717110841738657,-0.0549725328509425,0.1344809726342161,-0.4567686277532441,-0.24751187144085773,0.5050628423866862,0.23700167298479669,0.012315417209719737,-0.02028087624187569,-0.30172128702725154,0.17878227602051922,0.06428570426787972,-0.009574470108804078,-0.20555556827897803,-0.9,-0.9,-0.9,-0.8810126584498972,-0.8009569396074049,-0.792660546784534,-0.8095108725967746,-0.7995145619066726,-0.5921932494067514,-0.5819548787643543,-0.5382352387732403,-0.6536841919848948,-0.7019999814427708,-0.7407692338596237,-0.7312499983083399,-0.7947368349341649
0.16646472504446252,0.016019752678873456,0.1345373573650731,-0.4568239967217944,-0.171308121714282,0.5049639129295403,0.2373687493334452,-0.012901821261054103,0.03821031737633751,-0.36479505730881256,0.1757379973269243,0.10178569809336524,0.025531914583316717,-0.22777779417394073,-0.9,-0.9,-0.9,-0.886708860448972,-0.8031100524808171,-0.790596323779801,-0.8095108697724378,-0.803883499701202,-0.5921932494067514,-0.5819548787643543,-0.5382352387732403,-0.6536841919848948,-0.6970908903859367,-0.7407692338596237,-0.7312499983083399,-0.7947368349341649
0.16593677314832622,0.08889342502686415,0.13422710683979877,-0.4568332483347097,-0.10002750318737319,0.5044099230646152,0.24536056431188402,0.13195038822249539,-0.3327237193122282,-0.09811471631484314,0.1541512824977581,0.16071427853168718,0.07021276177513835,-0.10555555175164577,-0.885810810926801,-0.7453125040599844,-0.6792452741694798,-0.49177215228732,-0.006459341106734073,-0.00825691108968385,-0.0660326640388389,-0.16601944951167846,-0.5921932494067514,-0.5751879623304451,-0.5360293560207005,-0.6521052442054018,-0.6970908903859367,-0.7407692338596237,-0.7312499983083399,-0.7999999930355041
0.16826530392038686,0.11508832422149984,0.13441041101730866,-0.4570453318870539,-0.07849356295603349,0.500076910016282,0.28825678862327264,0.1794526274099747,-0.02880471350759084,-0.2781147236432837,0.25488930066142046,0.23571426353643787,0.12446808192917758,-0.05555557536212041,-0.6993243184404607,-0.29531249729334386,-0.2009433793704375,0.05126584498971354,0.5016745709612828,0.46032111502366424,0.3913043091449525,0.12451449505489409,-0.5905203870438893,-0.5751879623304451,-0.5338234732681606,-0.6536841919848948,-0.6970908903859367,-0.7407692338596237,-0.7359374983647285,-0.7947368349341649
0.17872746776258996,0.11637971268599079,0.13432580701991081,-0.4571098821140487,-0.07775891120862255,0.4975048007370849,0.32834303405972987,0.25705899192235393,-0.04114958251093992,-0.15159833533657618,0.29308118194591104,0.2732142825010181,0.07340424990913041,0.0944444175547372,-0.589864849174562,-0.04687499819556251,0.06509435754753479,0.3056962147443424,0.5791864951602633,0.49954133781052434,0.4304347047552376,0.10048537250290324,-0.5905203870438893,-0.5751879623304451,-0.5338234732681606,-0.6521052442054018,-0.7019999814427708,-0.7407692338596237,-0.7406249984211173,-0.7947368349341649
0.1936602875220611,0.11125870703741392,0.1342693953879418,-0.4571190985497287,-0.07762526537178882,0.4971486650692357,0.34074024998895813,0.30456123110983324,-0.17958850963732698,-0.0689753708211297,0.26346862442175445,0.2571428435337232,0.019148934510780702,0.14444444706783066,-0.5067567328838765,0.19453121436235998,0.31415096510343654,0.5145570068792212,0.5834927109610978,0.4665137315932938,0.3913043091449525,0.030582448517109007,-0.5921932494067514,-0.5751879623304451,-0.5338234732681606,-0.6521052442054018,-0.7019999814427708,-0.7407692338596237,-0.7406249984211173,-0.7947368349341649
0.2192414398946464,0.08400622315977468,0.13431173773830862,-0.4567041127034847,-0.07739633500313803,0.4973069465400092,0.34161568533665976,0.2468939714693129,-0.17694318107856766,-0.08520487673522203,0.24437270201165495,0.21428570470891628,-0.038297880435216314,0.11111115072424071,-0.429729720197449,0.46171873872226576,0.5660377587074067,0.6588608096767524,0.4370812742728257,0.24564222766348454,0.1760869073414394,-0.16165051171714906,-0.5921932494067514,-0.5751879623304451,-0.5360293560207005,-0.6536841919848948,-0.7019999814427708,-0.7407692338596237,-0.7406249984211173,-0.7947368349341649
0.24923119192752885,0.03515660599550663,0.1345373842661851,-0.4427243275754194,-0.07729136915525447,0.4971684537909945,0.34280169474544875,0.2146394804587911,-0.0126387912043594,-0.20139341829493085,0.30857932896951834,0.23571426882887903,-0.0063829838770878,0.03333333884244405,-0.40135133971015885,0.557812482857844,0.6141508953772467,0.6531646475580309,0.2755980424976733,0.06605505033306602,-0.007336980244633362,-0.2970874118033735,-0.5921932494067514,-0.5751879623304451,-0.5382352387732403,-0.6536841919848948,-0.7069090724996049,-0.7407692338596237,-0.7406249984211173,-0.7947368349341649
0.2745018261593176,-0.006033819267900253,0.13445275336767548,-0.3972162064806787,-0.07732951208472127,0.4968320974104715,0.3428723630021514,0.2639008385871039,-0.09199869827905305,-0.10032783941855827,0.35313653682438517,0.2892857108834309,0.06382978550715379,0.16666665171336603,-0.3993243145389741,0.5554687351133908,0.6339623023030095,0.675949436367906,0.3509568985801964,0.15068805526415863,0.0733695058909688,-0.2359223634066382,-0.5905203870438893,-0.5751879623304451,-0.5360293560207005,-0.6536841919848948,-0.7118181635564389,-0.7407692338596237,-0.7406249984211173,-0.7947368349341649
0.28999338908746763,-0.048849617164267944,0.13452328808347092,-0.318446144903319,-0.07749176511865508,0.49487334416147577,0.34189803518546646,0.3135534434602053,0.1640104568920734,-0.1689343844814245,0.5011992410982155,0.4446428378002457,0.22021276447002902,0.355555550571122,-0.35270267942031774,0.5953124467690946,0.7726415232476415,0.8145569016279796,0.6351674199229908,0.4314220215635328,0.3692934164247782,-0.030582599879626526,-0.5921932494067514,-0.5751879623304451,-0.5360293560207005,-0.6536841919848948,-0.7118181635564389,-0.7407692338596237,-0.7406249984211173,-0.7947368349341649
0.2919803735902454,-0.09560631783356688,0.1345091919007565,-0.22430384251104818,-0.07762526537178871,0.49184616975728346,0.3387775361124491,0.35597301706588136,0.17635531870800614,-0.1777868475825225,0.561254627231797,0.6107142679468055,0.4244680797098558,0.4277777634803236,-0.3081080881999818,0.5882812035357351,0.8150943662633084,0.8677215491860103,0.7578947293826127,0.526376213033611,0.4989129648573202,0.028398004846930447,-0.5921932494067514,-0.5785714205473997,-0.5360293560207005,-0.6536841919848948,-0.716727254613273,-0.7407692338596237,-0.7406249984211173,-0.7947368349341649
0.29347043432537323,-0.152315572607282,0.1348335386087448,-0.13622004502060758,-0.07752987165219682,0.4905996831267704,0.3388340384000105,0.140160697433365,0.2654147662272891,-0.3784425997040449,0.4203874424758435,0.48749999779481634,0.37340425434777413,0.1555555387658848,-0.3081080881999818,0.5437499963911251,0.7669811511515049,0.8525315847281852,0.788038279772414,0.563532141300417,0.545380332239228,0.061164962624642216,-0.5921932494067514,-0.5785714205473997,-0.5382352387732403,-0.6536841919848948,-0.716727254613273,-0.7407692338596237,-0.7359374983647285,-0.7947368349341649
0.29648182078005647,-0.20496138518176799,0.1350310196723049,-0.04837608592125742,-0.07702425946121194,0.4912130344397555,0.34068374770139676,-0.17104691232410674,0.19839974253077697,-0.4946311302710929,0.12453874581033963,0.26249998985615497,0.2106382938856558,-0.13888891184351693,-0.344594560008443,0.4734374774445317,0.6650944011264034,0.7898733804172814,0.7643540530838645,0.5676605777745064,0.5429346825135853,0.07864075416609773,-0.5921932494067514,-0.5751879623304451,-0.5382352387732403,-0.6536841919848948,-0.716727254613273,-0.7407692338596237,-0.7406249984211173,-0.7947368349341649
0.29725799770407624,-0.24643014120239404,0.13494638877379506,0.039993632138672575,-0.06915298553953508,0.4920044512280576,0.34165807551808147,-0.20721113652953693,0.08465054262996341,-0.42233603448796714,0.023523981904820856,0.12321427809065055,0.05425532110517739,-0.2611111330163848,-0.4418918899516932,0.2671874810534066,0.3962264127920597,0.575316478789302,0.6265549883213221,0.4912844648623452,0.4304347047552376,0.04150476777634626,-0.5905203870438893,-0.5751879623304451,-0.5382352387732403,-0.6536841919848948,-0.716727254613273,-0.7407692338596237,-0.7406249984211173,-0.7947368349341649
0.298064965900639,-0.280395517886736,0.1348053462433162,0.14115351157925138,-0.03267779015104444,0.4927958680163592,0.34210987836657203,-0.35988271918973314,-0.057903342028776006,-0.3518852250576321,-0.20230627615748598,-0.07500000948229002,-0.09255319583356614,-0.3055555741815966,-0.7581081022453336,-0.4523437531577656,-0.452830179511238,-0.3911392122505897,-0.3272727564325615,-0.3653669521597145,-0.40842395042756674,-0.5199029214630855,-0.5921932494067514,-0.5819548787643543,-0.5404411208889197,-0.6536841919848948,-0.6921818002739717,-0.7148076950329267,-0.7124999979136192,-0.7631578855663671
0.29828216280003683,-0.3181794065533007,0.13467839989555197,0.23385720575180635,0.0014502320300882054,0.49297393349167595,0.34229344347239665,-0.4247827304581696,-0.18899412428719797,-0.2939753891422313,-0.31383764131736247,-0.18750000485140417,-0.1244680847825913,-0.3388889023993271,-0.9,-0.9,-0.9,-0.9,-0.852631581433866,-0.8587155899660678,-0.8535326100233975,-0.862864076677964,-0.5838289374716978,-0.5650375857259048,-0.5227940620529028,-0.6347368222778429,-0.6267272515896919,-0.6628846203776755,-0.667968749661668,-0.7394736743002819
0.2982201065430664,-0.3732187404846681,0.13486178477639743,0.2915930394100731,0.013691309902688298,0.48616774533850704,0.3423216676846773,-0.5021937201666071,-0.001763569143144128,-0.44040981576218924,-0.2964022207066196,-0.14464286602659726,-0.1276595710143077,-0.35000001534680847,-0.9,-0.9,-0.9,-0.9,-0.8806220114907625,-0.8834862302652015,-0.8804347824244998,-0.8847087429462335,-0.5888475246810273,-0.5718045031366522,-0.5294117090368016,-0.6457894544550038,-0.6578181628761333,-0.6871153886167515,-0.6843749990977813,-0.7578947282247912
0.2940602056225389,-0.42130027262598163,0.134791250060602,0.3025297122564682,0.015790335692961954,0.43278663296505726,0.3422792775032558,-0.5270199293899882,0.0023513991703325576,-0.45221308646151215,-0.2930811832482072,-0.15000001102591864,-0.10531914456498326,-0.34999999409738136,-0.9,-0.9,-0.9,-0.9,-0.8870813389217604,-0.8876146762746672,-0.8853260875244591,-0.8868932042753722,-0.5855017999553029,-0.5582706692919956,-0.5249999448054427,-0.6426315602635917,-0.6774545261586004,-0.7061538500898689,-0.7078125000563886,-0.7684210455671142
0.2682926476230979,-0.4508905607482853,0.13421298375597257,0.28037966242986856,0.0158475500871621,0.3031524432239271,0.34222282907869495,-0.506103329077289,0.09728934102173914,-0.503852437451556,-0.23662361808148236,-0.11785715293798271,-0.022340422644772873,-0.33333333530087284,-0.9,-0.9,-0.9,-0.9,-0.8913875596955898,-0.8917431151326007,-0.8902173898000815,-0.8956310672508879,-0.5788103502623685,-0.5565789396950992,-0.5249999460791632,-0.6426315602635917,-0.6921817993291026,-0.7269230811512264,-0.7218749987030606,-0.7842105187314867
0.23020029064855863,-0.4560338192679004,0.11828962370903795,0.2382743408489626,0.015847550087161877,0.1597277975494943,0.34223699504783556,-0.49672018069269397,0.06789680467437609,-0.5138114584402913,-0.19621771584012992,-0.10178572455556989,-0.012765960145072142,-0.35000002065916525,-0.9,-0.9,-0.9,-0.9,-0.8720095711863523,-0.8814220144120006,-0.8779891326988569,-0.8847087404235248,-0.5804832126252306,-0.5633458571058466,-0.5294117103105223,-0.6410526124840988,-0.7069090724996049,-0.7407692338596237,-0.7359374983647285,-0.7947368349341649
0.19549189452646976,-0.4504230381199325,0.059095448313906895,0.1957262785830668,0.015981123132145836,0.11756501767850136,0.3421381025788527,-0.42106858956459925,0.10346179349195428,-0.4326639142129487,-0.1502767561602253,-0.08035715249694608,-0.0255319164855925,-0.32222224891517537,-0.9,-0.9,-0.9,-0.9,-0.8483253581735389,-0.8525229257195572,-0.8559782597490403,-0.8672330094270763,-0.5871746623181652,-0.5650375867027431,-0.5316175917893415,-0.647368401778639,-0.7118181635564389,-0.7407692338596237,-0.7406249984211173,-0.7947368349341649
0.1756850531794224,-0.43380209695088934,-0.04884192804932941,0.15751240349320883,0.024596657325450355,0.11515119930451034,0.34210982450357175,-0.4028887589888567,0.08435663480378564,-0.38102455955868453,-0.14225092681377027,-0.0589285810998772,-0.022340422644772873,-0.30555556886923985,-0.9,-0.9,-0.9,-0.9,-0.8569378009644466,-0.8690366906866678,-0.8706521778732549,-0.8781553438225652,-0.58550179983456,-0.5633458561290083,-0.5294117090368016,-0.6442105071313688,-0.7118181635564389,-0.7407692338596237,-0.7406249984211173,-0.7947368349341649
0.1680788982935325,-0.4096666924773546,-0.1840422095186538,0.12195433932305255,0.05494652771349495,0.11372665663311288,0.34244873050294056,-0.28090789213123424,-0.0008817809778639552,-0.252663892227627,-0.11485240261828888,-0.005357152937982668,0.03191488894902528,-0.40000001298576104,-0.9,-0.9,-0.9,-0.9,-0.5770335190442126,-0.493348625887133,-0.5135869761846492,-0.4063107128722166,0.006691480603148725,0.0016916895465262094,-0.03970585006037897,-0.3994736487191882,-0.716727254613273,-0.7407692338596237,-0.7406249984211173,-0.7947368349341649
0.16770632389576468,-0.39325736591972804,-0.3023459832126302,0.09730529869225113,0.09315809989492474,0.11216361649548434,0.34890151796708124,-0.3723935112033945,0.09993466958049846,-0.41790980293741814,-0.11817343747210918,0.06428570294476943,0.15957446662129848,-0.6222222327567569,-0.9,-0.9,-0.9,-0.9,0.05813392574375298,0.3550458514391145,0.3179346818075012,0.537378607050779,0.8113383161398232,0.5633458238933443,0.6330882913877719,-0.1657894393509114,-0.7069090724996049,-0.7407692338596237,-0.7406249984211173,-0.7947368349341649
0.17084205972033117,-0.38816978204501884,-0.37211807938255126,0.08969751798807468,0.1185561590943528,0.10751400748508988,0.38154664374257397,-0.3612511195937398,0.15460483146107806,-0.49278686956784434,-0.0827490800232843,0.10178570073958582,0.25531914583316706,-0.705555565253886,-0.9,-0.9,-0.9,-0.9,0.23038273680495147,0.5779816689597302,0.5624998803187279,0.7558252344155513,0.8531598359698932,0.5328947263153873,0.6485294935825202,-0.15157888198399994,-0.7069090724996049,-0.7407692338596237,-0.7406249984211173,-0.7947368349341649
0.20614022713958635,-0.38778014446529896,-0.38687086443973695,0.0921319937425169,0.12159969553595473,0.09425776212938564,0.4160979811070141,-0.17652042072696328,0.20104505671470385,-0.31795079294134376,0.02463099612735331,0.12857141647442083,0.1755319129980869,-0.43888890298958894,-0.9,-0.9,-0.9,-0.9,0.26698561089600437,0.615137635368041,0.6065215753802989,0.7864077687047536,0.8397769496242707,0.5125939320790979,0.6220588903622787,-0.1578946949831519,-0.716727254613273,-0.7407692338596237,-0.7406249984211173,-0.7947368349341649
0.25385651477533744,-0.387468434401523,-0.3875196116579376,0.11574830109587253,0.12157108833885466,0.08420677080483885,0.4196702291655222,-0.19235441759997218,0.20633572820705515,-0.32864750941724974,0.040959403817859896,0.1446428395643925,0.19787233992298037,-0.3222222436028187,-0.9,-0.9,-0.9,-0.9,0.2928229057010113,0.6440368051111821,0.6358695076561794,0.8060679433713803,0.8230483416922428,0.4855262272699291,0.5757352837780331,-0.1673683998944261,-0.7019999814427708,-0.7407692338596237,-0.7406249984211173,-0.7947368349341649
0.2829149492417714,-0.38607682308273883,-0.3880273432467718,0.15743867200776973,0.12160923126832135,0.08250523320097891,0.41954322021025947,-0.31629015105504876,0.20339647744728528,-0.3850819397014279,-0.06199262325642507,0.11785713441443957,0.1404255302082419,-0.3888889000382796,-0.9,-0.9,-0.9,-0.9,0.2928229057010113,0.6440368051111821,0.6285325132898619,0.7951456241121434,0.8130111769330258,0.48214277198348954,0.5735294035729345,-0.1721052377626099,-0.7118181635564389,-0.7407692338596237,-0.7406249984211173,-0.7947368349341649
0.29483638254655953,-0.3761243963802562,-0.388478743906973,0.19947947853891568,0.12165694632608004,0.0663207287465799,0.41958555652868046,-0.35225896938548074,0.1084585284084626,-0.33381144378341,-0.1757380110010337,0.05892855662233776,0.03191489085130117,-0.4055555641471449,-0.9,-0.9,-0.9,-0.9,0.2562200713939181,0.5965596330931332,0.5698368294956565,0.7558252344155513,0.8197026201058372,0.5024435037021276,0.5889705650086253,-0.1721052377626099,-0.7118181635564389,-0.7407692338596237,-0.7406249984211173,-0.7947368349341649
0.2964505557956273,-0.35336947678998654,-0.38932494528762174,0.22950472641335085,0.12168562631503022,-0.01602626072135449,0.41902074910506626,-0.2959599858647407,0.0617243378293284,-0.26446717391961083,-0.18265683113065723,0.037499987209934416,-0.0063829838770878,-0.40000001298576104,-0.9,-0.9,-0.9,-0.9,0.2045454419999445,0.5346330859817902,0.4915760382750861,0.6837378062145717,0.8130111769330258,0.5244360880992881,0.5999999660341185,-0.17368418371867111,-0.716727254613273,-0.7407692338596237,-0.7406249984211173,-0.7947368349341649
0.2965126120525984,-0.31806809973079964,-0.3904108893788609,0.25008699721177396,0.12171426990805523,-0.1931455190844048,0.41554723192653975,-0.2961555160239653,0.01881123648715821,-0.23643439364197516,-0.1978782343658525,0.026785702503732578,0.038297870923837185,-0.4055555641471449,-0.9,-0.9,-0.9,-0.9,0.1657893804405549,0.483027477489652,0.43288035448088047,0.6444174568813176,0.8063197337602147,0.534586453958607,0.6066176474084722,-0.1721052377626099,-0.716727254613273,-0.7407692338596237,-0.7406249984211173,-0.7947368349341649
0.2967608370804823,-0.28001709167715716,-0.3910455404143477,0.26071017053611045,0.12172380564042207,-0.33271198197117724,0.39929531036399546,-0.3176585514590554,0.05084911576811324,-0.2932376936550606,-0.2097786013228411,0.032142846179943896,0.019148936413056483,-0.4444444541509729,-0.9,-0.9,-0.9,-0.9,0.18086113574347562,0.5077982489002083,0.4597825014629514,0.670631023103487,0.8280669240718511,0.5498120027475856,0.6286765717366324,-0.1673683998944261,-0.716727254613273,-0.7407692338596237,-0.7406249984211173,-0.7947368349341649
0.2969474795632806,-0.24316829073460933,-0.39115841748050995,0.26438963900652,0.12175241283752214,-0.385934803439421,0.39638665447208343,-0.32508686431725287,-0.08171129905760988,-0.24344258871138402,-0.2767527690462198,0.016071420443751427,-0.012765952535968683,-0.49444446241463896,-0.9,-0.9,-0.9,-0.9,0.1700955962413896,0.4954129013364349,0.44999990256038014,0.6684465592516394,0.8364312280378653,0.5616540962501245,0.6463236133774216,-0.1626315620262424,-0.7019999814427708,-0.7407692338596237,-0.7406249984211173,-0.7947368349341649
0.29716491331862016,-0.21789739529578256,-0.3911019789474288,0.264657056350179,0.12175241283752214,-0.39485804046400774,0.396316093941382,-0.3377931864901389,-0.023514049202655984,-0.2770081730840871,-0.26955720394797844,0.021428564119962412,-0.019148936413056594,-0.5277777826638343,-0.9,-0.9,-0.9,-0.9,0.15933005673930312,0.48715591396374147,0.437771653932166,0.6575242399924023,0.8364312280378653,0.5667292791797841,0.6529412539927176,-0.15947365552666648,-0.7118181635564389,-0.7407692338596237,-0.7406249984211173,-0.7947368349341649
0.29719617830304823,-0.20390382173241994,-0.39115841748050995,0.26477687001401773,0.12178102003462199,-0.3959462456237469,0.39627375762296146,-0.32000429194861923,-0.07965383646312041,-0.22131143828707966,-0.3027675303471463,0.016071420443751427,-0.05744681684827291,-0.5111111212111474,-0.9,-0.9,-0.9,-0.9,0.17655495972660107,0.47889904101556235,0.42554340530395207,0.6487863845850125,0.8330855064514596,0.5684210068230039,0.650735373787619,-0.16105261607018106,-0.7118181635564389,-0.7407692338596237,-0.7406249984211173,-0.7947368349341649
0.29741337520244626,-0.20158822789148245,-0.3910878827647146,0.2647860864496977,0.12180009149935545,-0.396401306031526,0.39623131357853947,-0.3141398475115398,-0.05437623967956906,-0.23090161153222954,-0.2916974219815224,0.016071420443751427,-0.060638303079989186,-0.5000000188883797,-0.9,-0.9,-0.9,-0.9,0.13995208563554795,0.44793576745989083,0.3937499588705954,0.6160194268073008,0.8263940632786483,0.5684210068230039,0.644117733172323,-0.16105261607018106,-0.7118181635564389,-0.7407692338596237,-0.7406249984211173,-0.7947368349341649
0.2975064595879017,-0.2016995559476389,-0.3910173480489191,0.26476765357833776,0.12180009149935545,-0.3967178689730737,0.3961041968972757,-0.31238057321542356,-0.05731549043933881,-0.22758193054087716,-0.29114391226566394,0.021428564119962412,-0.05106383297118511,-0.505555572705942,-0.9,-0.9,-0.9,-0.9,0.1507176251376342,0.4479358056013957,0.3986412583218809,0.6050970671847257,0.8263940632786483,0.5684210068230039,0.644117733172323,-0.16105261607018106,-0.716727254613273,-0.7407692338596237,-0.7406249984211173,-0.7947368349341649
0.2975064595879017,-0.20212257283391566,-0.390946867135348,0.2647860864496977,0.12180009149935545,-0.3969157278873653,0.3958924075791709,-0.31687661724849636,-0.0611365149895563,-0.22536882942248393,-0.29391144521740253,0.021428564119962412,-0.06382979311625725,-0.4833333494671576,-0.9,-0.9,-0.9,-0.9,0.12488033033262724,0.43348623980057754,0.3692934616141671,0.6050970268213877,0.8230483416922428,0.5684210068230039,0.6419118529672244,-0.16105261607018106,-0.716727254613273,-0.7407692338596237,-0.7406249984211173,-0.7947368349341649
0.29753748771638777,-0.2034696359433128,-0.39091867476991915,0.2647860864496977,0.12183823442882213,-0.39705426309132574,0.3956523940487847,-0.3160946830379374,-0.06084259278854587,-0.22278685857518343,-0.2952952103909757,0.016071420443751427,-0.07978723188394232,-0.49444446241463896,-0.9,-0.9,-0.9,-0.9,0.10119614342803762,0.3983945297708166,0.3472826140833817,0.5810678437243898,0.8197026201058372,0.5684210068230039,0.6419118529672244,-0.16105261607018106,-0.7118181635564389,-0.7407692338596237,-0.7406249984211173,-0.7947368349341649
0.29747543145941735,-0.20482778302091786,-0.39090457858720506,0.2647860864496977,0.12185730589355559,-0.3970740376614361,0.3954264926245393,-0.31062114356402426,-0.08553234517007624,-0.20176227336695673,-0.30138377298735,0.021428564119962412,-0.08297872572476206,-0.47777779299341694,-0.9,-0.9,-0.9,-0.9,0.09258365215042907,0.3922018750596822,0.34239131463209616,0.572329988317,0.8130111769330258,0.5718044621094435,0.6419118529672244,-0.1626315620262424,-0.716727254613273,-0.7407692338596237,-0.7406249984211173,-0.7947368349341649
0.29741337520244626,-0.20694297362058023,-0.39086229003906225,0.2647860864496977,0.12186684162592243,-0.3970740376614361,0.3952288154125746,-0.3088618071257947,-0.07847813328424602,-0.19696718674438174,-0.30415130072990404,0.016071420443751427,-0.09255319202901446,-0.47777779299341694,-0.9,-0.9,-0.9,-0.9,0.10334919165251522,0.3798165656374136,0.32527172136320737,0.5788834202358802,0.8130111769330258,0.5718044621094435,0.6352942123519284,-0.16105261607018106,-0.7118181635564389,-0.7407692338596237,-0.7406249984211173,-0.7947368349341649
0.2973513189454743,-0.20763319482855747,-0.39073526298796146,0.26479530288537745,0.12187637735828882,-0.39705426309132574,0.3950594162758908,-0.3069070026704538,-0.08876551813085654,-0.18737701349923186,-0.304151290311535,0.005357134414439524,-0.09574469347893755,-0.47777779299341694,-0.9,-0.9,-0.9,-0.9,0.08181809275636287,0.3653670379781001,0.30570638798989813,0.5439319582429832,0.8029740121738093,0.5751879173958833,0.6352942123519284,-0.16105261607018106,-0.7118181635564389,-0.7407692338596237,-0.7429687483647286,-0.7947368349341649
0.2973513189454743,-0.20763319482855747,-0.39073526298796146,0.26479530288537745,0.12187637735828882,-0.39705426309132574,0.3950594162758908,-0.3069070026704538,-0.08876551813085654,-0.18737701349923186,-0.304151290311535,0.005357134414439524,-0.09574469347893755,-0.47777779299341694,-0.9,-0.9,-0.9,-0.9,0.08181809275636287,0.3653670379781001,0.30570638798989813,0.5439319582429832,0.8029740121738093,0.5751879173958833,0.6352942123519284,-0.16105261607018106,-0.7118181635564389,-0.7407692338596237,-0.7429687483647286,-0.7947368349341649
0.2973513189454743,-0.20763319482855747,-0.39073526298796146,0.26479530288537745,0.12187637735828882,-0.39705426309132574,0.3950594162758908,-0.3069070026704538,-0.08876551813085654,-0.18737701349923186,-0.304151290311535,0.005357134414439524,-0.09574469347893755,-0.47777779299341694,-0.9,-0.9,-0.9,-0.9,0.08181809275636287,0.3653670379781001,0.30570638798989813,0.5439319582429832,0.8029740121738093,0.5751879173958833,0.6352942123519284,-0.16105261607018106,-0.7118181635564389,-0.7407692338596237,-0.7429687483647286,-0.7947368349341649
0.2973513189454743,-0.20763319482855747,-0.39073526298796146,0.26479530288537745,0.12187637735828882,-0.39705426309132574,0.3950594162758908,-0.3069070026704538,-0.08876551813085654,-0.18737701349923186,-0.304151290311535,0.005357134414439524,-0.09574469347893755,-0.47777779299341694,-0.9,-0.9,-0.9,-0.9,0.08181809275636287,0.3653670379781001,0.30570638798989813,0.5439319582429832,0.8029740121738093,0.5751879173958833,0.6352942123519284,-0.16105261607018106,-0.7118181635564389,-0.7407692338596237,-0.7429687483647286,-0.7947368349341649
0.2973513189454743,-0.20763319482855747,-0.39073526298796146,0.26479530288537745,0.12187637735828882,-0.39705426309132574,0.3950594162758908,-0.3069070026704538,-0.08876551813085654,-0.18737701349923186,-0.304151290311535,0.005357134414439524,-0.09574469347893755,-0.47777779299341694,-0.9,-0.9,-0.9,-0.9,0.08181809275636287,0.3653670379781001,0.30570638798989813,0.5439319582429832,0.8029740121738093,0.5751879173958833,0.6352942123519284,-0.16105261607018106,-0.7118181635564389,-0.7407692338596237,-0.7429687483647286,-0.7947368349341649
0.2973513189454743,-0.20763319482855747,-0.39073526298796146,0.26479530288537745,0.12187637735828882,-0.39705426309132574,0.3950594162758908,-0.3069070026704538,-0.08876551813085654,-0.18737701349923186,-0.304151290311535,0.005357134414439524,-0.09574469347893755,-0.47777779299341694,-0.9,-0.9,-0.9,-0.9,0.08181809275636287,0.3653670379781001,0.30570638798989813,0.5439319582429832,0.8029740121738093,0.5751879173958833,0.6352942123519284,-0.16105261607018106,-0.7118181635564389,-0.7407692338596237,-0.7429687483647286,-0.7947368349341649
