position0,position1,position2,position3,position4,position5,position6,torque0,torque1,torque2,torque3,torque4,torque5,torque6,tactile0,tactile1,tactile2,tactile3,tactile4,tactile5,tactile6,tactile7,tactile8,tactile9,tactile10,tactile11,tactile12,tactile13,tactile14,tactile15,size0,size1
-0.04737028208249938,-0.620022116561999,0.0957307196496221,-0.192771966756762,-0.03464882046050721,0.7504033743877986,0.6944018038704843,-0.17186336377609657,0.19449152587532048,-0.12280879910593046,0.07201745849899033,-0.2008928299245898,-0.055000028080408936,-0.19726027219616815,-0.7214516121894121,-0.6953225746750832,-0.7316129028797149,-0.7417741969227791,-0.7664516061544419,-0.743225808441639,-0.7664516061544419,-0.7722580656409264,-0.9,-0.888387096952647,-0.8840322579955683,-0.8927419355954044,-0.9,-0.9,-0.9,-0.9,0.0,0.0
-0.04741904106506989,-0.6200350408645426,0.0957307196496221,-0.192771966756762,-0.0346321475123178,0.7504033743877986,0.6944259672419283,-0.1710330337281626,0.19830509513237116,-0.1246016358625236,0.06721629322981515,-0.1848214070236336,-0.055000028080408936,-0.2034246568075233,-0.719999997317791,-0.6938709631562233,-0.7316129028797149,-0.7403225854039193,-0.7664516061544419,-0.743225808441639,-0.767903221026063,-0.7722580656409264,-0.9,-0.8898387098335662,-0.8825806450098753,-0.8898387098335662,-0.9,-0.9,-0.9,-0.9,0.0,0.0
-0.04737028208249938,-0.6200091922594555,0.0957307196496221,-0.192771966756762,-0.03459880161593931,0.7503841648841755,0.6944018038704843,-0.16992610295224553,0.19449152587532048,-0.12280879910593046,0.06503393977874361,-0.1928571184741117,-0.06000003496805639,-0.18493150297345773,-0.7214516121894121,-0.6953225746750832,-0.7330645177513361,-0.7417741969227791,-0.7664516061544419,-0.743225808441639,-0.769354835897684,-0.7722580656409264,-0.9,-0.8898387098335662,-0.8854838709812611,-0.8898387098335662,-0.9,-0.9,-0.9,-0.9,0.0,0.0
-0.04737028208249938,-0.6200350408645426,0.0957307196496221,-0.19278465049889404,-0.03461547456412861,0.7504033743877986,0.6944018038704843,-0.17020287963489011,0.19394673787971584,-0.12549804756201288,0.0641610025060424,-0.21696425679487663,-0.06000003496805639,-0.191095887584813,-0.7229032270610333,-0.696774186193943,-0.7316129028797149,-0.7417741969227791,-0.7664516061544419,-0.743225808441639,-0.767903221026063,-0.7722580656409264,-0.9,-0.8912903227144853,-0.8840322579955683,-0.8898387098335662,-0.9,-0.9,-0.9,-0.9,0.0,0.0
-0.04741904106506989,-0.620022116561999,0.0957307196496221,-0.19278465049889404,-0.03459880161593931,0.7504033743877986,0.6944259672419296,-0.17047956834020406,0.19340196320606517,-0.12370522416303431,0.06372453592355554,-0.1928571184741117,-0.06000003496805639,-0.191095887584813,-0.7214516121894121,-0.696774186193943,-0.7345161326229572,-0.7417741969227791,-0.7664516061544419,-0.743225808441639,-0.7664516061544419,-0.7722580656409264,-0.9,-0.8912903227144853,-0.8825806450098753,-0.8898387098335662,-0.9,-0.9,-0.9,-0.9,0.0,0.0
-0.047321523099928875,-0.6200350408645428,0.0957307196496221,-0.192810017983158,-0.034648820460507435,0.7504033743877986,0.6944259672419296,-0.17020287963489011,0.19394673787971584,-0.12504984171226818,0.06372454003128292,-0.19285712244344233,-0.06000003496805639,-0.18493150297345773,-0.719999997317791,-0.6953225746750832,-0.7316129028797149,-0.743225808441639,-0.7664516061544419,-0.743225808441639,-0.767903221026063,-0.7722580656409264,-0.8985483871190809,-0.8898387098335662,-0.8825806450098753,-0.8898387098335662,-0.9,-0.9,-0.9,-0.9,0.0,0.0
-0.04741904106506989,-0.6200350408645428,0.0957307196496221,-0.19279733424102607,-0.034648820460507435,0.7504033743877986,0.6944259672419296,-0.16992610295224553,0.1944915525192289,-0.12549804756201288,0.06503393977874361,-0.1848214070236336,-0.0700000249014947,-0.18493150297345773,-0.719999997317791,-0.696774186193943,-0.7316129028797149,-0.743225808441639,-0.764999994635582,-0.7417741969227791,-0.769354835897684,-0.7722580656409264,-0.9,-0.8912903227144853,-0.8825806450098753,-0.8898387098335662,-0.9,-0.9,-0.9,-0.9,0.0,0.0
-0.04741904106506989,-0.6200350408645428,0.0957307196496221,-0.192810017983158,-0.034665493408696624,0.7503841648841757,0.6944018038704843,-0.16992601497491477,0.19394675120166982,-0.12639446371404028,0.06459747319625675,-0.20089283389392043,-0.055000028080408936,-0.19726027219616815,-0.7214516121894121,-0.696774186193943,-0.7316129028797149,-0.743225808441639,-0.7664516061544419,-0.743225808441639,-0.769354835897684,-0.7722580656409264,-0.9,-0.8898387098335662,-0.8825806450098753,-0.8927419355954044,-0.9,-0.9,-0.9,-0.9,0.0,0.0
-0.04741904106506989,-0.6200479651670863,0.0957307196496221,-0.192810017983158,-0.0346321475123178,0.7503841648841757,0.6944018038704843,-0.16992610295224553,0.19340194988411075,-0.12549804756201288,0.06372453592355554,-0.20089283389392043,-0.06000003496805639,-0.2034246568075233,-0.719999997317791,-0.696774186193943,-0.7316129028797149,-0.743225808441639,-0.7664516061544419,-0.743225808441639,-0.769354835897684,-0.7722580656409264,-0.9,-0.8898387098335662,-0.8825806450098753,-0.8912903227144853,-0.9,-0.9,-0.9,-0.9,0.0,0.0
-0.047321523099928875,-0.6200350408645426,0.0957307196496221,-0.19282270172529004,-0.03461547456412861,0.7504033743877986,0.6944259672419296,-0.16881899622166696,0.19340196320606517,-0.12549804756201288,0.06416100661376978,-0.2008928299245898,-0.0650000299347755,-0.18493150297345773,-0.719999997317791,-0.696774186193943,-0.7345161326229572,-0.743225808441639,-0.7664516061544419,-0.743225808441639,-0.7708064507693052,-0.7722580656409264,-0.9,-0.8912903227144853,-0.8840322579955683,-0.8898387098335662,-0.9,-0.9,-0.9,-0.9,0.0,0.0
-0.047321523099928875,-0.620022116561999,0.0957307196496221,-0.19284806920955466,-0.03464882046050721,0.7504033743877986,0.6944018038704843,-0.17352402387196442,0.19340196320606517,-0.12729087096099145,0.06459747319625675,-0.1928571184741117,-0.06000003496805639,-0.18493150297345773,-0.7214516121894121,-0.696774186193943,-0.7316129028797149,-0.743225808441639,-0.7664516061544419,-0.743225808441639,-0.7722580656409264,-0.7722580656409264,-0.9,-0.8912903227144853,-0.8854838709812611,-0.8912903227144853,-0.9,-0.9,-0.9,-0.9,0.0,0.0
-0.04741904106506989,-0.6200350408645428,0.0957307196496221,-0.19283538546742207,-0.034665493408696624,0.7504033743877986,0.6944018038704843,-0.17407748925992306,0.1944915525192289,-0.12729087541352968,0.06459747319625675,-0.19285712244344233,-0.06000003496805639,-0.2034246568075233,-0.7229032270610333,-0.696774186193943,-0.7345161326229572,-0.743225808441639,-0.7664516061544419,-0.743225808441639,-0.7722580656409264,-0.7722580656409264,-0.9,-0.8912903227144853,-0.8840322579955683,-0.8927419355954044,-0.9,-0.9,-0.9,-0.9,0.0,0.0
-0.04741904106506989,-0.620022116561999,0.0957307196496221,-0.1928607529516867,-0.034665493408696624,0.7504033743877986,0.6944018038704843,-0.17546128469581546,0.19394673787971584,-0.12818729156555708,0.06503393977874361,-0.17678569160382485,-0.0650000299347755,-0.19726027219616815,-0.7229032270610333,-0.696774186193943,-0.7345161326229572,-0.743225808441639,-0.7664516061544419,-0.743225808441639,-0.7722580656409264,-0.7722580656409264,-0.9,-0.8912903227144853,-0.8840322579955683,-0.8912903227144853,-0.9,-0.9,-0.9,-0.9,0.0,0.0
-0.04741904106506989,-0.6200091922594555,0.0957307196496221,-0.19287343669381873,-0.03459880161593931,0.7504033743877986,0.6944018038704843,-0.17435417796523678,0.19558112851043863,-0.12953191356732918,0.06459747319625675,-0.1848214070236336,-0.0650000299347755,-0.191095887584813,-0.7214516121894121,-0.696774186193943,-0.7359677474945784,-0.743225808441639,-0.7664516061544419,-0.743225808441639,-0.7722580656409264,-0.7722580656409264,-0.9,-0.8898387098335662,-0.8825806450098753,-0.8898387098335662,-0.9,-0.9,-0.9,-0.9,0.0,0.0
-0.04741904106506989,-0.6200350408645426,0.0957307196496221,-0.1928480692095541,-0.03464882046050721,0.7504033743877986,0.6944259672419283,-0.17601475008377399,0.19340194988411075,-0.1272908798660678,0.06328806934106868,-0.20089283389392043,-0.06000003496805639,-0.17876711836210268,-0.7229032270610333,-0.696774186193943,-0.7330645177513361,-0.743225808441639,-0.7664516061544419,-0.743225808441639,-0.7722580656409264,-0.7722580656409264,-0.9,-0.8898387098335662,-0.8840322579955683,-0.8927419355954044,-0.9,-0.9,-0.9,-0.9,0.0,0.0
-0.04741904106506989,-0.620022116561999,0.0957307196496221,-0.19287343669381873,-0.03464882046050721,0.7504033743877986,0.6944018038704843,-0.17629143878908782,0.19394675120166982,-0.1304283297193567,0.06503393977874361,-0.1848214070236336,-0.06000003496805639,-0.19726027219616815,-0.7214516121894121,-0.696774186193943,-0.7330645177513361,-0.743225808441639,-0.7664516061544419,-0.743225808441639,-0.7722580656409264,-0.7722580656409264,-0.8985483871190809,-0.888387096952647,-0.8825806450098753,-0.8912903227144853,-0.9,-0.9,-0.9,-0.9,0.0,0.0
-0.04741904106506989,-0.6199703946871251,0.09571248479970451,-0.19287343669381873,-0.03464882046050721,0.7504033743877986,0.6944018038704843,-0.17656821547173251,0.2053874323289132,-0.13087653556910128,0.06416100661376978,-0.1767856876344941,-0.06000003496805639,-0.2034246568075233,-0.7214516121894121,-0.696774186193943,-0.7374193623661995,-0.743225808441639,-0.7664516061544419,-0.743225808441639,-0.7722580656409264,-0.7722580656409264,-0.8985483871190809,-0.8912903227144853,-0.8825806450098753,-0.888387096952647,-0.9,-0.9,-0.9,-0.9,0.0,0.0
-0.04756531801278374,-0.6199056991803085,0.09571248479970451,-0.19287343669381873,-0.03461547456412861,0.7504033743877986,0.6944018038704843,-0.17656821547173251,0.20211865106746763,-0.12504984171226818,0.06939864257315931,-0.1848214070236336,-0.06000003496805639,-0.2034246568075233,-0.7214516121894121,-0.6982257977128029,-0.7345161326229572,-0.743225808441639,-0.7664516061544419,-0.743225808441639,-0.7722580656409264,-0.7751612920314074,-0.9,-0.8898387098335662,-0.8840322579955683,-0.8927419355954044,-0.9,-0.9,-0.9,-0.9,0.0,0.0
-0.049419648174368724,-0.6199186481475516,0.09569424994978704,-0.19287343669381873,-0.03461547456412861,0.7504225816015774,0.6944018038704843,-0.19317332081578842,0.2004842604367446,-0.12594625341175758,0.06503394388647099,-0.1928571184741117,-0.0700000249014947,-0.19726027219616815,-0.7243548419326544,-0.6996774092316628,-0.7374193623661995,-0.7446774199604989,-0.7664516061544419,-0.743225808441639,-0.7708064507693052,-0.7722580656409264,-0.9,-0.8898387098335662,-0.8854838709812611,-0.8927419355954044,-0.9,-0.9,-0.9,-0.9,0.0,0.0
-0.05585955593346015,-0.619841053002891,0.09565778024995197,-0.1929495391466114,-0.03464882046050721,0.7504033743877986,0.6944018038704843,-0.18570105420302896,0.20484261768940015,-0.12549804756201288,0.07419979962687961,-0.168749976184016,-0.0650000299347755,-0.19726027219616815,-0.7243548419326544,-0.6996774092316628,-0.7359677474945784,-0.7446774199604989,-0.7664516061544419,-0.743225808441639,-0.7722580656409264,-0.7751612920314074,-0.9,-0.8898387098335662,-0.8825806450098753,-0.8912903227144853,-0.9,-0.9,-0.9,-0.9,0.0,0.0
-0.05903075083043163,-0.618884161320673,0.09571247610816502,-0.19297490663087546,-0.0346321475123178,0.7503841648841755,0.6944018038704843,-0.2003689867005647,0.2903753055020145,-0.15956179677725302,0.08380213016523008,-0.168749976184016,-0.06000003496805639,-0.191095887584813,-0.7229032270610333,-0.6996774159371852,-0.7330645211040974,-0.7446774199604989,-0.7664516061544419,-0.743225808441639,-0.7722580656409264,-0.7751612920314074,-0.9,-0.8941935484763235,-0.8825806450098753,-0.8898387098335662,-0.9,-0.9,-0.9,-0.9,0.0,0.0
-0.05990878472268146,-0.6030819816381451,0.0958582940667283,-0.1929875903730075,-0.034665493408696624,0.7503649553805526,0.6944018038704843,-0.20009216602925461,0.37318402669269635,-0.2263446609614812,0.10475266167960562,-0.13660711946644433,-0.030000005563099896,-0.19726027219616815,-0.7258064568042755,-0.6996774159371852,-0.7345161326229572,-0.7417741969227791,-0.7606451567262411,-0.7388709738850594,-0.7649999979883433,-0.7708064507693052,-0.9,-0.8898387098335662,-0.8825806450098753,-0.8927419355954044,-0.9,-0.9,-0.9,-0.9,0.0,0.0
-0.060543023702076204,-0.5561280398265835,0.09587652022510618,-0.1929875903730075,-0.034665493408696624,0.7503457458769295,0.6944018038704843,-0.19151288066324734,0.4015133221910482,-0.24516936008121437,0.10868088967607947,-0.09642854931372924,-0.030000017484028252,-0.18493150297345773,-0.7316129062324762,-0.6996774159371852,-0.737419355660677,-0.740322582051158,-0.7533870924264192,-0.7330645177513361,-0.7620967715978623,-0.7649999979883433,-0.9,-0.8898387098335662,-0.8825806450098753,-0.8927419355954044,-0.9,-0.9,-0.9,-0.9,0.0,0.0
-0.06225070470997618,-0.4759015910279581,0.0957307109580825,-0.19301295785727146,-0.03478229950183209,0.7502304911450347,0.6943050581580995,-0.0946495315500393,0.2358958798096843,-0.16762952656161656,0.13574199031481837,-0.0642856916038248,0.04499998450279308,-0.16027396452803722,-0.804193547135219,-0.7272580649703742,-0.7359677441418171,-0.6895161218941211,-0.5095161393284797,-0.4819354869425297,-0.5617741942405701,-0.5835483938455581,-0.9,-0.8941935484763235,-0.8825806450098753,-0.888387096952647,-0.9,-0.9,-0.9,-0.9,0.0,0.0
-0.0641530494421847,-0.39840369927740504,0.0959858858669137,-0.19314008574596964,-0.03489904195776028,0.7496926525217186,0.6937731873065033,-0.045110728268524025,0.335593242015383,-0.30657374015432504,0.19248302394903705,0.06428573328179676,0.23999997744957724,-0.1171232722485509,-0.8898387098335662,-0.7577419303357601,-0.7214516121894121,-0.5472580656409264,0.03338709175586696,0.08709675818681717,-0.09725806564092632,-0.1277419209480286,-0.9,-0.8927419355954044,-0.8825806450098753,-0.888387096952647,-0.9,-0.9,-0.9,-0.9,0.0,0.0
-0.07371502090970128,-0.3439365940184843,0.09618639099215032,-0.19334312244254204,-0.03511591755863486,0.7448712938068965,0.6933137143426312,-0.04649443572708578,0.3666465041356676,-0.37021915316341714,0.21779825004237352,0.20892859297636635,0.4199999735752754,-0.09246573380313017,-0.8941935484763235,-0.7562903154641389,-0.7170967742800712,-0.505161264538765,0.2046774387359619,0.2685484260320664,0.07403224110603335,0.0435483455657959,-0.9,-0.888387096952647,-0.88112903223373,-0.888387096952647,-0.9,-0.9,-0.9,-0.9,0.0,0.0
-0.11576834065614161,-0.33055259080538635,0.09662385355937964,-0.19340654115320266,-0.035149263455013346,0.7040145881857042,0.6936281148512308,-0.060608814859332116,0.403147699499817,-0.4199701474012762,0.19248302394903705,0.16875002381598392,0.42999997244941,-0.19726027219616815,-0.8970967742381618,-0.7649999979883433,-0.7214516121894121,-0.5138709604740144,0.21919355392456052,0.2888710141181946,0.09725807905197148,0.06822574138641357,-0.9,-0.888387096952647,-0.88112903223373,-0.888387096952647,-0.9,-0.9,-0.9,-0.9,0.0,0.0
-0.1802634473882715,-0.3435486676245797,0.09660562740100154,-0.19338117366893803,-0.03498240669870678,0.5481751675685141,0.6939182597617771,-0.12094089702468491,0.2506053288764193,-0.27206178954187843,0.12919495050024088,0.03214287954122297,0.2199999737408439,-0.24657533140341092,-0.9,-0.7882258074358106,-0.7461290314793587,-0.5617741942405701,0.18580646216869356,0.2656452029943467,0.06677418351173403,0.06096768379211426,-0.9,-0.888387096952647,-0.8825806450098753,-0.8869354839669541,-0.9,-0.9,-0.9,-0.9,0.0,0.0
-0.23368356536929347,-0.36245438178184164,0.09635044380063118,-0.19334312244254204,-0.03489904195776028,0.360199749527674,0.6937248605636167,-0.042343137396739006,0.22336562269123117,-0.19631478220409548,0.16804073923612928,-0.00803569160382478,-0.04500002622604227,-0.191095887584813,-0.9,-0.8869354838621802,-0.8535483865533025,-0.7954838708974421,-0.09290321767330167,0.020322574675083138,-0.14951613396406171,-0.08564518690109257,-0.8956451613572426,-0.888387096952647,-0.8825806450098753,-0.888387096952647,-0.9,-0.9,-0.9,-0.9,0.0,0.0
-0.24934375951192977,-0.36873902121127167,0.09614993867539445,-0.18914238323534183,-0.03438192601506507,0.2839031732936744,0.6935556247368976,-0.044280398220590045,0.1558111452238663,-0.14656378928808378,0.2457323002769961,0.008035735266461952,-0.04000001933839481,-0.17260273375074753,-0.9,-0.9,-0.8912903226097114,-0.8840322582051158,-0.49790322706103324,-0.3730645090341568,-0.48919355794787406,-0.4064516142010689,-0.8854838708764874,-0.8767741941148416,-0.8753225811291486,-0.8825806450098753,-0.9,-0.9,-0.9,-0.9,0.0,0.0
-0.2603696170744938,-0.3688424649610197,0.09605879050042554,-0.15973798336461043,-0.025957441663374548,0.2749135377700197,0.6932169686302462,0.05064582203476309,0.15472155591070258,-0.11922314340289697,0.31120271485368123,0.08035716213674893,-0.030000005563099896,-0.11095888763719575,-0.8985483871190809,-0.8651612911722623,-0.8550000010058284,-0.8274193523917347,-0.49354839920997623,-0.39774193167686467,-0.5138709671795368,-0.4601612873375416,-0.8970967742381618,-0.888387096952647,-0.8825806450098753,-0.8854838709812611,-0.9,-0.9,-0.9,-0.9,0.9,-0.05294117647058827
-0.2626140190966476,-0.3692950868617406,0.09605879050042554,-0.09651291762216108,-0.009275297897696877,0.2741644106357589,0.6920082466983902,0.06586721992025724,0.1797821034524939,-0.1223606021612621,0.3216779703415503,0.22500001587732277,-1.7881392477825386e-08,0.012328781011776035,-0.8027419360354543,-0.5690322652459145,-0.6111290395259857,-0.41080644205212596,-0.28887097388505933,-0.27870967984199524,-0.41661290153861047,-0.4688709765672684,-0.8985483871190809,-0.888387096952647,-0.8825806450098753,-0.888387096952647,-0.9,-0.9,-0.9,-0.9,0.9,-0.05294117647058827
-0.2638329936609174,-0.37349780367017027,0.0959858858669137,-0.01451814044076194,-0.005555162242263156,0.2731655622442418,0.6856257042526305,0.1574724718931978,0.12257869781627695,-0.06633471510434541,0.42599417776185156,0.3214285929763664,0.019999979866876516,0.19109591116294455,-0.6401612900197506,-0.11322581917047503,-0.19306453317403793,0.20177421569824217,-0.045000024139881134,-0.10887097120285039,-0.2670967742800713,-0.4253225907683373,-0.9,-0.888387096952647,-0.8825806450098753,-0.888387096952647,-0.9,-0.9,-0.9,-0.9,0.9,-0.05294117647058827
-0.2642230655214838,-0.3968648193455323,0.09602233818366968,0.06813638497642482,-0.005505143397695256,0.27199383060996063,0.6185595289966602,0.11540593522444198,0.1688861969989014,-0.09681279303266843,0.39456837843642434,0.3375000238159841,0.03999998059537779,0.1849315265515895,-0.6038709551095962,-0.042096787691116355,-0.09435480237007143,0.3396774172782898,0.07838710248470304,0.00870966911315918,-0.16693548560142513,-0.3512903094291687,-0.8985483871190809,-0.888387096952647,-0.8825806450098753,-0.888387096952647,-0.9,-0.9,-0.9,-0.9,0.9,-0.05294117647058827
-0.2639792706086289,-0.4358530498031122,0.0960952428171814,0.139305927126684,-0.005104769910928231,0.27143678477286526,0.5259630917310444,0.040129187867574245,0.17705811018665318,-0.1277390857158125,0.29068864992179255,0.2892857233584699,-1.7881392477825386e-08,0.16643834913939226,-0.5995161205530166,-0.04064517617225649,-0.0914515793323517,0.34258064031600954,0.07838710248470304,0.01741933822631836,-0.1640322625637054,-0.34983869791030886,-0.9,-0.888387096952647,-0.8825806450098753,-0.888387096952647,-0.9,-0.9,-0.9,-0.9,0.9,-0.05294117647058827
-0.263686716713206,-0.4768456077370312,0.09609525150872089,0.21466333109709324,0.0013511929033062087,0.27135995591774986,0.4882233179198755,-0.010793234895172032,0.2729419031353012,-0.14252992328276748,0.2810863275988972,0.3214285929763664,-0.035000018411211586,0.12328768043803773,-0.5980645090341568,-0.03919356465339663,-0.09435480237007143,0.3295161366462708,0.046451568603515625,-0.014516128599643685,-0.19161292165517807,-0.36435482650995255,-0.9,-0.888387096952647,-0.8825806450098753,-0.888387096952647,-0.9,-0.9,-0.9,-0.9,0.9,-0.05294117647058827
-0.2637354756957765,-0.5052946860877789,0.09613170382547698,0.2880284193281729,0.055084286684980666,0.27109102744671476,0.46264426803429914,-0.0016603961638755882,0.2516949448334914,-0.16404386640604485,0.26188165830674126,0.43392857709904387,0.009999978012509958,0.19726029577429982,-0.5966128975152969,-0.03483873009681704,-0.0914515793323517,0.33387097120285036,0.06096771061420436,-0.008709682524204232,-0.1800000160932541,-0.3614516034722328,-0.8985483871190809,-0.888387096952647,-0.8825806450098753,-0.888387096952647,-0.9,-0.9,-0.9,-0.9,0.9,-0.05294117647058827
-0.2632966448526395,-0.5282996239743236,0.09622286069198538,0.3582968348522987,0.1320221788393242,0.27072606290678525,0.4225111215042531,-0.09852387724307987,0.3018159866292579,-0.22768927962384966,0.16935013487586226,0.44196429648818303,0.04999998542997641,0.13561644966074804,-0.5922580629587173,-0.03193550705909731,-0.08129029870033266,0.35419353246688845,0.09870969057083134,0.03048384189605713,-0.14661292433738704,-0.33822580575942995,-0.9,-0.888387096952647,-0.8825806450098753,-0.888387096952647,-0.9,-0.9,-0.9,-0.9,0.9,-0.05294117647058827
-0.2631503679049255,-0.543778548105064,0.09625931300874124,0.42150931367507505,0.16355136023734185,0.27038031474001156,0.40873043719921476,-0.11485238185915259,0.27185231382213726,-0.20751995627607533,0.12744907184711118,0.3696428696178965,0.04999998542997641,0.06164386969168323,-0.595161285996437,-0.04354839920997622,-0.08999996781349184,0.34693547487258913,0.10306452512741082,0.03483867645263672,-0.14370970129966731,-0.33387097120285036,-0.9,-0.888387096952647,-0.8825806450098753,-0.888387096952647,-0.9,-0.9,-0.9,-0.9,0.9,-0.05294117647058827
-0.26144268689702554,-0.5504511632577973,0.0961863996836898,0.514113411803992,0.16798881448815572,0.27024585508418253,0.41003599707006455,-0.4436345761858269,0.17487895820423371,-0.19990044013339814,-0.17415131965674302,0.09642859198403386,-0.025000016556844917,-0.2219178106415889,-0.6241935431957245,-0.11758066713809967,-0.18145161420106892,0.20758066177368162,-0.024677436053752944,-0.08999999463558195,-0.2467742130160332,-0.4049999959766865,-0.9,-0.888387096952647,-0.8825806450098753,-0.888387096952647,-0.9,-0.9,-0.9,-0.9,0.9,-0.05294117647058827
-0.2608572069002013,-0.5505028851326714,0.09594943355015761,0.6192940696028691,0.16868946013534714,0.270149791537157,0.4105919390664955,-0.6235239358946336,0.0256053355373963,-0.10936259689836203,-0.46134821997426484,-0.05624997717634872,-0.10000001854366625,-0.3513698521128501,-0.8245161289349199,-0.728709673974663,-0.7359677474945784,-0.6982258033705875,-0.6140322592109442,-0.6067741915583611,-0.6517741989344359,-0.6837096758186817,-0.8985483871190809,-0.8869354840717278,-0.8796774194575846,-0.8869354841765017,-0.9,-0.9,-0.9,-0.9,0.9,-0.05294117647058827
-0.26666250347392206,-0.5505287584024583,0.09593120739177974,0.6643080894949361,0.16885622143584322,0.2699000977580318,0.4105194489521625,-0.5977858598532851,0.028874103476888013,-0.1187749420056905,-0.46265762536985067,-0.08035712045877696,-0.09500001761648291,-0.3452054616069621,-0.9,-0.9,-0.8869354841765017,-0.8985483871190809,-0.7606451600790024,-0.7606451567262411,-0.7591935452073812,-0.7896774189546705,-0.8709677422768437,-0.8448387098964304,-0.8520967746153474,-0.8564516129437835,-0.9,-0.9,-0.9,-0.9,0.9,-0.05294117647058827
-0.2891046626655901,-0.5505675313100891,0.09589474638348439,0.6447897468028153,0.16890630391761785,0.26928541196084577,0.4100841393597342,-0.5939112942169177,0.04957628044406981,-0.12863550854664707,-0.5198351214788286,-0.0642856916038248,-0.10000001854366625,-0.35753423672420526,-0.9,-0.9,-0.8767741936957464,-0.8840322582051158,-0.764999994635582,-0.7751612853258848,-0.7606451600790024,-0.7998387046158314,-0.8956451613572426,-0.8811290326528252,-0.8782258066814393,-0.8854838709812611,-0.9,-0.9,-0.9,-0.9,0.9,-0.05294117647058827
-0.3144731052234545,-0.5504253146527103,0.0956213366247356,0.5788106630358959,0.16893968163260042,0.26899728543540913,0.4093109114735235,-0.5103319501993566,0.08553269447359158,-0.1429781335850503,-0.4207565582333719,-0.04017854832139656,-0.08500001576211635,-0.3082191480442982,-0.9,-0.9,-0.8883870968478732,-0.8941935484763235,-0.7679032243788242,-0.7751612853258848,-0.7664516128599643,-0.7969354799017311,-0.8883870967430995,-0.8709677428007127,-0.8709677419625222,-0.8782258066814393,-0.9,-0.9,-0.9,-0.9,0.9,-0.05294117647058827
-0.32554734956261566,-0.5469338291193717,0.0895333651495186,0.4865365358473325,0.1698738440102513,0.2687667988700627,0.4093592382164114,-0.4790589123577651,0.2375302771013844,-0.29267931706969563,-0.3404461792128104,0.024107166106079547,-0.06000001112619979,-0.3452054616069621,-0.9,-0.9,-0.8898387099383399,-0.8927419354906306,-0.7679032243788242,-0.7722580622881651,-0.7635483864694834,-0.7925806436687708,-0.8579032251960598,-0.8303225812967867,-0.8462903239298613,-0.8506451605819166,-0.9,-0.9,-0.9,-0.9,0.9,-0.05294117647058827
-0.32491311058322336,-0.523372776252959,0.06545486293278013,0.39749840888425714,0.21281365387182294,0.26857469009476576,0.41158319065535387,-0.3561807105205639,0.20811137896791443,-0.2796813140330646,-0.21692532021492839,-0.024107121451109603,-0.005000006887647457,-0.4130136864373361,-0.9,-0.9,-0.9,-0.9,-0.7708064507693052,-0.7591935485601425,-0.7504838727414608,-0.746129029802978,-0.287419355660677,-0.10451615676283832,-0.34112904220819473,-0.39193547889590263,-0.9,-0.9,-0.9,-0.9,0.9,-0.05294117647058827
-0.29486082805076697,-0.48129396028788807,0.051510843555050756,0.3561901717888617,0.3493734041976061,0.2681521130728767,0.4123811352726604,-0.3630995557340301,0.20211865106746763,-0.28237055414063794,-0.26493695929983296,0.008035736258794834,0.05999998728434308,-0.4253424556600464,-0.9,-0.9,-0.9,-0.9,-0.7083870984613896,-0.632903215661645,-0.6459677394479513,-0.5777419343590737,0.10741933286190031,0.21048388481140134,-0.06967740654945376,-0.2641935646533966,-0.9,-0.9,-0.9,-0.9,0.9,-0.05294117647058827
-0.23007316742320905,-0.4379479213913554,0.046461823948154346,0.3480427555069393,0.4958757044439931,0.2680176442576704,0.4121878283011079,-0.42841317830033265,0.17705811684763006,-0.27878489565476805,-0.3810378291439869,0.07232145267093615,0.03499998264842652,-0.4253424615545793,-0.9,-0.9,-0.9,-0.9,-0.608225803077221,-0.473225811123848,-0.5167741902172566,-0.4296774320304394,0.10161288678646085,0.11903225183486932,-0.1364516168832779,-0.381774191558361,-0.9,-0.9,-0.9,-0.9,0.9,-0.05294117647058827
-0.19914322320447642,-0.3911620941716589,0.04432921566176007,0.3459234087013704,0.5509266929605002,0.26784477017428376,0.412067011443887,-0.38136527718528845,0.39279663432964573,-0.42176297692249476,-0.30552861641953244,0.08035716213674893,0.03499998264842652,-0.40684930772051375,-0.9,-0.9,-0.9,-0.9,-0.595161285996437,-0.46596774011850356,-0.5109677374362946,-0.4383871078491211,0.020322561264038086,0.055161237716674805,-0.19016132354736326,-0.4093548372387886,-0.9,-0.9,-0.9,-0.9,0.9,-0.05294117647058827
-0.1967521720286377,-0.317685831005728,0.014235646603316443,0.3456697338587281,0.5531454041766054,0.2674029676198618,0.41216366492966505,-0.35424344969671284,0.25115014351593257,-0.32360561197910875,-0.3286614993311159,0.03214287954122297,0.04499998450279308,-0.4561643787168223,-0.9,-0.9,-0.9,-0.9,-0.5864516168832778,-0.44854838848114015,-0.49790320694446566,-0.41370968520641327,0.07693546414375307,0.12048389017581951,-0.13500000536441803,-0.36580645143985746,-0.9,-0.9,-0.9,-0.9,0.9,-0.05294117647058827
-0.19592326932493442,-0.2213468466106311,-0.02765109869654525,0.3455935345834765,0.5504095451992016,0.2667883093008071,0.4122361550439969,-0.35922499009766273,0.21138016689033734,-0.2778884828421442,-0.3688166939760561,-0.04017854931372922,0.03999998059537779,-0.49315068049042043,-0.9,-0.9,-0.9,-0.9,-0.5966128975152969,-0.4601612940430641,-0.5037096798419953,-0.4093548506498337,0.16112903952598578,0.22499999999999998,-0.04354839920997622,-0.2888709604740143,-0.9,-0.9,-0.9,-0.9,0.9,-0.05294117647058827
-0.19533816153408357,-0.10564957548694998,-0.06011425086645472,0.34550445792117446,0.5108229070398821,0.2666154168986662,0.41226031841544086,-0.35036892804901076,0.12094432050750858,-0.20617533872684135,-0.4098448115166511,-0.13660711847411167,0.029999981721243185,-0.5301369734222192,-0.9,-0.9,-0.9,-0.9,-0.595161285996437,-0.46161290556192397,-0.5008064299821854,-0.40064515471458434,0.17854843139648435,0.24241933822631834,-0.023225837945938133,-0.2729032337665558,-0.9,-0.9,-0.9,-0.9,0.9,-0.05294117647058827
-0.19528940255151306,0.01642289151041454,-0.07950828271847477,0.34542835546838224,0.411080526362429,0.26650016445661573,0.4123328085297725,-0.320479597665981,0.08226393319507719,-0.2003486470962773,-0.425994181869579,-0.14464283488625307,0.04999997946951229,-0.5732876598071726,-0.9,-0.9,-0.9,-0.9,-0.5922580629587173,-0.42387099266052247,-0.49790320694446566,-0.3759677588939667,0.18290326595306394,0.2438709497451782,-0.014516115188598633,-0.2729032337665558,-0.9,-0.9,-0.9,-0.9,0.9,-0.05294117647058827
-0.19528940255151306,0.14251703642179991,-0.08679926756203293,0.345301518047061,0.3146746126204353,0.26650016445661573,0.41221199167255296,-0.2781364602692419,-0.09751815360497407,-0.07171320088516464,-0.42512124459687783,-0.2973214030543029,0.03499998264842652,-0.5239725976526635,-0.9,-0.9,-0.9,-0.9,-0.5922580629587173,-0.42096776962280275,-0.49064514935016634,-0.37161292433738713,0.19161293506622312,0.2438709497451782,-0.015967726707458496,-0.27435484528541565,-0.9,-0.9,-0.9,-0.9,0.9,-0.05294117647058827
-0.19528940255151306,0.2577099946007603,-0.08749191372963294,0.34480656163653267,0.28316210417060794,0.2665770024711086,0.4115350483656829,-0.25931731741869035,-0.025605313889220827,-0.05826698086744364,-0.41639185954668356,-0.34553568763449416,-0.015000014702478248,-0.47465752076182205,-0.9,-0.9,-0.9,-0.9,-0.6096774078905582,-0.45870968252420424,-0.5225806497037411,-0.4122580736875534,0.1727419584989548,0.24967739582061765,-0.01306450366973877,-0.24967743605375292,-0.9,-0.9,-0.9,-0.9,0.9,-0.05294117647058827
-0.19587451034236392,0.3636570078652849,-0.08816634243039434,0.3400221766463364,0.2814271948194228,0.2667691020870283,0.40858545697054993,-0.1696494142469317,-0.22826875690724824,0.14252983423200372,-0.35659554340414723,-0.35357139908497226,-0.10500001947084958,-0.3143835562337849,-0.9,-0.9,-0.9,-0.9,-0.7040322571992874,-0.6241935566067696,-0.6590322598814964,-0.5995161306113005,-0.2279032230377197,-0.07548384591937063,-0.284516129270196,-0.3701612994074821,-0.9,-0.9,-0.9,-0.9,0.9,-0.05294117647058827
-0.19650837711578284,0.448797389331994,-0.08834860401417399,0.32681123622485375,0.2808599963949524,0.2668459309421435,0.40609496963285296,-0.13201095259116702,-0.2898304965867785,0.21872504241042579,-0.30465568120069486,-0.38571426076420734,-0.12000001033147112,-0.2404109408975228,-0.8782258071005344,-0.884032258624211,-0.8709677419625222,-0.8825806450098753,-0.7795161299407483,-0.7432258117944002,-0.7649999979883433,-0.7533870957791805,-0.8738709678291343,-0.8477419367060065,-0.8433870979584753,-0.8579032257199287,-0.9,-0.8854838714003563,-0.8869354840717278,-0.8680645159911364,0.9,-0.05294117647058827
-0.20743671671320596,0.4956737267496326,-0.08836683886409147,0.30786395239605546,0.28024274730731114,0.2668267237283649,0.40573251906119145,-0.14695566177134733,-0.45435834247361245,0.28012940856935475,-0.28719690288485156,-0.39374997221468533,-0.13000001814630202,-0.27739724856565384,-0.9,-0.9,-0.9,-0.9,-0.7838709712028503,-0.7417741969227791,-0.7722580656409264,-0.7577419303357601,-0.8709677419625222,-0.8390322583727539,-0.840483870729804,-0.8448387103155256,-0.9,-0.9,-0.9,-0.9,0.9,-0.05294117647058827
-0.24866076154996442,0.4961133996831105,-0.0816773520131644,0.2997420004208554,0.27957547937510185,0.2667883093008071,0.4044994493046733,-0.19095941527528892,-0.39279660060844923,0.2639939534531658,-0.27584869574723514,-0.34553568763449416,-0.1300000121858378,-0.24041095268658852,-0.9,-0.8985483871190809,-0.8825806454289705,-0.8869354839669541,-0.78677419424057,-0.7461290314793587,-0.7737096771597862,-0.7606451600790024,-0.8912903226097114,-0.8738709683530033,-0.8637096776627005,-0.8782258066814393,-0.9,-0.9,-0.9,-0.9,0.9,-0.05294117647058827
-0.334328805103026,0.4687505392833776,-0.04228776424187464,0.2980920488966329,0.27924176586248894,0.266634633271822,0.4039678551329019,-0.19012908522735494,-0.3562953852613684,0.25189236434229334,-0.2649369603267647,-0.34553567969583276,-0.13000000622537367,-0.25890411830971993,-0.9,-0.9,-0.8970967742381618,-0.8970967742381618,-0.7896774172782898,-0.7490322545170784,-0.7780645117163658,-0.7606451600790024,-0.8883870967430995,-0.8724193555768579,-0.8622580653056503,-0.8724193555768579,-0.9,-0.9,-0.9,-0.9,0.9,-0.05294117647058827
-0.44258416817754687,0.41048163265731163,0.003827754005558903,0.29802863018597214,0.2791583374843357,0.2633691596262352,0.4035080132625971,-0.05258290690395262,-0.2947336444369829,0.22679276551598215,-0.23482056588345757,-0.4017856916038248,-0.27000000238418564,-0.24657532550887806,-0.9,-0.9,-0.8956451613572426,-0.8970967742381618,-0.7882258057594299,-0.7490322545170784,-0.7780645117163658,-0.7606451600790024,-0.8912903226097114,-0.8666129040531815,-0.8564516133628786,-0.8477419362869114,-0.6474193559959531,-0.6140322692692279,-0.7011290358379483,-0.7287096731364727,0.9,-0.05294117647058827
-0.5213243419398386,0.3424107000509039,0.02960141063300148,0.2980539976702371,0.2792417976810925,0.26325391634356177,0.4034838498911518,-0.12453868597840756,-0.22499999000853432,0.25458160834583754,-0.29243453679037723,-0.5062499642760241,-0.43500001509984243,-0.2589041065206541,-0.9,-0.9,-0.9,-0.9,-0.7838709712028503,-0.7490322545170784,-0.7780645117163658,-0.7635483864694834,-0.88112903223373,-0.8361290328204632,-0.8317741932347417,-0.7679032243788242,0.1379032418131828,0.2206451654434204,-0.12483871132135393,-0.2046774119138718,0.9,-0.05294117647058827
-0.5719153223138318,0.29602575435852996,0.031916297886254164,0.2976226536152865,0.27935857195562386,0.26359966451033545,0.4035565244587006,-0.2053504831128491,-0.35411621121446246,0.35677282705005975,-0.4303588805562673,-0.626785667787841,-0.5750000172191185,-0.3205479467396729,-0.9,-0.9,-0.9,-0.9,-0.7838709712028503,-0.7490322545170784,-0.779516126587987,-0.7722580656409264,-0.8709677419625222,-0.8158064547926188,-0.8129032267257571,-0.7258064568042755,0.30193551778793337,0.3716128706932068,-0.0029032230377197266,-0.10161285996437075,0.9,-0.05294117647058827
-0.6081142142980023,0.27294319049645,0.031861619411120534,0.27777424316035415,0.27940865443739893,0.26682671456898766,0.4038951805653531,-0.261254534253876,-0.38571427798279445,0.34601586884603563,-0.5141610148292248,-0.6910713911463109,-0.5800000360276945,-0.41917807104869126,-0.9,-0.9,-0.9,-0.9,-0.7838709712028503,-0.7490322545170784,-0.7838709712028503,-0.7722580656409264,-0.8520967746153474,-0.7809677397832274,-0.7838709678500891,-0.666290320828557,0.33387097120285036,0.3832257628440857,0.005806446075439453,-0.1117741674184799,0.9,-0.05294117647058827
-0.6167002617021549,0.2700853534258917,0.03166110559434421,0.21527253800927004,0.27955877460830914,0.2805608707929722,0.40616782865361845,-0.4309039485008076,-0.5055689933573184,0.3513943479480476,-0.6424830403799469,-0.8196428061086058,-0.6050000108612901,-0.6287671109939366,-0.9,-0.9,-0.9,-0.9,-0.7838709712028503,-0.7490322545170784,-0.7838709712028503,-0.7751612920314074,-0.7998387079685927,-0.6532258138060569,-0.6837096825242043,-0.47032258808612826,0.3788709282875061,0.37741931676864626,0.0029032230377197266,-0.17419357001781466,0.9,-0.05294117647058827
-0.6163101898415908,0.2711845234272371,0.029364453191008888,0.1220210849193214,0.2794920191783451,0.3479446632568747,0.4100841393597342,-0.35341316363744424,-0.45708231221787804,0.32136445360677846,-0.516343355957114,-0.7553570986274584,-0.6199999957614476,-0.6472602633543689,-0.9,-0.9,-0.9,-0.9,-0.7838709712028503,-0.7519354775547982,-0.7838709712028503,-0.7809677448123694,-0.6924193549901247,-0.4006451480090618,-0.4630645237863064,-0.07258064299821854,0.40935477018356325,0.348387086391449,-0.020322574675083138,-0.29032257199287415,0.9,-0.05294117647058827
-0.6157250820507401,0.2792019936531426,0.028926981932240192,0.024378733312648837,0.27889147485749677,0.5266999483319538,0.4091172355955358,-0.17878220898956276,-0.4085956294131934,0.3065736293974378,-0.28152279726217955,-0.5624999603066934,-0.35500001218583777,-0.4376712248827568,-0.9,-0.9,-0.9,-0.9,-0.7838709712028503,-0.7504838660359383,-0.7838709712028503,-0.7751612920314074,-0.6779032230377198,-0.3687096744775772,-0.44129033088684083,-0.03483871668577199,0.3962902665138245,0.3367741942405701,-0.037741953134536765,-0.3077419102191925,0.9,-0.05294117647058827
-0.6151887332424595,0.28350815421132014,0.029127504440555674,-0.09099248829846796,0.2783076034848374,0.6795812413506858,0.4086819260031086,-0.029889242405699123,-0.30072638212074,0.22948200951952635,-0.08554801395301914,-0.4339285532830599,-0.2849999992052714,-0.3452054557124292,-0.9,-0.9,-0.9,-0.9,-0.7838709712028503,-0.7519354775547982,-0.7838709712028503,-0.7722580656409264,-0.6880645137280226,-0.3962903201580048,-0.47032258808612826,-0.08419352173805239,0.3788709282875061,0.3251613020896912,-0.04935484528541567,-0.31354835629463196,0.9,-0.05294117647058827
-0.6039678397496135,0.28370212357444713,0.02916395675731176,-0.20781052791477594,0.2779072299980706,0.7482327989416889,0.408464455660111,0.11457569315383875,-0.284382556786014,0.23441230503448474,0.04190107124420628,-0.36160711053545036,-0.32500000662273787,-0.2835616213879433,-0.9,-0.9,-0.9,-0.9,-0.7838709712028503,-0.7519354775547982,-0.7838709712028503,-0.7722580656409264,-0.6924193516373635,-0.4137096717953682,-0.48629031479358675,-0.10887094438076017,0.37451609373092654,0.3251613020896912,-0.0522580683231354,-0.3048386871814728,0.9,-0.05294117647058827
-0.5666467467543648,0.28375384544932125,0.029127504440555896,-0.31526283424726553,0.2776235989672321,0.7574721396936904,0.4081501473781216,0.17407748925992295,-0.2980024104510357,0.25861545654100093,0.09776915528254126,-0.32946425282554603,-0.3700000209278519,-0.2465753372979438,-0.9,-0.9,-0.9,-0.9,-0.7838709712028503,-0.7519354775547982,-0.7838709712028503,-0.7722580656409264,-0.6996774159371852,-0.4296774387359619,-0.4993548318743706,-0.13500003218650813,0.3832257628440857,0.34258064031600954,-0.04064517617225649,-0.29322579503059387,0.9,-0.05294117647058827
-0.5282034527480355,0.2836245345959615,0.029309774715875037,-0.4096436244992667,0.27635578671417405,0.7573760944654188,0.4073763661322588,0.2523986041712204,-0.18849877632669787,0.15463141443780015,0.23263821243238592,-0.22499997221468537,-0.21000001509984256,-0.1479451953053268,-0.9,-0.9,-0.9,-0.9,-0.7853225827217102,-0.7504838660359383,-0.7838709712028503,-0.7693548392504453,-0.7722580639645458,-0.6212903268635273,-0.6648387093096971,-0.4514516081660986,0.25838709175586694,0.2729032337665559,-0.09580645412206645,-0.2772580683231354,0.9,-0.05294117647058827
-0.4927363177084006,0.2834564261702711,0.02952850599948975,-0.4897093110070784,0.26092484589057185,0.7570303417189569,0.40718305916070474,0.3559039338379192,-0.08716706179089462,0.06678280964063554,0.38714840134914563,-0.1124999781686814,-0.05500001615948058,-0.12945205326032705,-0.7606451584026217,-0.7388709671795368,-0.7504838744178415,-0.75193548258394,-0.7925806436687708,-0.753387089073658,-0.7838709712028503,-0.7693548392504453,-0.8869354839669541,-0.8593548397533596,-0.8550000018440187,-0.853548387810588,-0.7954838700592518,-0.7359677399508655,-0.7882258065976203,-0.7882258086930961,0.9,-0.05294117647058827
-0.45253658371160577,0.2838831624688559,0.02952850599948975,-0.5388730446704402,0.23685254511440512,0.757107177443605,0.4071105690463731,0.4369925516436707,-0.05175543242648917,0.07350593745964862,0.4478176629798384,-0.024107120458777054,-0.07500002582867804,-0.1232876686489719,-0.7156451594084501,-0.696774186193943,-0.7112903114408254,-0.7214516155421734,-0.7954838700592518,-0.7548387005925179,-0.7838709712028503,-0.7722580656409264,-0.8941935484763235,-0.8724193555768579,-0.8651612900197506,-0.8622580653056503,-0.8637096768245102,-0.8361290328204632,-0.8506451614201069,-0.8564516127342359,0.9,-0.05294117647058827
-0.38409013836136896,0.2864565107290825,0.029546732157867628,-0.5458529757414556,0.23461712913150679,0.7571455918711628,0.4076423476713601,0.4865312669478553,-0.0239709315847193,0.07395412995177886,0.481425815756337,-0.024107119466444282,-0.0650000299347755,-0.12945205326032705,-0.6735483817756176,-0.6401612833142281,-0.6706451587378979,-0.6851612873375416,-0.7954838700592518,-0.7548387005925179,-0.7838709712028503,-0.7722580656409264,-0.8941935484763235,-0.876774193905294,-0.8695161296054721,-0.8709677428007127,-0.8956451612524688,-0.8709677428007127,-0.8738709683530033,-0.8680645172484219,0.9,-0.05294117647058827
-0.2425629110808183,0.290374726394831,0.0294920362996548,-0.5276037818422181,0.23465047502788516,0.7572608443132128,0.4079811882312284,0.33348704602231016,-0.10242130218372292,0.1035357961806126,0.4438894103369996,-0.032142833893920475,-0.07500001986821392,-0.13561642608261648,-0.7025806423276663,-0.6779032297432422,-0.7011290341615677,-0.7127419330179692,-0.7954838700592518,-0.7548387005925179,-0.7838709712028503,-0.7722580656409264,-0.8941935484763235,-0.876774193905294,-0.8709677428007127,-0.8709677423816174,-0.8825806450098753,-0.8535483886487782,-0.8622580653056503,-0.8564516142010689,0.9,-0.05294117647058827
-0.09147296792080639,0.28961177324486587,0.029747228591564756,-0.4821964691215967,0.23468385274286707,0.7573953039690419,0.4075456941855845,0.15830271396380102,-0.18686439318957426,0.13401388301401196,0.33913675687284883,-0.072321406031301,-0.1150000094042879,-0.03698630766813105,-0.4209677562117577,-0.3062903188169003,-0.42822582051157954,-0.4761290274560452,-0.7954838700592518,-0.7548387005925179,-0.7838709712028503,-0.7722580656409264,-0.8985483871190809,-0.876774193905294,-0.8709677428007127,-0.8782258066814393,-0.9,-0.8956451612524688,-0.8941935483715497,-0.8854838711908087,0.9,-0.05294117647058827
-0.03278352996837075,0.2730207794749361,0.029583184474623714,-0.4350757861660934,0.23461712913150679,0.7579907711032278,0.4044027958188977,0.38191900650523947,-0.33613800461601273,0.2828186614779752,0.4299224057583254,-0.032142834886253024,-0.2100000031789142,0.17876713015116852,0.018870949745178223,0.24677417278289793,0.024677395820617676,-0.07548385262489321,-0.7954838700592518,-0.7548387005925179,-0.7838709712028503,-0.7722580656409264,-0.8941935484763235,-0.8796774196671322,-0.8709677428007127,-0.8782258066814393,-0.9,-0.9,-0.9,-0.9,0.9,-0.05294117647058827
-0.029027227280545853,0.22591166587257738,0.029473810141276702,-0.3986534039979498,0.2346004561833176,0.7596427105601115,0.40109056939888277,0.4652213978854941,-0.21900725669604348,0.3307768343344121,0.513724540031283,-0.0080356935884901,-0.3800000108612902,0.35753427209140287,0.09290321767330167,0.25112906098365795,0.04064512252807617,-0.16403227597475056,-0.7954838700592518,-0.7548387005925179,-0.7838709712028503,-0.7722580656409264,-0.8956451613572426,-0.8825806454289705,-0.8753225811291486,-0.8796774194575846,-0.8825806450098753,-0.834677420463413,-0.8462903218343855,-0.8245161270489917,0.9,-0.05294117647058827
-0.037955331974643514,0.16766861710086112,0.029273313707579685,-0.37983315123538997,0.23461712913150679,0.7613138618104628,0.3992530464498286,0.4511069307759169,-0.3655568881785952,0.44955170955202994,0.4897187177931345,-0.032142833893920475,-0.4900000074174664,0.4006849407927574,0.236612918972969,0.11467739045619962,-0.026129047572612807,-0.4964516155421734,-0.7969354815781117,-0.7548387005925179,-0.7838709712028503,-0.7679032243788242,-0.8941935484763235,-0.8854838711908087,-0.8738709683530033,-0.88112903223373,-0.5429032310843468,-0.22645161151885984,-0.4238709624856711,-0.3817742049694062,0.9,-0.05294117647058827
-0.07893520969257362,0.09555015797534483,0.029346227032631123,-0.3668379312526119,0.23468388456147082,0.7618324909301558,0.39968835604225694,0.3287822823040051,-0.4249394545918027,0.435657279232026,0.4159553929641967,-0.1124999781686814,-0.45500001880857577,0.24657534908700962,0.3556451439857483,0.023225784301757812,-0.023225811123847917,-0.5661290422081948,-0.7954838700592518,-0.7548387005925179,-0.7838709712028503,-0.7664516095072031,-0.8941935484763235,-0.8825806454289705,-0.8753225811291486,-0.8825806450098753,-0.25403228402137756,0.23806450366973875,-0.08419352173805239,-0.050806456804275535,0.9,-0.05294117647058827
-0.1307942958193805,-0.004060463154001437,0.03071329320945293,-0.3582461967062295,0.23468385274286707,0.7615059453974727,0.40065525980645555,0.2618081316078308,-0.33014526797303323,0.32539833742224744,0.40417070075931993,-0.0642856916038248,-0.2800000042385522,0.08630139634803824,0.33387097120285036,0.005806446075439453,-0.03919356465339663,-0.5908064514398574,-0.7954838700592518,-0.753387089073658,-0.7838709712028503,-0.7664516095072031,-0.8941935484763235,-0.8825806454289705,-0.876774193905294,-0.8825806450098753,-0.24967744946479797,0.22645161151885984,-0.09870963692665102,-0.07112901806831362,0.9,-0.05294117647058827
-0.1598218953059023,-0.12892612104450685,0.05151083486351127,-0.3511521119560246,0.23471723045784942,0.7614291119626687,0.4012600819054265,0.25488933038302986,-0.02124696662803105,0.16494017569715613,0.4626576171543958,0.008035738243460044,-0.2400000087420141,0.08630137276990657,0.3120967984199524,-0.007258057594299316,-0.06096773743629458,-0.6067741781473159,-0.7925806436687708,-0.753387089073658,-0.7838709712028503,-0.764999994635582,-0.9,-0.888387096952647,-0.876774193905294,-0.8825806450098753,-0.26709678769111633,0.18580648899078367,-0.12193552851676936,-0.10161285996437075,0.9,-0.05294117647058827
-0.1716766555721697,-0.25185207297139045,0.10165463831635846,-0.34091061953033774,0.2443261305030472,0.7616404050533016,0.40099391591310696,0.2869926102952246,-0.22227601839086897,0.2832668539701054,0.49102812164832266,0.08035716709841212,-0.3100000098016521,0.17260278090701064,0.32225807905197146,-0.005806446075439453,-0.059516125917434715,-0.6154838740825653,-0.7940322568640114,-0.7548387005925179,-0.7838709712028503,-0.7708064507693052,-0.8941935484763235,-0.8825806454289705,-0.8753225811291486,-0.8840322579955683,-0.25838711857795715,0.20903227329254148,-0.1161290287971497,-0.08999996781349184,0.9,-0.05294117647058827
-0.17289600234241542,-0.3736917668671227,0.1510875607516885,-0.3289687310792778,0.2965078128194293,0.7619093266548039,0.400268645863349,0.22666048414120643,0.05012107510065167,0.14925293533578798,0.5351115216972356,0.17678572732780073,-0.375000015894571,0.3082192423568245,0.3599999785423279,0.007258057594299316,-0.023225811123847917,-0.6111290194094181,-0.7954838700592518,-0.7548387005925179,-0.7838709712028503,-0.767903221026063,-0.8970967742381618,-0.888387096952647,-0.876774193905294,-0.8840322579955683,-0.24967744946479797,0.2554838687181472,-0.06967740654945376,-0.03193549364805226,0.9,-0.05294117647058827
-0.174116093524608,-0.4741558482612888,0.17995988593764356,-0.3179025049476276,0.3600999963249515,0.7620629981041006,0.3995431913603754,0.2261070187532478,-0.08280871119921629,0.23082663152129845,0.5534432742553276,0.2410714506862709,-0.3650000021192761,0.35753427209140287,0.41370960474014284,0.033387064933776855,0.024677395820617676,-0.6111290328204633,-0.7954838700592518,-0.753387089073658,-0.7838709712028503,-0.7635483864694834,-0.8970967742381618,-0.8854838711908087,-0.8753225811291486,-0.8825806450098753,-0.26274195313453674,0.284516179561615,-0.04064517617225649,0.01306450366973877,0.9,-0.05294117647058827
-0.17348222675118652,-0.5673524759446215,0.19539856329237992,-0.3103641019329635,0.3771157581474317,0.7615635716184975,0.4011874073378766,0.03653144290251675,0.1748789448822795,-0.06095622487098784,0.45785643956203803,0.3053571621367489,-0.14000001404020446,0.092465745592196,0.4079031586647034,0.023225784301757812,0.020322561264038086,-0.6227419316768646,-0.7925806436687708,-0.7548387005925179,-0.7838709712028503,-0.769354835897684,-0.8970967742381618,-0.8854838711908087,-0.876774193905294,-0.8840322579955683,-0.23661293238401415,0.30193551778793337,-0.02903225719928737,0.01016126722097399,0.9,-0.05294117647058827
-0.17226176336302312,-0.6453935090430998,0.2038743396916708,-0.29236877652128535,0.3788507311358239,0.7613138595206185,0.4079326770351238,-0.18404048208449186,0.268038757887041,-0.2173805183644938,0.30989331921394825,0.18482144274760948,-0.030000017484028252,-0.19109587579574727,-0.3904838841408491,-0.4412903292104602,-0.4746774109080434,-0.6691935488954186,-0.7911290321499109,-0.753387089073658,-0.7838709712028503,-0.7722580656409264,-0.9,-0.8825806454289705,-0.876774193905294,-0.8796774194575846,-0.7287096798419952,-0.6416129082441331,-0.7185483824461698,-0.7287096731364727,0.9,-0.05294117647058827
-0.17167665557217227,-0.7057831759426333,0.2052231753643451,-0.24882684529621457,0.3793678470785192,0.7612946500169951,0.4084402922886671,-0.33791503305797077,0.32851090481884093,-0.2913346935373635,0.1824442391513822,0.1607143004575139,-0.030000017484028252,-0.20958904141887846,-0.8854838714003563,-0.8579032265581191,-0.8303225792013109,-0.8245161272585392,-0.7838709644973278,-0.7519354809075594,-0.7809677448123694,-0.7795161299407483,-0.8970967742381618,-0.8796774198766798,-0.8753225807100534,-0.8753225811291486,-0.9,-0.9,-0.8985483871190809,-0.9,0.9,-0.05294117647058827
-0.17187169150245418,-0.7302364743138463,0.20458521636341864,-0.22298870705870144,0.3797849253320792,0.7613330690242416,0.4084886190315561,-0.3406825799410904,0.3067191318775181,-0.29447214659091425,0.16149369531382407,0.14464286564856577,-0.045000020265578144,-0.23424656807523336,-0.825967743806541,-0.7867741959169507,-0.7766129018738867,-0.7954838700592518,-0.7983870930969715,-0.7591935452073812,-0.78677419424057,-0.7853225827217102,-0.8985483871190809,-0.888387096952647,-0.8796774194575846,-0.8840322579955683,-0.9,-0.9,-0.9,-0.9,0.9,-0.05294117647058827
-0.1732871908209046,-0.7296287114532026,0.1722132123684782,-0.22083121220427748,0.3801852988188462,0.7612946500169951,0.4083678021743352,-0.34704782780060195,0.45490314524826025,-0.43610560084776334,0.19684771442027038,0.1607142925188526,-0.02000000966919735,-0.20342464501845758,-0.8637096776627005,-0.8245161297731102,-0.8027419377118349,-0.8070967722684145,-0.7911290304735303,-0.7562903154641389,-0.7838709712028503,-0.7853225827217102,-0.9,-0.888387096952647,-0.8796774194575846,-0.8825806450098753,-0.9,-0.9,-0.9,-0.9,0.9,-0.05294117647058827
-0.17553122063708249,-0.7175378537707523,0.05878360224023094,-0.22437191270831403,0.3808025160878842,0.7613330667343973,0.40824698531711545,-0.3246308520076623,0.21246973622056997,-0.20348609500158077,0.0973326845923268,0.10446430045751376,-0.050000009271833123,-0.22808219525294404,-0.8709677428007127,-0.8346774187870324,-0.8114516135305166,-0.8187096778303385,-0.7896774189546705,-0.753387089073658,-0.7853225827217102,-0.7809677448123694,-0.9,-0.888387096952647,-0.8825806450098753,-0.8840322579955683,-0.9,-0.9,-0.9,-0.9,0.9,-0.05294117647058827
-0.1774331931633225,-0.7062228488761111,-0.09392620828864995,-0.25246911255976656,0.38121956252283973,0.7613330690242416,0.40807784171700534,-0.1904057739326689,0.1607142971331036,-0.06723112680383458,0.16367604054944096,0.14464287358722705,-0.03500001245074735,-0.21575340245210217,-0.8695161293959245,-0.8419354843441397,-0.8187096778303385,-0.8274193553254009,-0.7751612886786461,-0.7301612880080939,-0.7664516128599643,-0.7577419336885214,-0.9,-0.888387096952647,-0.88112903223373,-0.8854838709812611,-0.9,-0.9,-0.9,-0.9,0.9,-0.05294117647058827
-0.17792115519500085,-0.7015546598585153,-0.235353227159933,-0.28066778234827605,0.3821370519523021,0.761140980857543,0.40829531206000336,-0.12149440640130882,0.2887409281932457,-0.088745067700843,0.23525702835821682,0.1767857233584701,0.04999998244974435,-0.20342464501845758,-0.9,-0.9,-0.8883870970574208,-0.8811290327575989,-0.5051612846553326,-0.4079032391309738,-0.48774193301796914,-0.43403225988149646,-0.8491935482248664,-0.8593548397533596,-0.8550000001676381,-0.8825806450098753,-0.9,-0.9,-0.9,-0.9,0.9,-0.05294117647058827
-0.17616508741050385,-0.7000804507687595,-0.3543422110585084,-0.2777617530631399,0.4170360461821575,0.7607568091038347,0.4083678021743352,-0.09464931160671242,0.2827481936318216,-0.025099647804230907,0.3792919453561977,0.3294643044268445,0.15999997751580464,-0.2034246568075233,-0.9,-0.9,-0.8927419355954044,-0.87532258144347,-0.12338709980249407,0.008709642291069075,-0.15532260686159138,-0.07112903147935867,-0.8506451626773924,-0.8680645168293267,-0.8608064521104097,-0.8912903227144853,-0.9,-0.9,-0.9,-0.9,0.9,-0.05294117647058827
-0.1745549243677449,-0.7001968434857508,-0.4177009267131898,-0.2335218287309676,0.5233511321297738,0.75378408673637,0.4077876968064601,-0.004151210353015911,0.335593228693429,-0.00896419268804205,0.42643066488297576,0.40178573129713124,0.2249999776482593,-0.06164382253542011,-0.9,-0.8956451612524688,-0.8608064521104097,-0.7896774172782898,0.1408064514398576,0.24967744946479808,0.04790320694446559,0.11903225183486932,-0.8912903226097114,-0.8825806454289705,-0.8782258066814393,-0.8869354839669541,-0.9,-0.9,-0.9,-0.9,0.9,-0.05294117647058827
-0.1747012013154563,-0.7013606473321641,-0.4247731976562123,-0.15765678460789712,0.5924150972273113,0.7213791677112172,0.40546653752208883,0.06725101535614986,0.36174334556545296,0.06992025949392433,0.4609117015317187,0.40178573129713124,0.14499997920460295,0.17876711836210257,-0.8753225807100534,-0.746129032317549,-0.704032258875668,-0.5022580649703741,0.21919355392456052,0.27435489892959597,0.07112901806831362,0.03919352442026136,-0.8956451613572426,-0.888387096952647,-0.876774193905294,-0.8840322579955683,-0.9,-0.9,-0.9,-0.9,0.9,-0.05294117647058827
-0.17509164538199617,-0.7042443700048588,-0.3870787729871664,-0.07907596733167199,0.6008229086308127,0.624913548074319,0.3951190809474995,0.16909594885897306,0.38462470781993974,0.1752489369565119,0.5063045547285493,0.4258928577099045,0.0949999788734659,0.419178094626823,-0.6967741928994655,-0.24822580441832542,-0.24096774011850353,0.2032258138060571,0.2540322840213777,0.2119354963302612,0.018870949745178223,-0.168387097120285,-0.8941935484763235,-0.888387096952647,-0.876774193905294,-0.8825806450098753,-0.9,-0.9,-0.9,-0.9,0.9,-0.05294117647058827
-0.17504288639942567,-0.7063909881326758,-0.33688029975072464,-0.006523025886883249,0.600856254527191,0.45551285046868084,0.3150700737771882,0.14280453939566218,0.3546610216908651,0.1035357961806126,0.45960232232289544,0.3857142925188527,-0.015000011722246187,0.4315068638495333,-0.6096774078905582,-0.02032258808612819,-0.02467742264270778,0.43403216600418093,0.2612903952598572,0.16983873546123507,-0.017419365048408464,-0.22500001341104503,-0.8956451613572426,-0.8825806454289705,-0.876774193905294,-0.8825806450098753,-0.9,-0.9,-0.9,-0.9,0.9,-0.05294117647058827
-0.17450616538517438,-0.706520280487511,-0.30022482694999963,0.05693044403640335,0.6009730288017229,0.3674221839930175,0.1597591737807541,0.07776756154600795,0.32197338226181194,0.14880472503350528,0.44345295607769486,0.3535714467169403,-0.04500001430511391,0.4006849407927574,-0.6038709551095962,-0.00870966911315918,-0.011612892150878906,0.44129022359848025,0.2525806188583374,0.16258059740066522,-0.02612906098365786,-0.23806455731391907,-0.8941935484763235,-0.888387096952647,-0.876774193905294,-0.8854838709812611,-0.9,-0.9,-0.9,-0.9,0.9,-0.05294117647058827
-0.173774780646612,-0.7066496221717453,-0.27062339024237947,0.11096754252980323,0.6073455950564076,0.3569919112624892,0.018616125392116767,0.0976937231498074,0.2909201068195736,0.18690234248033077,0.4377788535358188,0.458035735266462,0.009999978012509958,0.3698630177359815,-0.6024193435907363,-0.0029032230377197266,-0.005806446075439453,0.4427418619394302,0.25403223037719724,0.16693551242351534,-0.023225837945938133,-0.23806455731391907,-0.8956451613572426,-0.888387096952647,-0.876774193905294,-0.8840322579955683,-0.9,-0.9,-0.9,-0.9,0.9,-0.05294117647058827
-0.17255506167039547,-0.7067013193819197,-0.22060717858971735,0.15453474441667925,0.6187061092195837,0.35612752710648954,-0.08921190518448852,0.03736168497311998,0.31870460100036635,0.07888442546673724,0.4015518930489438,0.41785717007541023,-0.025000010596380684,0.4315068638495333,-0.5995161205530166,0.0,0.0,0.44709677696228034,0.25983875691890723,0.1683871507644653,-0.023225837945938133,-0.23806455731391907,-0.8970967742381618,-0.8854838711908087,-0.876774193905294,-0.888387096952647,-0.9,-0.9,-0.9,-0.9,0.9,-0.05294117647058827
-0.1715303786244582,-0.7066883950793761,-0.15648292951700316,0.19230228100803803,0.6207579954979859,0.3560699008854643,-0.17175103078606146,0.01909600751052698,0.3045399532511902,0.07036847424874548,0.36096022565992547,0.35357146259426286,-0.07000003086195883,0.3821917869586918,-0.5980645090341568,0.0,0.0,0.44709677696228034,0.2569354802370071,0.1683871507644653,-0.023225837945938133,-0.23951616883277893,-0.8970967742381618,-0.8854838711908087,-0.876774193905294,-0.8854838709812611,-0.9,-0.9,-0.9,-0.9,0.9,-0.05294117647058827
-0.1710915477813214,-0.7066883950793761,-0.10415183930262795,0.22836932475156424,0.630867370356294,0.3560122700847509,-0.21464027728647084,0.04123620662082206,0.3061743438819132,0.08784855581924456,0.3500485076972971,0.39375002778531465,-0.09000001668929958,0.3698630177359815,-0.5980645090341568,0.0,-0.0029032230377197266,0.44709677696228034,0.24967739582061765,0.1640322357416154,-0.027580672502517722,-0.24387100338935852,-0.8956451613572426,-0.888387096952647,-0.8782258066814393,-0.8840322579955683,-0.9,-0.9,-0.9,-0.9,0.9,-0.05294117647058827
-0.17084775286846643,-0.7067918388291241,-0.05860135803953026,0.2722664007563341,0.6759424312372141,0.3556857291317562,-0.23257945937171887,-0.035701112854582884,0.38407991982433487,-0.042131523524985615,0.2885063046861759,0.3696428696178965,-0.07500002582867804,0.4130137100154677,-0.5980645090341568,0.00435483455657959,0.0,0.4485483884811402,0.25403223037719724,0.1683871239423752,-0.02322582453489308,-0.2409677803516388,-0.8970967742381618,-0.888387096952647,-0.876774193905294,-0.8854838709812611,-0.9,-0.9,-0.9,-0.9,0.9,-0.05294117647058827
-0.17094527083360733,-0.7068306364014543,-0.03213506393602694,0.3097929462471828,0.6901055279891554,0.35434111883439956,-0.2971310761451573,-0.030165931111012956,0.38135593988044814,-0.026892462298133246,0.2911251288274618,0.4017857154198087,-0.005000018808575812,0.3390410946792056,-0.5980645090341568,-0.0014516115188598633,-0.0014516115188598633,0.44709677696228034,0.2612903952598572,0.17419359683990476,-0.01306450366973877,-0.2366129457950592,-0.9,-0.888387096952647,-0.8782258066814393,-0.8854838709812611,-0.9,-0.9,-0.9,-0.9,0.9,-0.05294117647058827
-0.17055519897304094,-0.7068177120989108,-0.02285727138155902,0.3367988601629802,0.6907394500249856,0.35295810326886257,-0.41303409966130356,-0.14833945720723973,0.345399545833858,-0.1223606021612621,0.2029582958678161,0.38571430839617504,0.03999998059537779,0.23424665059869387,-0.6009677320718765,-0.00870966911315918,-0.01306450366973877,0.44129025042057035,0.2612903952598572,0.18145165443420408,-0.00870966911315918,-0.22935486137866978,-0.8970967742381618,-0.888387096952647,-0.8796774194575846,-0.8854838709812611,-0.9,-0.9,-0.9,-0.9,0.9,-0.05294117647058827
-0.170165127112477,-0.7068177120989109,-0.02076110672038134,0.34663408555060304,0.6908895701958963,0.35188242144254145,-0.5362141714996815,-0.23274904329540402,0.33940678462852525,-0.13939246897694035,0.1750242538486485,0.35357146259426286,0.06499997927083023,0.09863015378168283,-0.6067741781473159,-0.029032270610332533,-0.033387118577957176,0.4267741084098816,0.2612903952598572,0.19161293506622312,0.0,-0.22354838848114011,-0.8970967742381618,-0.888387096952647,-0.876774193905294,-0.8854838709812611,-0.9,-0.9,-0.9,-0.9,0.9,-0.05294117647058827
-0.170165127112477,-0.7068177120989109,-0.02076110672038134,0.34663408555060304,0.6908895701958963,0.35188242144254145,-0.5362141714996815,-0.23274904329540402,0.33940678462852525,-0.13939246897694035,0.1750242538486485,0.35357146259426286,0.06499997927083023,0.09863015378168283,-0.6067741781473159,-0.029032270610332533,-0.033387118577957176,0.4267741084098816,0.2612903952598572,0.19161293506622312,0.0,-0.22354838848114011,-0.8970967742381618,-0.888387096952647,-0.876774193905294,-0.8854838709812611,-0.9,-0.9,-0.9,-0.9,0.9,-0.05294117647058827
-0.170165127112477,-0.7068177120989109,-0.02076110672038134,0.34663408555060304,0.6908895701958963,0.35188242144254145,-0.5362141714996815,-0.23274904329540402,0.33940678462852525,-0.13939246897694035,0.1750242538486485,0.35357146259426286,0.06499997927083023,0.09863015378168283,-0.6067741781473159,-0.029032270610332533,-0.033387118577957176,0.4267741084098816,0.2612903952598572,0.19161293506622312,0.0,-0.22354838848114011,-0.8970967742381618,-0.888387096952647,-0.876774193905294,-0.8854838709812611,-0.9,-0.9,-0.9,-0.9,0.9,-0.05294117647058827
-0.170165127112477,-0.7068177120989109,-0.02076110672038134,0.34663408555060304,0.6908895701958963,0.35188242144254145,-0.5362141714996815,-0.23274904329540402,0.33940678462852525,-0.13939246897694035,0.1750242538486485,0.35357146259426286,0.06499997927083023,0.09863015378168283,-0.6067741781473159,-0.029032270610332533,-0.033387118577957176,0.4267741084098816,0.2612903952598572,0.19161293506622312,0.0,-0.22354838848114011,-0.8970967742381618,-0.888387096952647,-0.876774193905294,-0.8854838709812611,-0.9,-0.9,-0.9,-0.9,0.9,-0.05294117647058827
-0.170165127112477,-0.7068177120989109,-0.02076110672038134,0.34663408555060304,0.6908895701958963,0.35188242144254145,-0.5362141714996815,-0.23274904329540402,0.33940678462852525,-0.13939246897694035,0.1750242538486485,0.35357146259426286,0.06499997927083023,0.09863015378168283,-0.6067741781473159,-0.029032270610332533,-0.033387118577957176,0.4267741084098816,0.2612903952598572,0.19161293506622312,0.0,-0.22354838848114011,-0.8970967742381618,-0.888387096952647,-0.876774193905294,-0.8854838709812611,-0.9,-0.9,-0.9,-0.9,0.9,-0.05294117647058827
-0.170165127112477,-0.7068177120989109,-0.02076110672038134,0.34663408555060304,0.6908895701958963,0.35188242144254145,-0.5362141714996815,-0.23274904329540402,0.33940678462852525,-0.13939246897694035,0.1750242538486485,0.35357146259426286,0.06499997927083023,0.09863015378168283,-0.6067741781473159,-0.029032270610332533,-0.033387118577957176,0.4267741084098816,0.2612903952598572,0.19161293506622312,0.0,-0.22354838848114011,-0.8970967742381618,-0.888387096952647,-0.876774193905294,-0.8854838709812611,-0.9,-0.9,-0.9,-0.9,0.9,-0.05294117647058827
-0.170165127112477,-0.7068177120989109,-0.02076110672038134,0.34663408555060304,0.6908895701958963,0.35188242144254145,-0.5362141714996815,-0.23274904329540402,0.33940678462852525,-0.13939246897694035,0.1750242538486485,0.35357146259426286,0.06499997927083023,0.09863015378168283,-0.6067741781473159,-0.029032270610332533,-0.033387118577957176,0.4267741084098816,0.2612903952598572,0.19161293506622312,0.0,-0.22354838848114011,-0.8970967742381618,-0.888387096952647,-0.876774193905294,-0.8854838709812611,-0.9,-0.9,-0.9,-0.9,0.9,-0.05294117647058827
-0.170165127112477,-0.7068177120989109,-0.02076110672038134,0.34663408555060304,0.6908895701958963,0.35188242144254145,-0.5362141714996815,-0.23274904329540402,0.33940678462852525,-0.13939246897694035,0.1750242538486485,0.35357146259426286,0.06499997927083023,0.09863015378168283,-0.6067741781473159,-0.029032270610332533,-0.033387118577957176,0.4267741084098816,0.2612903952598572,0.19161293506622312,0.0,-0.22354838848114011,-0.8970967742381618,-0.888387096952647,-0.876774193905294,-0.8854838709812611,-0.9,-0.9,-0.9,-0.9,0.9,-0.05294117647058827
-0.170165127112477,-0.7068177120989109,-0.02076110672038134,0.34663408555060304,0.6908895701958963,0.35188242144254145,-0.5362141714996815,-0.23274904329540402,0.33940678462852525,-0.13939246897694035,0.1750242538486485,0.35357146259426286,0.06499997927083023,0.09863015378168283,-0.6067741781473159,-0.029032270610332533,-0.033387118577957176,0.4267741084098816,0.2612903952598572,0.19161293506622312,0.0,-0.22354838848114011,-0.8970967742381618,-0.888387096952647,-0.876774193905294,-0.8854838709812611,-0.9,-0.9,-0.9,-0.9,0.9,-0.05294117647058827
-0.170165127112477,-0.7068177120989109,-0.02076110672038134,0.34663408555060304,0.6908895701958963,0.35188242144254145,-0.5362141714996815,-0.23274904329540402,0.33940678462852525,-0.13939246897694035,0.1750242538486485,0.35357146259426286,0.06499997927083023,0.09863015378168283,-0.6067741781473159,-0.029032270610332533,-0.033387118577957176,0.4267741084098816,0.2612903952598572,0.19161293506622312,0.0,-0.22354838848114011,-0.8970967742381618,-0.888387096952647,-0.876774193905294,-0.8854838709812611,-0.9,-0.9,-0.9,-0.9,0.9,-0.05294117647058827
-0.170165127112477,-0.7068177120989109,-0.02076110672038134,0.34663408555060304,0.6908895701958963,0.35188242144254145,-0.5362141714996815,-0.23274904329540402,0.33940678462852525,-0.13939246897694035,0.1750242538486485,0.35357146259426286,0.06499997927083023,0.09863015378168283,-0.6067741781473159,-0.029032270610332533,-0.033387118577957176,0.4267741084098816,0.2612903952598572,0.19161293506622312,0.0,-0.22354838848114011,-0.8970967742381618,-0.888387096952647,-0.876774193905294,-0.8854838709812611,-0.9,-0.9,-0.9,-0.9,0.9,-0.05294117647058827
-0.170165127112477,-0.7068177120989109,-0.02076110672038134,0.34663408555060304,0.6908895701958963,0.35188242144254145,-0.5362141714996815,-0.23274904329540402,0.33940678462852525,-0.13939246897694035,0.1750242538486485,0.35357146259426286,0.06499997927083023,0.09863015378168283,-0.6067741781473159,-0.029032270610332533,-0.033387118577957176,0.4267741084098816,0.2612903952598572,0.19161293506622312,0.0,-0.22354838848114011,-0.8970967742381618,-0.888387096952647,-0.876774193905294,-0.8854838709812611,-0.9,-0.9,-0.9,-0.9,0.9,-0.05294117647058827
-0.170165127112477,-0.7068177120989109,-0.02076110672038134,0.34663408555060304,0.6908895701958963,0.35188242144254145,-0.5362141714996815,-0.23274904329540402,0.33940678462852525,-0.13939246897694035,0.1750242538486485,0.35357146259426286,0.06499997927083023,0.09863015378168283,-0.6067741781473159,-0.029032270610332533,-0.033387118577957176,0.4267741084098816,0.2612903952598572,0.19161293506622312,0.0,-0.22354838848114011,-0.8970967742381618,-0.888387096952647,-0.876774193905294,-0.8854838709812611,-0.9,-0.9,-0.9,-0.9,0.9,-0.05294117647058827
-0.170165127112477,-0.7068177120989109,-0.02076110672038134,0.34663408555060304,0.6908895701958963,0.35188242144254145,-0.5362141714996815,-0.23274904329540402,0.33940678462852525,-0.13939246897694035,0.1750242538486485,0.35357146259426286,0.06499997927083023,0.09863015378168283,-0.6067741781473159,-0.029032270610332533,-0.033387118577957176,0.4267741084098816,0.2612903952598572,0.19161293506622312,0.0,-0.22354838848114011,-0.8970967742381618,-0.888387096952647,-0.876774193905294,-0.8854838709812611,-0.9,-0.9,-0.9,-0.9,0.9,-0.05294117647058827
