position0,position1,position2,position3,position4,position5,position6,image0,image1,image2,image3,image4,image5,image6,image7,image8,image9,image10,image11,image12,image13,image14
0.2063013746705643,0.034181969653999444,0.3361193081164672,-0.4221569341318877,-0.3322435101567628,0.04486194225436646,0.5234079358846194,-0.007591350935399532,0.0189878698438406,-0.027327442541718483,0.02851552516222,0.01073306892067194,-0.09394833445549011,0.02727684937417507,0.0827425867319107,0.111934132874012,-0.04116494208574295,-0.06273709982633591,-0.21450968086719513,-0.011300114914774895,0.18526387214660645,0.06280697882175446
0.2063170740051904,0.03418910571519318,0.3361062190958283,-0.422172633466514,-0.3322513598240757,0.04486194225436646,0.5233881134924151,-0.00820881873369217,0.018731720745563507,-0.028884366154670715,0.028092581778764725,0.012869741767644882,-0.09676138311624527,0.027728404849767685,0.07529855519533157,0.10978797823190689,-0.04307327792048454,-0.05838168412446976,-0.2099677324295044,-0.014571179635822773,0.18565960228443146,0.059821922332048416
0.2063170740051904,0.03418910571519318,0.3361062190958283,-0.42216478379920064,-0.33226708911926406,0.04486194225436646,0.5234079358846205,-0.005924900062382221,0.020777419209480286,-0.031277161091566086,0.03060428984463215,0.009495122358202934,-0.0895862728357315,0.02755659632384777,0.08131518959999084,0.11012619733810425,-0.04044627025723457,-0.056287698447704315,-0.21261978149414062,-0.009601201862096786,0.18459169566631317,0.06276284903287888
0.2063170740051904,0.03418910571519318,0.3361062190958283,-0.42216478379920064,-0.3322513598240757,0.044869796603017376,0.5233881134924151,-0.010380540043115616,0.021349210292100906,-0.026356205344200134,0.027443991973996162,0.011231289245188236,-0.09092427045106888,0.028341729193925858,0.07796304672956467,0.11378519982099533,-0.03827526047825813,-0.06029703840613365,-0.21126264333724976,-0.013128264807164669,0.18364261090755463,0.05629491060972214
0.2063013746705643,0.034181969653999555,0.3361193081164672,-0.42218833280113993,-0.3322592244716699,0.04486194225436646,0.5233881134924151,-0.007329453248530626,0.02066013030707836,-0.026578348129987717,0.029091082513332367,0.009029817767441273,-0.09455548971891403,0.02733534388244152,0.08007315546274185,0.11420131474733353,-0.0397229827940464,-0.06012938171625137,-0.21223117411136627,-0.011190999299287796,0.18227523565292358,0.05902797728776932
0.2063013746705643,0.03418910571519318,0.3361062190958283,-0.42216478379920064,-0.3322592244716699,0.044869796603017376,0.5234079358846205,-0.005569256376475096,0.019868740811944008,-0.02803203836083412,0.029292291030287743,0.00886902678757906,-0.09043552726507187,0.02602933533489704,0.07881386578083038,0.11031153798103333,-0.03719206154346466,-0.05922803655266762,-0.2128167301416397,-0.011170689016580582,0.18447130918502808,0.061671383678913116
0.2063013746705643,0.03418910571519318,0.3361193081164672,-0.422172633466514,-0.3322513598240757,0.044869796603017376,0.5234079358846194,-0.008787275291979313,0.01848413422703743,-0.026909789070487022,0.028310267254710197,0.008162504062056541,-0.0924125462770462,0.027137039229273796,0.07886915653944016,0.11446390300989151,-0.03867506608366966,-0.05999220162630081,-0.21514557301998138,-0.01400346402078867,0.1849476397037506,0.06495752930641174
0.2063170740051904,0.03418910571519318,0.3361062190958283,-0.422172633466514,-0.3322513598240757,0.04487765095166818,0.5233881134924151,-0.00958222709596157,0.021760471165180206,-0.026982149109244347,0.027955636382102966,0.010837342590093613,-0.0923810750246048,0.026777537539601326,0.07954464852809906,0.11140260100364685,-0.03836283087730408,-0.05830427259206772,-0.21370400488376617,-0.009563382714986801,0.1832745373249054,0.05935144051909447
0.2063170740051904,0.034181969653999555,0.3361062190958283,-0.4221569341318877,-0.33226708911926406,0.04486194225436646,0.5233881134924151,-0.008360876701772213,0.020808720961213112,-0.027811968699097633,0.027049586176872253,0.012044260278344154,-0.08450742065906525,0.026877395808696747,0.08033458888530731,0.11225864291191101,-0.03606852516531944,-0.060938261449337006,-0.21434864401817322,-0.011153200641274452,0.18336330354213715,0.060595784336328506
0.2063013746705643,0.03418910571519318,0.3361062190958283,-0.4221726334665136,-0.3322513598240757,0.04486194225436646,0.5234079358846205,-0.0058886464685201645,0.022025978192687035,-0.02751062624156475,0.028521323576569557,0.00922989659011364,-0.09552028030157089,0.027398960664868355,0.076955147087574,0.11089660227298737,-0.04263099655508995,-0.059683848172426224,-0.21436360478401184,-0.013798991218209267,0.18491560220718384,0.06516824662685394
0.2063170740051904,0.03418910571519318,0.3361062190958283,-0.42218048313382694,-0.33226708911926406,0.04486194225436646,0.5233881134924151,-0.00989441480487585,0.018133675679564476,-0.029348425567150116,0.028333673253655434,0.012643249705433846,-0.09445416927337646,0.02795669063925743,0.08021776378154755,0.11100923269987106,-0.03892754390835762,-0.06006505712866783,-0.21404467523097992,-0.010278032161295414,0.18324732780456543,0.06127449497580528
0.2063013746705643,0.03418910571519318,0.3361062190958283,-0.42218833280113993,-0.3322513598240757,0.044869796603017376,0.5234079358846205,-0.008727923035621643,0.02063794620335102,-0.027479667216539383,0.02951565757393837,0.009665276855230331,-0.08820021897554398,0.027184806764125824,0.07970599830150604,0.11084458976984024,-0.03712344542145729,-0.05625894293189049,-0.211005300283432,-0.011800193227827549,0.1850893199443817,0.05789509043097496
0.2063170740051904,0.034181969653999555,0.3361193081164672,-0.4221726334665136,-0.3322592244716699,0.04486194225436646,0.5233881134924151,-0.009438907727599144,0.022711314260959625,-0.02620813623070717,0.027591411024332047,0.010545989498496056,-0.09205573052167892,0.026363806799054146,0.0804547667503357,0.11482220888137817,-0.03854740411043167,-0.06064661964774132,-0.21338693797588348,-0.014189238660037518,0.18353651463985443,0.06321638077497482
0.2063013746705643,0.03418910571519318,0.3361193081164672,-0.4221726334665136,-0.3322592244716699,0.04486194225436646,0.5234079358846205,-0.008395612239837646,0.021442044526338577,-0.02784884162247181,0.028930598869919777,0.010240263305604458,-0.09480016678571701,0.028445355594158173,0.07941301167011261,0.1118154376745224,-0.04246153309941292,-0.059338074177503586,-0.21207381784915924,-0.01589379645884037,0.1869368702173233,0.06241687014698982
0.2063013746705643,0.03418910571519318,0.3361062190958283,-0.422172633466514,-0.3322592244716699,0.04486194225436646,0.5233881134924151,-0.006009600590914488,0.016068678349256516,-0.02962174080312252,0.030581317842006683,0.011351804248988628,-0.0954652652144432,0.028723211959004402,0.07790346443653107,0.10887099802494049,-0.043204281479120255,-0.05723480507731438,-0.2115795612335205,-0.013216596096754074,0.1845862865447998,0.059474021196365356
0.2063170740051904,0.03418910571519318,0.3361193081164672,-0.42218833280113993,-0.33226708911926406,0.044869796603017376,0.5234079358846205,-0.008614277467131615,0.01933887042105198,-0.028696676716208458,0.02973669022321701,0.01330121885985136,-0.09308458864688873,0.027003061026334763,0.07945670932531357,0.10877509415149689,-0.038768816739320755,-0.05938088148832321,-0.21323755383491516,-0.012564576230943203,0.18516376614570618,0.06319320946931839
0.2063170740051904,0.034181969653999555,0.3361062190958283,-0.4221726334665136,-0.3322592244716699,0.044869796603017376,0.5234079358846194,-0.00793989934027195,0.022489137947559357,-0.026345735415816307,0.027889005839824677,0.011654570698738098,-0.09427912533283234,0.027089860290288925,0.0798218622803688,0.11005851626396179,-0.04188118502497673,-0.06083797290921211,-0.2153906673192978,-0.013717621564865112,0.1850714236497879,0.06213507801294327
0.2063170740051904,0.03418910571519318,0.3361193081164672,-0.422172633466514,-0.33226708911926406,0.044869796603017376,0.5233881134924151,-0.006671221926808357,0.017666952684521675,-0.02981063537299633,0.03067483752965927,0.011068611405789852,-0.09101279824972153,0.02772284299135208,0.07749184221029282,0.11034483462572098,-0.03976829722523689,-0.060063812881708145,-0.21413637697696686,-0.01163894310593605,0.18515044450759888,0.06075671687722206
0.2063013746705643,0.03418910571519318,0.3361062190958283,-0.4221726334665136,-0.3322513598240757,0.044869796603017376,0.5234475806690292,-0.005758082959800959,0.019140111282467842,-0.026488451287150383,0.02767905779182911,0.013261482119560242,-0.0940704271197319,0.027011888101696968,0.07750070840120316,0.10818145424127579,-0.03909473493695259,-0.059948936104774475,-0.21307408809661865,-0.015248054638504982,0.1859630048274994,0.06077408790588379
0.20579863643578455,0.034181969653999555,0.3361193081164672,-0.42218048313382694,-0.3322513598240757,0.04487765095166818,0.5234079358846205,-0.005585320759564638,0.017439791932702065,-0.02606581710278988,0.028194306418299675,0.012582824565470219,-0.09972736984491348,0.026956046000123024,0.07938706129789352,0.11279163509607315,-0.041959166526794434,-0.06050579249858856,-0.21365198493003845,-0.014150367118418217,0.18069490790367126,0.0655660405755043
0.2050758678317427,0.03418910571519318,0.3361062190958283,-0.4221726334665136,-0.3322592244716699,0.044869796603017376,0.5233881134924151,-0.00636741379275918,0.015928763896226883,-0.02807900309562683,0.028464769944548607,0.00957708340138197,-0.09538212418556213,0.0288485549390316,0.07936995476484299,0.11044979095458984,-0.038143906742334366,-0.052591875195503235,-0.21104232966899872,-0.008996219374239445,0.18371081352233887,0.060643769800662994
0.2049345738201086,0.03418910571519318,0.3361193081164672,-0.42218048313382694,-0.3322592244716699,0.044869796603017376,0.5233881134924151,-0.004658884834498167,0.017523711547255516,-0.027184905484318733,0.030664566904306412,0.009894092567265034,-0.09623315185308456,0.026545332744717598,0.07943294197320938,0.11101016402244568,-0.03986085206270218,-0.05778162181377411,-0.2126690149307251,-0.01104834582656622,0.18440665304660797,0.06495857238769531
0.20491887448548207,0.034181969653999555,0.33613239713710585,-0.42218048313382694,-0.3322592244716699,0.04486194225436646,0.5233881134924151,-0.006842939183115959,0.015892405062913895,-0.02468245103955269,0.028957802802324295,0.012966129928827286,-0.09514331817626953,0.028756044805049896,0.0811106264591217,0.11295370012521744,-0.03648902848362923,-0.053703512996435165,-0.20868049561977386,-0.009943372569978237,0.18114429712295532,0.056715674698352814
0.204903175150856,0.03418910571519318,0.3361062190958283,-0.42218833280113993,-0.3322513598240757,0.04487765095166818,0.5233881134924151,-0.008540111593902111,0.019170263782143593,-0.021594319492578506,0.02746034972369671,0.00939106848090887,-0.09791409969329834,0.028195206075906754,0.0773908942937851,0.11556187272071838,-0.03928761184215546,-0.05877133458852768,-0.2110118418931961,-0.013480485416948795,0.18305271863937378,0.060043711215257645
0.20491887448548207,0.034181969653999555,0.33613239713710585,-0.42218048313382694,-0.3322592244716699,0.04486194225436646,0.5233682911002105,-0.008634806610643864,0.018460892140865326,-0.030102115124464035,0.03130907565355301,0.007364417426288128,-0.08805271238088608,0.02824532426893711,0.0820639580488205,0.1108313724398613,-0.035440269857645035,-0.053452957421541214,-0.2127334177494049,-0.007184277754276991,0.18241600692272186,0.06257251650094986
0.20491887448548207,0.03418910571519318,0.33613239713710585,-0.4221726334665136,-0.33226708911926406,0.04486194225436646,0.5233286463158017,-0.007714157924056053,0.01900343969464302,-0.02342052571475506,0.028334196656942368,0.011692658066749573,-0.09929250925779343,0.02715795673429966,0.08077442646026611,0.11089131236076355,-0.04138799011707306,-0.05837250128388405,-0.21296918392181396,-0.012000386603176594,0.18049319088459015,0.06408172100782394
0.204903175150856,0.03417483359280582,0.3361062190958283,-0.42218048313382694,-0.3322513598240757,0.044869796603017376,0.5233682911002105,-0.004944304935634136,0.018306659534573555,-0.02582312747836113,0.02805602364242077,0.007478216663002968,-0.09880509227514267,0.026684395968914032,0.07880387455224991,0.10928933322429657,-0.04082820937037468,-0.0575161948800087,-0.21230919659137726,-0.01183740422129631,0.18456929922103882,0.06337462365627289
0.20491887448548207,0.03418910571519318,0.3361193081164672,-0.4220626182818825,-0.33226708911926406,0.044869796603017376,0.5233088239235971,-0.01006763894110918,0.01778644323348999,-0.02843005768954754,0.027796830981969833,0.008597936481237411,-0.0900421142578125,0.02567671798169613,0.08035453408956528,0.10956832766532898,-0.04138919338583946,-0.06107401102781296,-0.21359120309352875,-0.013420718722045422,0.18409939110279083,0.06023375317454338
0.204903175150856,0.03418910571519318,0.3361062190958283,-0.4204132294081585,-0.3322513598240757,0.044940481995804915,0.5233286463158017,-0.025319326668977737,0.00030492202495224774,-0.025850100442767143,0.016830148175358772,-0.008381560444831848,-0.08147069811820984,0.02908380702137947,0.08476497232913971,0.08784923702478409,-0.06802728027105331,-0.05638632923364639,-0.22094501554965973,-0.03162530064582825,0.19322113692760468,0.06599479913711548
0.20495027315473469,0.03416056147041857,0.33613239713710585,-0.4158030179293166,-0.3255048104530429,0.05039900057964242,0.5233088239235971,-0.013864297419786453,-0.08991685509681702,-0.015343472361564636,0.027074411511421204,-0.10613535344600677,-0.013210512697696686,0.036048244684934616,0.14085938036441803,0.0800618976354599,-0.1546432375907898,0.021390767768025398,-0.1870739609003067,-0.08798380196094513,0.17336946725845337,0.05808284506201744
0.20499737115861227,0.03416056147041857,0.33613239713710585,-0.40951189906525,-0.29906829940475843,0.0834878237954304,0.5233286463158017,0.12102160602807999,-0.10327077656984329,-0.06393655389547348,-0.03051477111876011,-0.23825310170650482,0.06354602426290512,0.061678897589445114,0.1801128387451172,0.07825151830911636,-0.13956668972969055,-0.007916698232293129,-0.14819161593914032,-0.1411004215478897,-1.6313259038724937e-05,0.011044283397495747
0.20501307049323814,0.03418911933363056,0.33602768497199553,-0.4007390869077816,-0.26820999885370667,0.17281115618458853,0.5232890015313928,0.09243567287921906,-0.1414080262184143,-0.06828999519348145,-0.07455501705408096,-0.27448755502700806,0.03762597218155861,0.07211549580097198,0.19339221715927124,0.03659103810787201,-0.01053927093744278,-0.08132743835449219,-0.15878799557685852,-0.10189153254032135,-0.02814970351755619,0.007062337826937437
0.20506016849711683,0.034181969653999555,0.3360800410545507,-0.39396889865312334,-0.26158911906108784,0.26486767644439213,0.5233682911002105,0.0709037333726883,-0.15177685022354126,-0.04918356612324715,-0.08188886940479279,-0.2663094997406006,0.008749961853027344,0.07278013974428177,0.19680620729923248,0.012980041094124317,0.036811791360378265,-0.09354235976934433,-0.16306698322296143,-0.0881892740726471,-0.019709497690200806,0.014216252602636814
0.20506016849711595,0.03425338473968553,0.33605385677148913,-0.3922253137716427,-0.261596983708682,0.3121093786691992,0.5233484687080062,0.06973911821842194,-0.17755934596061707,-0.04104861989617348,-0.08509684354066849,-0.24855445325374603,0.003066810080781579,0.07674098014831543,0.19081786274909973,-0.022767309099435806,0.06545493006706238,-0.09594398736953735,-0.172707200050354,-0.09229060262441635,-0.0111544756218791,0.011484825983643532
0.20509156716636945,0.034696052047127335,0.32932561330399934,-0.39173833479261366,-0.26149486313220716,0.31752077303366677,0.5233881134924151,0.03355235233902931,-0.2133718580007553,-0.02162420190870762,-0.08175378292798996,-0.18566416203975677,-0.010784635320305824,0.08099199831485748,0.2006445676088333,-0.10099472850561142,0.10631394386291504,-0.08849994093179703,-0.161865234375,-0.09540781378746033,0.001487579895183444,0.017596935853362083
0.20504446916249075,0.03748779085726728,0.3141019775053192,-0.3911571598058283,-0.24571620791759763,0.31766214943684734,0.5233088239235962,-0.07166372984647751,-0.23584923148155212,-0.00494023971259594,0.03673817217350006,-0.0861300602555275,0.04007250443100929,0.08362483978271484,0.2331961840391159,-0.15053237974643707,0.08457455039024353,-0.07318229973316193,-0.1170421615242958,-0.11161117255687714,-0.006975817494094372,0.02287827618420124
0.2049502731547338,0.042471498876346714,0.30980846040481247,-0.39107069362313573,-0.17671898046155443,0.3176150214724066,0.5230509058509808,-0.16014856100082397,-0.20930522680282593,-0.004791099578142166,0.08971478044986725,-0.013420497067272663,0.14688141644001007,0.08175665140151978,0.25276970863342285,-0.14852716028690338,0.051771145313978195,-0.030612168833613396,-0.06769046187400818,-0.14904825389385223,-0.021536262705922127,0.020732296630740166
0.2048560771469784,0.04429218862665574,0.30970374199791817,-0.3910785432904491,-0.07263800949648525,0.31252563574100567,0.5224361090606978,-0.20051684975624084,-0.2084328681230545,0.0039197951555252075,0.06262972205877304,-0.0009869523346424103,0.18100705742835999,0.08181684464216232,0.2257906049489975,-0.1601252257823944,0.047621604055166245,-0.012853729538619518,-0.07704789191484451,-0.15790797770023346,-0.02650981768965721,0.026973722502589226
0.2046362864622141,0.044306460749042986,0.30918014996344645,-0.38905225054345116,-0.012005276675103538,0.2874714301341482,0.5212857293909626,-0.22598452866077423,-0.18619871139526367,0.0013554247561842203,0.04773373529314995,0.010881300084292889,0.22094078361988068,0.07772736251354218,0.18210369348526,-0.16308395564556122,0.049121927469968796,-0.004443715792149305,-0.08800847083330154,-0.1775505244731903,-0.02133505791425705,0.02226296253502369
0.20458918845833562,0.04433501861225497,0.30840784781148545,-0.3747894649568395,0.004480238084986099,0.265975086236912,0.5202940045168506,-0.2505323588848114,-0.16407819092273712,0.004504479002207518,0.01783493533730507,0.03958531469106674,0.24411730468273163,0.0767243504524231,0.10202787071466446,-0.17986822128295898,0.03756760433316231,-0.005272828973829746,-0.10393897444009781,-0.2131071388721466,0.0020558557007461786,0.02326081320643425
0.20454209045445781,0.04428505256546211,0.3083554792453628,-0.34880844433664526,0.005768287597532562,0.2635403486347182,0.5188858580904708,-0.26299431920051575,-0.14081218838691711,-0.003871727269142866,-0.05337991937994957,0.056038327515125275,0.2161092758178711,0.07158531248569489,0.011770356446504593,-0.1933901011943817,0.02584916353225708,-0.04220990464091301,-0.14987066388130188,-0.23466366529464722,0.06367158144712448,0.03857903927564621
0.20458918845833562,0.043335425307649,0.3083554730035788,-0.3167484855543339,0.005972483809638884,0.2569979879856511,0.5173191325264556,-0.2060779631137848,-0.14001573622226715,0.010514029301702976,-0.08762389421463013,0.06400792300701141,0.14663733541965485,0.07635923475027084,-0.05821395292878151,-0.21939578652381897,-0.04631095752120018,-0.07474929839372635,-0.16535556316375732,-0.24665220081806183,0.10432601720094681,0.04514298215508461
0.20469908380071844,0.038287479119389345,0.30835548548714653,-0.2877516946578307,0.006341612917004968,0.2365148016971247,0.5171603264148622,-0.17965860664844513,-0.13609693944454193,0.049097687005996704,-0.10125765204429626,0.04136107861995697,0.11159729957580566,0.08005368709564209,-0.08197833597660065,-0.23944610357284546,-0.0765467956662178,-0.09435005486011505,-0.14989249408245087,-0.24755284190177917,0.13288016617298126,0.0540824793279171
0.20479327980847384,0.036323972816145966,0.3081984047559131,-0.2638284253750106,0.00669504268974519,0.20402287901823957,0.5173785997030688,-0.17807553708553314,-0.13779202103614807,0.08496008813381195,-0.07836060971021652,0.021398624405264854,0.08519255369901657,0.08237065374851227,-0.09609641879796982,-0.24710769951343536,-0.08053025603294373,-0.10820578783750534,-0.12953877449035645,-0.2273768037557602,0.1577591747045517,0.06193678453564644
0.20499737115861227,0.03613833989604964,0.3081591376939966,-0.24601555284468501,0.007024923460546062,0.19228117737426487,0.5174578892718865,-0.1562265008687973,-0.14004293084144592,0.1104918122291565,-0.048092927783727646,-0.012457397766411304,0.055759552866220474,0.08878794312477112,-0.11185380816459656,-0.24474158883094788,-0.09510063380002975,-0.12045145779848099,-0.1112753301858902,-0.21207530796527863,0.16326774656772614,0.062216442078351974
0.20499737115861227,0.03595982941870923,0.30806750206595745,-0.23113228401359842,0.007488308496792828,0.19213980471615477,0.5175173564484997,-0.12787503004074097,-0.15083615481853485,0.14090095460414886,-0.003752846270799637,-0.07970305532217026,0.02350662462413311,0.1000891774892807,-0.11090277880430222,-0.25403648614883423,-0.10180479288101196,-0.15110358595848083,-0.09113963693380356,-0.17393186688423157,0.15952065587043762,0.06391653418540955
0.20504446916249008,0.03575276107815695,0.30801513349983434,-0.21222776843664337,0.007826023954625838,0.1920612631021813,0.5176561888519177,-0.08062492311000824,-0.1672659069299698,0.15436947345733643,0.07241516560316086,-0.15123943984508514,-0.005302388221025467,0.11030545830726624,-0.0986909419298172,-0.2500046491622925,-0.12757828831672668,-0.1997106671333313,-0.06860975921154022,-0.12660130858421326,0.1158941239118576,0.05763371288776398
0.2052801988663796,0.0356028357009035,0.3078842432934462,-0.18503729983900086,0.00841507856928625,0.1920455562774147,0.5179141069245342,-0.07139985263347626,-0.18151973187923431,0.11624060571193695,0.11603847146034241,-0.19582369923591614,-0.014433764852583408,0.11720191687345505,-0.08938558399677277,-0.2004602551460266,-0.14795413613319397,-0.2808326780796051,-0.04985599219799042,-0.07126656174659729,0.013052328489720821,0.05126364529132843
0.20542173256251062,0.0356028357009035,0.30754390378970176,-0.15622099136957268,0.020918609900354324,0.1920612631021813,0.5182511632499974,-0.09270156919956207,-0.15037734806537628,0.06510727107524872,0.176121786236763,-0.1445668339729309,0.08381843566894531,0.10829200595617294,-0.15175122022628784,-0.0490683913230896,-0.14833882451057434,-0.28127220273017883,-0.01506049744784832,-0.10441208630800247,-0.04987086355686188,0.03782035782933235
0.20185582644192268,0.03586700614944227,0.30446775299357853,-0.13317742411593037,0.03215767068137687,0.19209267675171426,0.5182314165157779,-0.04195619747042656,0.08524370938539505,0.019201945513486862,0.23946057260036469,-0.14269544184207916,0.13195405900478363,0.09033866971731186,-0.07832346856594086,0.18653418123722076,-0.19900725781917572,-0.19792766869068146,0.1566305309534073,-0.13901446759700775,-0.049818649888038635,0.013016200624406338
0.1901377711717135,0.037716267381400326,0.28014659870540337,-0.1263915365266458,0.03288807922879611,0.19202984945264812,0.49246798099875455,-0.18389520049095154,0.1253347098827362,-0.002211932325735688,0.08546386659145355,-0.12206027656793594,-0.009718670509755611,0.08896911889314651,0.00617619464173913,0.19295088946819305,-0.1659068465232849,-0.23268567025661469,0.26874303817749023,-0.1221218854188919,-0.05310799553990364,0.037891533225774765
0.18580223812770302,0.04010103280850463,0.2141469754380828,-0.12581827112829835,0.03313156871831069,0.1915271936094144,0.48269016992493163,-0.30684933066368103,0.005481516942381859,-0.015136068686842918,0.023248497396707535,-0.1252301186323166,-0.06555112451314926,0.09833548963069916,-0.010582654736936092,0.071958027780056,-0.03483911603689194,-0.3156650960445404,0.217378631234169,-0.10552504658699036,-0.06037348881363869,0.05080361291766167
0.18581793746232889,0.04114346971714733,0.13936398266016636,-0.125551262597407,0.03321011033228427,0.18474135470604358,0.48401902678249276,-0.250053346157074,-0.07675180584192276,0.008282491937279701,-0.08896740525960922,-0.20641954243183136,-0.14639191329479218,0.10441087186336517,-0.014980916865170002,-0.01846904121339321,-0.05664505064487457,-0.30502253770828247,0.15028637647628784,-0.1083437129855156,-0.09569237381219864,0.05843617022037506
0.1860221486547161,0.04142192590651084,0.07658447069064456,-0.1249228697644943,0.0332493886294114,0.13634512034188162,0.4904845312505296,-0.11622121930122375,-0.11124064773321152,0.06023092940449715,-0.22569049894809723,-0.2691420018672943,-0.168030247092247,0.10945717990398407,0.01907084509730339,0.009369385428726673,-0.12737798690795898,-0.21599160134792328,0.16694879531860352,-0.11964355409145355,-0.20643553137779236,0.04350654408335686
0.1862107803547265,0.044663468085286206,0.02558595114579265,-0.11249001539980541,0.03327295261163177,0.04899313677360051,0.4914763317826286,0.009117056615650654,-0.10162703692913055,0.07661578804254532,-0.26831966638565063,-0.30515071749687195,-0.09418093413114548,0.09705009311437607,0.055312130600214005,0.12924176454544067,-0.15567618608474731,-0.12765337526798248,0.1332303136587143,-0.04447789117693901,-0.3063569962978363,0.028768334537744522
0.1862107803547265,0.05076816415988794,-0.01806908478549052,-0.08220510008935056,0.03325722331644343,-0.026585728926436736,0.4909408245611623,0.017312174662947655,-0.10672876983880997,0.14234454929828644,-0.2931652069091797,-0.2578479051589966,0.03279302269220352,0.06726980954408646,0.013741855509579182,0.2542862892150879,-0.14511612057685852,-0.0038928547874093056,0.03321744501590729,0.08806537836790085,-0.2948547303676605,0.04619267210364342
0.18624229886622723,0.055644776787313055,-0.04958974346020728,-0.052831225556201344,0.033288636965976615,-0.05821371140663023,0.49068283083055986,0.024539073929190636,-0.06585492938756943,0.20585787296295166,-0.28288859128952026,-0.15064121782779694,0.1573205590248108,0.04516807943582535,0.010997281409800053,0.3323940932750702,-0.14105288684368134,0.07879601418972015,0.03527350351214409,0.19355559349060059,-0.2245347797870636,0.061036624014377594
0.18636789354323613,0.0613924519072343,-0.07528533230043144,-0.027847651974879817,0.03333574995013577,-0.061316034938514785,0.4907225512729546,-0.08412408083677292,-0.10217954963445663,0.18704743683338165,-0.15043237805366516,-0.011864027008414268,0.23706257343292236,0.04813908040523529,0.05979461222887039,0.33772212266921997,-0.1415751725435257,0.10520265251398087,0.17971833050251007,0.15926283597946167,-0.03545786812901497,0.07876112312078476
0.186383592877862,0.0702603289287641,-0.09688377680043425,-0.015721114398771885,0.033343599617448705,-0.061488822182425684,0.4907622717153496,-0.2021530419588089,-0.20018061995506287,0.14237818121910095,-0.13934749364852905,0.015648897737264633,0.3163718581199646,0.08410008996725082,0.14016129076480865,0.09647855162620544,-0.07068415731191635,0.006210836581885815,0.27490293979644775,0.04585203900933266,0.08838679641485214,0.07416762411594391
0.18636789354323524,0.0901594398438017,-0.1183644263564716,-0.01433885389818812,0.03335929895207479,-0.061590924033549044,0.49076234737333546,-0.2391553819179535,-0.2777869403362274,0.13719536364078522,-0.23050469160079956,0.049449484795331955,0.20290912687778473,0.114314503967762,0.2562539875507355,-0.13451513648033142,0.06618008762598038,-0.10244525223970413,0.2847418189048767,0.1553625613451004,0.09320381283760071,0.07761233299970627
0.1863050962047309,0.11850516865650851,-0.13933456041510828,-0.014323154563562257,0.03338287791457606,-0.06161448520696644,0.4902863073284843,-0.1587870717048645,-0.2578620910644531,0.08770694583654404,-0.33321091532707214,-0.021084731444716454,0.015049873851239681,0.1068911924958229,0.25379136204719543,-0.13240373134613037,0.14180536568164825,-0.021611828356981277,0.2812311351299286,0.151565283536911,0.05749107524752617,0.07456054538488388
0.1862109001969755,0.14845027399345934,-0.15009452184497685,-0.020315686464112304,0.03341430654439059,-0.06166161036260409,0.48645839155142256,-0.06894218176603317,-0.23083153367042542,0.0740501657128334,-0.35792502760887146,-0.04218578711152077,-0.07836445420980453,0.10060358792543411,0.25567305088043213,-0.08311758935451508,0.17254875600337982,0.017702005803585052,0.2861361801624298,0.16498635709285736,0.03900333121418953,0.07308552414178848
0.1861164645047214,0.1670427911697533,-0.15068357146621025,-0.04702714559228771,0.03340645687707755,-0.064889595982762,0.48544699560107707,0.043539050966501236,-0.14149901270866394,0.08768968284130096,-0.339216947555542,-0.05376759171485901,-0.15728911757469177,0.08796648681163788,0.2590561807155609,0.011185944080352783,0.2237236052751541,0.03502428159117699,0.2875385582447052,0.2177223563194275,0.006539887748658657,0.06458541005849838
0.18608494599322067,0.18390029218537396,-0.15089298331286383,-0.0806657264002576,0.033430005879016456,-0.06982974908979678,0.48566511757331254,0.22120888531208038,-0.037632741034030914,0.018827347084879875,-0.24036826193332672,-0.0044636852107942104,-0.1865585297346115,0.07139807194471359,0.2518322467803955,0.05529475584626198,0.2052641659975052,-0.02664496749639511,0.12019272148609161,0.3263213336467743,0.04225216433405876,0.05393281206488609
0.1861164645047214,0.20042220766676977,-0.15090607857528648,-0.10923060583117183,0.033430005879016456,-0.07079578996927693,0.48641882242499956,0.26347658038139343,-0.05746004357933998,-0.13146309554576874,-0.17561884224414825,0.09020453691482544,-0.14960162341594696,0.0633549913764,0.22209379076957703,0.008190779015421867,0.2272079735994339,-0.07376939058303833,0.0045664370991289616,0.2518751919269562,0.14274641871452332,0.026092883199453354
0.1860850658354688,0.22326302362451333,-0.15102389848638742,-0.13187366028847647,0.033484983510769784,-0.07103926260597537,0.48927483572015207,0.24474173784255981,-0.08981405198574066,-0.13784551620483398,-0.19017212092876434,0.16395927965641022,-0.10519126802682877,0.0730314776301384,0.1503485143184662,-0.044830191880464554,0.2286718785762787,-0.12766125798225403,-0.006759345531463623,0.12012660503387451,0.22185103595256805,-0.003169389208778739
0.18592783280471104,0.24958814402599006,-0.15120716974246584,-0.14550038313823666,0.04138609310918451,-0.07105497130327709,0.489512780084593,0.23264369368553162,-0.11455262452363968,-0.14610283076763153,-0.1570843607187271,0.23992806673049927,-0.08454243093729019,0.08969563245773315,0.06830370426177979,-0.1192382350564003,0.20513786375522614,-0.13519588112831116,0.05253558233380318,0.04662826284766197,0.2096046656370163,0.01425017137080431
0.1857708394584504,0.2710580736020597,-0.15133807243242192,-0.1575326647854639,0.06109173914078114,-0.07108638869788042,0.4892946581123575,0.2585107982158661,-0.09388995915651321,-0.1445489078760147,-0.09858203679323196,0.23350834846496582,-0.09637670964002609,0.09804834425449371,0.03134386986494064,-0.16723990440368652,0.18920163810253143,-0.127457857131958,0.08546756953001022,-0.008775990456342697,0.1906576007604599,0.026115579530596733
0.18561384611219045,0.2893864067113773,-0.15140352377739974,-0.173994555642209,0.06980178392030756,-0.07107853528549712,0.4891161052665455,0.2616353929042816,-0.09084640443325043,-0.1334642767906189,-0.011076824739575386,0.23124057054519653,-0.07448264211416245,0.1055884137749672,-0.04132414236664772,-0.1983443647623062,0.15815789997577667,-0.1196526288986206,0.09475209563970566,-0.040559764951467514,0.1956033557653427,0.018552206456661224
0.18555104877368678,0.3018456699498574,-0.15149514068008763,-0.19967710914113534,0.06993531814631537,-0.07105497317581222,0.48915590136692433,0.2582712769508362,-0.10569112747907639,-0.12949910759925842,0.06087169423699379,0.23697486519813538,-0.06337371468544006,0.10538254678249359,-0.08833026140928268,-0.18250849843025208,0.11482463032007217,-0.11345932632684708,0.09641476720571518,-0.06130971759557724,0.1966860592365265,0.026864489540457726
0.185676643450695,0.30782183521234907,-0.15142970181867743,-0.23060611661912833,0.06995888212853574,-0.07102355390867354,0.48933430289676616,0.25018927454948425,-0.11520715057849884,-0.13600273430347443,0.11580827832221985,0.2308327853679657,-0.0646636039018631,0.09824541211128235,-0.10239563137292862,-0.14128214120864868,0.08873145282268524,-0.11112681776285172,0.0991019681096077,-0.054171498864889145,0.1987459361553192,0.025187276303768158
0.18551965010443505,0.3146262466001747,-0.15153440150022035,-0.26519504646209335,0.06996673179584867,-0.07096858002199058,0.4893937700733805,0.2572137117385864,-0.10734368115663528,-0.13583363592624664,0.13892197608947754,0.212743878364563,-0.06404516100883484,0.09743562340736389,-0.11545360088348389,-0.12134695798158646,0.07916350662708282,-0.10823042690753937,0.09359674900770187,-0.04779987037181854,0.20428775250911713,0.021950628608465195
0.18558244744293872,0.3168896172763628,-0.15153441398378775,-0.2920321002672772,0.06996673179584867,-0.07095286945215362,0.4894532372499937,0.2545306384563446,-0.11133290827274323,-0.13644801080226898,0.15215879678726196,0.20691193640232086,-0.057872988283634186,0.09767254441976547,-0.1211961954832077,-0.11793156713247299,0.07296746969223022,-0.10553672909736633,0.09721677750349045,-0.049545109272003174,0.20539546012878418,0.026511594653129578
0.1855981467775646,0.3170823998760902,-0.15149514068008763,-0.3093108358935711,0.06996673179584867,-0.07092145205755018,0.4896318657537916,0.24466389417648315,-0.12124527245759964,-0.13572075963020325,0.156330868601799,0.2111746221780777,-0.04671621322631836,0.09730424731969833,-0.127337247133255,-0.12496345490217209,0.07041916996240616,-0.11210303753614426,0.08574263006448746,-0.045711129903793335,0.207828551530838,0.03198295459151268
0.18561384611219045,0.3171680734657262,-0.15150822345894277,-0.318515739280002,0.06996673179584867,-0.07079578996927693,0.48967158619618634,0.23419539630413055,-0.1234569400548935,-0.13427592813968658,0.1537703424692154,0.20470207929611206,-0.029380377382040024,0.09690640866756439,-0.14256052672863007,-0.12792623043060303,0.07670460641384125,-0.11984159052371979,0.08402982354164124,-0.06395912170410156,0.20861077308654785,0.029888959601521492
0.18558244744293872,0.3171966381381569,-0.15149514068008763,-0.3219556911968351,0.06996673179584867,-0.06930353675448364,0.48973105337279954,0.1659715175628662,-0.14300070703029633,-0.11467061191797256,0.16789643466472626,0.20567676424980164,0.04023563489317894,0.09508097171783447,-0.17758823931217194,-0.1332661211490631,0.10689440369606018,-0.12875352799892426,0.06115858256816864,-0.06904688477516174,0.2269355207681656,0.018164098262786865
0.18561384611219045,0.3172609035442119,-0.15146897512237756,-0.3224034218392997,0.06996673179584867,-0.06497599007285126,0.48969140858839066,0.1402771919965744,-0.14213654398918152,-0.10933639854192734,0.1854429990053177,0.19520078599452972,0.07319812476634979,0.09138362109661102,-0.19673733413219452,-0.10609477013349533,0.11513815820217133,-0.12490180134773254,0.05539220944046974,-0.07555710524320602,0.23234593868255615,0.01821286790072918
0.18556674810831286,0.3178392309157384,-0.1514820579012326,-0.3224819185124297,0.06996673179584867,-0.05339136791175292,0.48961196770360116,0.13026051223278046,-0.15417464077472687,-0.11712687462568283,0.20788635313510895,0.18545854091644287,0.08186990767717361,0.0821627527475357,-0.19087007641792297,-0.04964175820350647,0.09361755847930908,-0.11634059995412827,0.040974389761686325,-0.0603625662624836,0.23384560644626617,0.027551770210266113
0.1854568527659307,0.32002407087270257,-0.15150823594251006,-0.32294528856839533,0.06996673179584867,-0.027653869550438248,0.48933430289676616,0.03324875980615616,-0.1764129400253296,-0.13515667617321014,0.1889582872390747,0.1709149032831192,0.18391184508800507,0.07562887668609619,-0.1530461609363556,0.03026174195110798,0.14432871341705322,-0.10969316214323044,0.025217926129698753,-0.10240940004587173,0.17477881908416748,0.014789477922022343
0.18548825143518333,0.32200898535952727,-0.1515474967626429,-0.32999818468857123,0.06995888212853574,-0.01554302990455525,0.4893144805045607,-0.01187178399413824,-0.15464387834072113,-0.1420273333787918,0.1554892212152481,0.19069986045360565,0.27596983313560486,0.06274918466806412,-0.1342599242925644,0.11305765807628632,0.17252270877361298,-0.08752542734146118,-0.005704124458134174,-0.09181487560272217,0.10510045289993286,0.009131542406976223
0.18551965010443505,0.3232513409290908,-0.15170457749387622,-0.3457140575449579,0.06995888212853574,-0.014608405951544667,0.489413592465585,-0.02138884924352169,-0.15185214579105377,-0.14136461913585663,0.11415351927280426,0.1544647067785263,0.2747761905193329,0.05418313667178154,-0.11082291603088379,0.1834069788455963,0.19425886869430542,-0.09526059776544571,-0.06093735620379448,-0.028370706364512444,0.06125681474804878,-0.007860823534429073
0.1854254540966781,0.33076259688211584,-0.1643233171737013,-0.3644064523410874,0.06993533312659661,-0.014309954746825393,0.4893144805045616,-0.02088618092238903,-0.1421576589345932,-0.11215316504240036,0.0809926986694336,0.1174042671918869,0.2675817906856537,0.05072006955742836,-0.08275584131479263,0.21364936232566833,0.21492935717105865,-0.12459414452314377,-0.11359131336212158,0.04165847599506378,0.046978216618299484,-0.004688429180532694
0.185284160085044,0.3399374811470023,-0.17965165265392413,-0.38743438018122833,0.06993533312659661,-0.0142706846420394,0.48911625658251545,-0.027350230142474174,-0.15320244431495667,-0.07136733084917068,0.05390756577253342,0.10577526688575745,0.2622310519218445,0.044747915118932724,-0.04626953974366188,0.20993593335151672,0.21899589896202087,-0.11511080712080002,-0.1437717080116272,0.12963271141052246,0.0462593138217926,0.0006376596866175532
0.18517390521591504,0.3440358409327612,-0.18315977234004754,-0.4179392060186967,0.06991960383140827,-0.014207852895702144,0.48901684198955164,-0.012560727074742317,-0.14600582420825958,-0.04128943383693695,0.04530990123748779,0.08952583372592926,0.24146854877471924,0.042382027953863144,-0.015524794347584248,0.20893721282482147,0.22261661291122437,-0.1080959290266037,-0.15277571976184845,0.17661628127098083,0.04394475743174553,0.015886209905147552
0.1851423867044143,0.3444642361178155,-0.18346085102365917,-0.4462057381705914,0.06989602486890678,-0.014129312920196924,0.4889375524207328,-0.008478805422782898,-0.1494217813014984,-0.008359008468687534,0.02730417810380459,0.09001913666725159,0.22473320364952087,0.036903366446495056,-0.0013764059403911233,0.19813773036003113,0.22459706664085388,-0.095570407807827,-0.1624579280614853,0.2140643447637558,0.050419799983501434,0.017915921285748482
0.1850638900312832,0.34457133150946995,-0.18355246792634727,-0.4714562603616797,0.06988817520159385,-0.014097897164061624,0.4888384404597098,0.010053209960460663,-0.14665617048740387,0.06709695607423782,0.006865156348794699,0.09567832946777344,0.21600084006786346,0.03915821388363838,0.03191489353775978,0.17121157050132751,0.23743225634098053,-0.0645693838596344,-0.16947081685066223,0.27227458357810974,0.022952081635594368,0.03502192348241806
0.1850638900312841,0.34456418863905725,-0.18361790678775758,-0.48968540494409285,0.06988817520159385,-0.014058627293342396,0.48879879567530093,0.060946688055992126,-0.1624528467655182,0.20847897231578827,-0.003239785088226199,0.13066869974136353,0.17964516580104828,0.043817609548568726,0.029464807361364365,0.11027097702026367,0.2012426108121872,-0.017093228176236153,-0.1482209861278534,0.23447149991989136,0.04248698800802231,0.05049951374530792
0.18501679202740628,0.3445570525778635,-0.18361790678775758,-0.5047728849675672,0.06987247586696799,-0.014035065183657491,0.48879879567530093,0.1791451871395111,-0.25454556941986084,0.23863856494426727,0.05734989792108536,0.19619262218475342,0.017889492213726044,0.05695517361164093,0.08748781681060791,-0.0032423576340079308,0.13435743749141693,0.018946973606944084,-0.08187808096408844,0.1500645875930786,0.08892010152339935,0.058571454137563705
0.18507958936590996,0.34454991651667,-0.18361790678775758,-0.5178183129882927,0.06985677653234201,-0.013995795312938264,0.48879879567530093,0.1735203117132187,-0.24831880629062653,0.24477079510688782,0.07369519770145416,0.17830973863601685,0.05007459223270416,0.05449651554226875,0.07935604453086853,0.007934198714792728,0.11964675784111023,0.029026908800005913,-0.08113321661949158,0.143456369638443,0.0851348340511322,0.058276399970054626
0.18507970920815897,0.34453563077584526,-0.18364409731260278,-0.5403906605186564,0.06570987518834137,-0.013980087317837175,0.4887195061064823,0.1774374544620514,-0.23912198841571808,0.20260410010814667,0.14938251674175262,0.0702434703707695,0.0357053205370903,0.05909508839249611,0.0862792506814003,0.0722394809126854,0.0733807161450386,-0.004984413273632526,-0.057600341737270355,0.1706579327583313,0.1240936666727066,0.05555696785449982
0.18490689668502414,0.34442139932299776,-0.18361793175489272,-0.5758278338004221,0.05847636181856075,-0.014090043283544684,0.48860057175325566,0.1576126515865326,-0.22709330916404724,0.19475452601909637,0.21592725813388824,-0.036393363028764725,-0.002832607598975301,0.06183851510286331,0.04766944795846939,0.14276321232318878,0.033996906131505966,0.05345373973250389,0.0727892518043518,0.18281017243862152,0.14434021711349487,0.06267303228378296
0.1873573111514214,0.3443285760537308,-0.18357864596762496,-0.6070553083996835,0.056654220342825856,-0.01416072891039899,0.48852113086846594,0.11239928752183914,-0.19660116732120514,0.18735602498054504,0.22420914471149445,-0.007686989847570658,-0.14331582188606262,0.057831600308418274,0.006740232463926077,0.214425191283226,0.02878652885556221,0.13865619897842407,0.19960196316242218,0.15697452425956726,0.1409650295972824,0.10602642595767975
0.20835906608681298,0.34415007919482765,-0.1836179192713251,-0.6282845838449038,0.05655997939422619,-0.014145020915297901,0.48852113086846594,-0.024563461542129517,-0.2928588390350342,0.18897923827171326,0.14003914594650269,0.053358301520347595,-0.24558234214782715,0.06748920679092407,-0.0259088184684515,0.04946175590157509,0.09347517788410187,0.1260952204465866,0.139431431889534,0.22793470323085785,0.05573103204369545,0.13520793616771698
0.2539120636900668,0.33948765735071096,-0.1835917412300475,-0.6417935017638443,0.05641861048118646,-0.016084954214106495,0.4885013084762616,-0.0982540026307106,-0.32251453399658203,0.13505271077156067,0.1088879331946373,0.11584746092557907,-0.14231213927268982,0.09297490119934082,-0.03339320421218872,-0.1519150286912918,0.1561930775642395,0.048189930617809296,0.08780819922685623,0.21294571459293365,0.022313885390758514,0.12120911478996277
0.29981068633959096,0.3274210885636607,-0.18363101453374775,-0.6471262421622299,0.05604948137382049,-0.022305308102642418,0.4882831108460409,-0.0799962505698204,-0.19322599470615387,0.07486914098262787,0.1674453169107437,0.17976230382919312,0.037581123411655426,0.10829004645347595,0.030025137588381767,-0.2009247988462448,0.1686929613351822,-0.023904142901301384,0.13701188564300537,0.1519155353307724,0.05365671217441559,0.07897238433361053
0.33287588190696316,0.30727920176522805,-0.1836702878374481,-0.6478017329990204,0.05593166146271955,-0.02474004195976609,0.4879856236470007,-0.028717588633298874,-0.04440624266862869,0.030379626899957657,0.19979476928710938,0.2246176153421402,0.13642457127571106,0.11176971346139908,0.049979276955127716,-0.1874314844608307,0.10375040769577026,-0.012323026545345783,0.20943456888198853,0.12236538529396057,0.0830228179693222,0.060924068093299866
0.34289768998406733,0.28045427790222976,-0.1837881077485488,-0.6479509365990921,0.05587668383096622,-0.024653648337810696,0.4876484916635516,0.045547667890787125,0.09077280014753342,-0.01439071074128151,0.22245554625988007,0.2396072894334793,0.11869247257709503,0.09856750816106796,0.039636626839637756,-0.09739090502262115,0.055182263255119324,0.025730598717927933,0.23142217099666595,0.1249641701579094,0.12815514206886292,0.051676176488399506
0.3445469590155429,0.2508947513831713,-0.1838142857898264,-0.647974485601031,0.056395046498966206,-0.024488714506283205,0.4876881364479614,0.08782006800174713,0.15393812954425812,0.003671112470328808,0.21077454090118408,0.24121563136577606,0.08805262297391891,0.0826282799243927,0.010844367556273937,0.00537682743743062,0.036541275680065155,0.07795722782611847,0.24140726029872894,0.12640723586082458,0.13683590292930603,0.05766170471906662
0.34531670578121443,0.22835382703524687,-0.183905915176082,-0.6479666359337181,0.05740822283302738,-0.02380541800675562,0.48762866927134707,0.13820801675319672,0.1633686125278473,0.05765514820814133,0.1822982132434845,0.18434973061084747,0.007497453596442938,0.06370460987091064,0.015639392659068108,0.1439388543367386,0.007177615072578192,0.16623860597610474,0.2680027484893799,0.08152977377176285,0.12594062089920044,0.06175526976585388
0.34566221098523553,0.2095328333348202,-0.18397135403749232,-0.6480215836049091,0.05738467383108836,-0.023624776414193804,0.4875295573103239,0.20248953998088837,0.17936789989471436,0.05037485435605049,0.11354926973581314,0.08113369345664978,-0.07389518618583679,0.06370272487401962,0.04639742523431778,0.18395917117595673,0.002045291941612959,0.18285268545150757,0.2586706876754761,0.012890517711639404,0.08501870930194855,0.04682588577270508
0.3459136400237496,0.19201131093038104,-0.18395825877506966,-0.6480529822741614,0.05737682416377521,-0.02364048464336188,0.487489912525915,0.22537530958652496,0.19846028089523315,0.031176762655377388,-0.011543096043169498,0.03787234425544739,-0.15864074230194092,0.06248448044061661,0.0781840980052948,0.134690523147583,0.020769279450178146,0.19402873516082764,0.22334402799606323,-0.056715428829193115,0.08992272615432739,0.0506611093878746
0.3461335505507629,0.17858814831170056,-0.18398444929991498,-0.6480686816087873,0.05736110984886811,-0.02366404722118065,0.4874700144757248,0.20925995707511902,0.19554971158504486,0.024826521053910255,-0.14376325905323029,0.04150060936808586,-0.231285959482193,0.05766685679554939,0.06995517015457153,0.030198898166418076,0.030663320794701576,0.1894121766090393,0.14257971942424774,-0.141673743724823,0.12122730165719986,0.05761775001883507
0.34622774655851896,0.16150215715350946,-0.1839975320787698,-0.6481236892011029,0.057337545866647965,-0.023711170504283063,0.4873905735909362,0.08224954456090927,0.10231506824493408,0.04379071667790413,-0.17247940599918365,0.07412849366664886,-0.2432716339826584,0.06402983516454697,0.07854495197534561,-0.07300607115030289,0.010765600018203259,0.1531231701374054,0.10010167956352234,-0.16300702095031738,0.18329234421253204,0.07765943557024002
0.34663604910104395,0.14193860453582186,-0.18394517599621485,-0.6481472382030417,0.057329681219053796,-0.02294933379518338,0.4873905735909362,-0.05189961940050125,-0.043331243097782135,0.08282850682735443,-0.1143328920006752,0.16024374961853027,-0.26401999592781067,0.06319014728069305,0.03917858377099037,-0.08167161792516708,0.00962782185524702,0.0921858623623848,0.11184569448232651,-0.15021824836730957,0.18303824961185455,0.09964735805988312
0.34685619931255574,0.12333896491677188,-0.18389280743009173,-0.6481551477914795,0.057306117236833765,-0.019752763697093667,0.48743036969131703,-0.10756342858076096,-0.08789394050836563,0.10101263225078583,-0.04476802796125412,0.24648892879486084,-0.2544096112251282,0.059992022812366486,0.02605452761054039,-0.011373369954526424,0.004526260308921337,0.041974931955337524,0.13395051658153534,-0.09967627376317978,0.1354416161775589,0.11252327263355255
0.3470131926588166,0.10195469531190071,-0.18380120301097147,-0.6481629974587924,0.05728256823489475,-0.01925796220251108,0.487489912525915,-0.06600263714790344,-0.05069555714726448,0.09731385856866837,0.04691145569086075,0.30258721113204956,-0.21020880341529846,0.05737503618001938,0.051463592797517776,0.09220460802316666,-0.049879465252161026,0.055056389421224594,0.19276446104049683,-0.08858226984739304,0.07341394573450089,0.1050797626376152
0.34728008134745847,0.08143439299364374,-0.1837619172237036,-0.6479273875971533,0.05729826756952061,-0.01927367089981291,0.4875890244869384,0.02704441174864769,-0.01837662234902382,0.07109854370355606,0.1315062791109085,0.2937803864479065,-0.1775199919939041,0.05178966745734215,0.05671435594558716,0.17506463825702667,-0.10830794274806976,0.08450694382190704,0.20222420990467072,-0.10186663269996643,-0.016335755586624146,0.08900260925292969
0.34751581105134666,0.06012868815408956,-0.1836702878374481,-0.6420918490428635,0.05737680918349419,-0.019265816551161996,0.4876881364479605,0.053952913731336594,-0.08475454151630402,0.06563712656497955,0.19357286393642426,0.2931939363479614,-0.13693676888942719,0.043317265808582306,0.02991730347275734,0.23365308344364166,-0.13434818387031555,0.06685557216405869,0.10605745762586594,-0.09085291624069214,-0.06623224169015884,0.07659737765789032
0.3475787282321,0.03975117515189264,-0.18374883444484857,-0.6298239575339971,0.06442182567579491,-0.019163715636306144,0.48762866927134707,0.030180251225829124,-0.23197361826896667,0.023013699799776077,0.19689373672008514,0.25866588950157166,-0.1429375410079956,0.05004868656396866,-0.037596695125103,0.15807083249092102,-0.0918879508972168,-0.036449410021305084,-0.048347316682338715,-0.04474622383713722,-0.12480909377336502,0.07458075881004333
0.3476258262359776,0.016853229849287943,-0.1837619172237036,-0.6127887413577797,0.07572368379532168,-0.018998780868511145,0.4874898368679291,-0.050874412059783936,-0.3015015423297882,0.0020955672953277826,0.09592434018850327,0.1699940711259842,-0.17671380937099457,0.06322820484638214,0.022541290149092674,-0.010886762291193008,-0.015293384902179241,-0.13424205780029297,-0.14612972736358643,0.03901638463139534,-0.17073367536067963,0.07464262843132019
0.34765722490522954,-0.004937985901744657,-0.18373575166599365,-0.5938527072693238,0.07724737313006969,-0.018959510997791917,0.4874104716411264,-0.10861331969499588,-0.2982201874256134,0.023654786869883537,0.015093455091118813,0.06578590720891953,0.05960623174905777,0.07591710984706879,0.24461917579174042,-0.12641753256320953,0.019599055871367455,-0.06555210798978806,-0.12594479322433472,0.05317862704396248,-0.21457043290138245,0.04091322422027588
0.34764164541285336,-0.02627939828414172,-0.18376192970727112,-0.5728276430164906,0.07745941900948894,-0.018920241595206444,0.4872319187953137,-0.16492614150047302,-0.2724088132381439,0.03110049106180668,0.016060952097177505,0.02709028869867325,0.17942091822624207,0.0774005874991417,0.23662801086902618,-0.15102605521678925,0.0006753409397788346,0.001204417902044952,-0.09854399412870407,-0.020344268530607224,-0.18286412954330444,0.035233642905950546
0.34773584142060876,-0.0509409039921942,-0.18367028783744788,-0.5529570191487908,0.07766364518215729,-0.018975219226959772,0.4873906492489223,-0.17986619472503662,-0.25254061818122864,0.037476345896720886,0.01349781733006239,0.01181277260184288,0.22136753797531128,0.07921001315116882,0.2202223241329193,-0.15710969269275665,0.0020853441674262285,0.029912246391177177,-0.10983400046825409,-0.034012362360954285,-0.15275616943836212,0.030778303742408752
0.34795563210537306,-0.0773302761812884,-0.1835262898850697,-0.5232061808212427,0.08128431921056367,-0.019030197326846965,0.48762866927134707,-0.17399920523166656,-0.227586567401886,0.03279917687177658,-0.024437449872493744,-0.018282994627952576,0.2462935447692871,0.07792416960000992,0.1898522824048996,-0.16960690915584564,0.015577937476336956,0.036548301577568054,-0.13052602112293243,-0.016283484175801277,-0.14349567890167236,0.025019677355885506
0.34803412877850326,-0.10009254099215226,-0.1835001118437919,-0.4805354492288531,0.11431816104952797,-0.019116591416936113,0.4880451664816,-0.17067745327949524,-0.18389979004859924,0.027583934366703033,-0.08005498349666595,-0.06501772999763489,0.26245221495628357,0.07755516469478607,0.13356585800647736,-0.18352286517620087,0.052064113318920135,0.02931017056107521,-0.1699477881193161,-0.021474478766322136,-0.10299304127693176,0.02131311036646366
0.3481911221247632,-0.11459384806231832,-0.18343466049881407,-0.4240653620269412,0.1737885289170581,-0.019202985038891507,0.48635927959040026,-0.14402300119400024,-0.15004220604896545,0.03492463752627373,-0.1266179233789444,-0.07300576567649841,0.2794058620929718,0.07540388405323029,0.09157972782850266,-0.18021342158317566,0.05330749601125717,0.02972676046192646,-0.1851225644350052,-0.04146985709667206,-0.05325132608413696,0.0206547100096941
0.34808122678238107,-0.12285480580301633,-0.1834608510236594,-0.3757790623283994,0.2001936113355286,-0.019336502880217044,0.4395328878803423,-0.1618143767118454,-0.13661131262779236,0.03556954488158226,-0.14235341548919678,-0.05142796039581299,0.27363359928131104,0.07294692099094391,0.025277424603700638,-0.1831003576517105,0.05408943071961403,0.0139701459556818,-0.20180223882198334,-0.07036498934030533,-0.018118426203727722,0.02775096707046032
0.34817542279013736,-0.13128713795986058,-0.18344775576123662,-0.33804852784761996,0.2019450458843216,-0.019430750382689488,0.33895830668155724,-0.1682508885860443,-0.1308613270521164,0.04187215119600296,-0.14328859746456146,-0.04396962374448776,0.268209308385849,0.07366866618394852,0.006163058336824179,-0.1891169399023056,0.055705100297927856,0.0006520567694678903,-0.20766545832157135,-0.07956171780824661,-0.004277996718883514,0.02844192087650299
0.34822264063626485,-0.1419043032644507,-0.18344775576123662,-0.308973120435738,0.2022592123402157,-0.01943860426320665,0.29173516449546677,-0.1692173033952713,-0.12978264689445496,0.04157082736492157,-0.14112494885921478,-0.046602144837379456,0.26680245995521545,0.07232076674699783,0.009370499290525913,-0.18553897738456726,0.05488966405391693,-0.00010107990965479985,-0.2052113562822342,-0.0814860537648201,-0.0024513867683708668,0.03069302625954151
0.34826973864014243,-0.15307123126813682,-0.1834346729823817,-0.283911110102411,0.2026126271326748,-0.019391480043836506,0.29028722196870727,-0.16972830891609192,-0.13035066425800323,0.04020948335528374,-0.14105723798274994,-0.04528716951608658,0.2674906551837921,0.07217616587877274,0.00812632404267788,-0.1888866126537323,0.05773374065756798,-0.0009298374061472714,-0.20707020163536072,-0.08613970130681992,-0.002035299548879266,0.029258571565151215
0.34826961879789364,-0.16120367181516226,-0.1834084824575365,-0.26451961554642733,0.20964194429034932,-0.01939148051197037,0.29020793239988973,-0.16882309317588806,-0.13159970939159393,0.04076165705919266,-0.14482086896896362,-0.04874488338828087,0.2672678828239441,0.07364558428525925,0.008494837209582329,-0.18870548903942108,0.057215724140405655,0.003632425330579281,-0.20745675265789032,-0.08150558173656464,-0.0017274038400501013,0.027351297438144684
0.3482382201286417,-0.16637302637277562,-0.183408494941104,-0.25019391277906233,0.23588209381355962,-0.019446458611857342,0.2902475771842986,-0.1521294265985489,-0.11238692700862885,0.0400056466460228,-0.1525276154279709,-0.07284542918205261,0.2786616384983063,0.07302238792181015,0.013123502023518085,-0.17094050347805023,0.06728547066450119,0.0021749469451606274,-0.20679178833961487,-0.06966634839773178,0.0016567372949793935,0.022510375827550888
0.3482382201286417,-0.1684221926472178,-0.18339539967868157,-0.2449630982134966,0.24825212087918203,-0.01946216684102542,0.29022775479209406,-0.12884695827960968,-0.09801463782787323,0.027520909905433655,-0.1849987953901291,-0.09126575291156769,0.2806088328361511,0.0732620507478714,0.020726153627038002,-0.14703269302845,0.058556485921144485,-0.002975717419758439,-0.215357705950737,-0.05924355238676071,-0.005057251080870628,0.014735966920852661
0.3482068214593891,-0.1684507368919923,-0.18342157771995904,-0.24466475093447793,0.24846415177831982,-0.01946216684102542,0.29022775479209406,-0.11260297149419785,-0.06265883892774582,0.007479839026927948,-0.19892677664756775,-0.12977953255176544,0.28793975710868835,0.07004794478416443,0.03604812175035477,-0.09118726849555969,0.05419345945119858,-0.014985914342105389,-0.22109267115592957,-0.05616609752178192,0.002746579935774207,0.0030620205216109753
0.34804982811313,-0.16845075051042968,-0.1834608635072269,-0.24460195359597348,0.24852694911682394,-0.01946216684102542,0.29012864283107087,-0.09476277232170105,-0.04015836864709854,-0.002633102471008897,-0.21104192733764648,-0.15640796720981598,0.2994276285171509,0.06411202251911163,0.057759638875722885,-0.03895151615142822,0.032150473445653915,-0.014292554929852486,-0.21290452778339386,-0.058876145631074905,0.0024309323634952307,0.006236643996089697
0.3478928347668694,-0.16869351277538747,-0.18347394628608182,-0.24459410392866054,0.24835419651481316,-0.019548560462980813,0.28979166216359264,-0.07071634382009506,-0.018707849085330963,-0.014287618920207024,-0.21452820301055908,-0.17795120179653168,0.30750593543052673,0.06115870922803879,0.06359043717384338,-0.009530366398394108,0.015122796408832073,-0.009775923565030098,-0.2136242687702179,-0.05268331244587898,0.0001200787301058881,-0.0016155780758708715
0.3477515407552346,-0.17044280105844778,-0.18351319462264692,-0.24455473574984687,0.24478062049028482,-0.01971349382637455,0.28913691795695795,-0.07071634382009506,-0.018707849085330963,-0.014287618920207024,-0.21452820301055908,-0.17795120179653168,0.30750593543052673,0.06115870922803879,0.06359043717384338,-0.009530366398394108,0.015122796408832073,-0.009775923565030098,-0.2136242687702179,-0.05268331244587898,0.0001200787301058881,-0.0016155780758708715
0.3477044427513568,-0.1750338078168785,-0.1836441097961704,-0.24443687089790245,0.2435082553320832,-0.019682077836172485,0.2888594044660938,-0.07071634382009506,-0.018707849085330963,-0.014287618920207024,-0.21452820301055908,-0.17795120179653168,0.30750593543052673,0.06115870922803879,0.06359043717384338,-0.009530366398394108,0.015122796408832073,-0.009775923565030098,-0.2136242687702179,-0.05268331244587898,0.0001200787301058881,-0.0016155780758708715
0.3477044427513568,-0.1804102034781695,-0.1838142857898265,-0.24427987755164215,0.2435082553320832,-0.019634954084936207,0.2886413581518442,-0.07071634382009506,-0.018707849085330963,-0.014287618920207024,-0.21452820301055908,-0.17795120179653168,0.30750593543052673,0.06115870922803879,0.06359043717384338,-0.009530366398394108,0.015122796408832073,-0.009775923565030098,-0.2136242687702179,-0.05268331244587898,0.0001200787301058881,-0.0016155780758708715
0.34759454740897555,-0.1862721509062507,-0.1840499006448929,-0.24417783187657338,0.2435082553320832,-0.019587830801833794,0.28844313422979895,-0.07071634382009506,-0.018707849085330963,-0.014287618920207024,-0.21452820301055908,-0.17795120179653168,0.30750593543052673,0.06115870922803879,0.06359043717384338,-0.009530366398394108,0.015122796408832073,-0.009775923565030098,-0.2136242687702179,-0.05268331244587898,0.0001200787301058881,-0.0016155780758708715
0.3475630288974739,-0.1916271383839605,-0.18416772055599362,-0.24408345610544369,0.2434847063301443,-0.019556414343497863,0.2883241998765712,-0.07071634382009506,-0.018707849085330963,-0.014287618920207024,-0.21452820301055908,-0.17795120179653168,0.30750593543052673,0.06115870922803879,0.06359043717384338,-0.009530366398394108,0.015122796408832073,-0.009775923565030098,-0.2136242687702179,-0.05268331244587898,0.0001200787301058881,-0.0016155780758708715
0.3475630288974739,-0.1916271383839605,-0.18416772055599362,-0.24408345610544369,0.2434847063301443,-0.019556414343497863,0.2883241998765712,-0.07071634382009506,-0.018707849085330963,-0.014287618920207024,-0.21452820301055908,-0.17795120179653168,0.30750593543052673,0.06115870922803879,0.06359043717384338,-0.009530366398394108,0.015122796408832073,-0.009775923565030098,-0.2136242687702179,-0.05268331244587898,0.0001200787301058881,-0.0016155780758708715
0.3475630288974739,-0.1916271383839605,-0.18416772055599362,-0.24408345610544369,0.2434847063301443,-0.019556414343497863,0.2883241998765712,-0.07071634382009506,-0.018707849085330963,-0.014287618920207024,-0.21452820301055908,-0.17795120179653168,0.30750593543052673,0.06115870922803879,0.06359043717384338,-0.009530366398394108,0.015122796408832073,-0.009775923565030098,-0.2136242687702179,-0.05268331244587898,0.0001200787301058881,-0.0016155780758708715
0.3475630288974739,-0.1916271383839605,-0.18416772055599362,-0.24408345610544369,0.2434847063301443,-0.019556414343497863,0.2883241998765712,-0.07071634382009506,-0.018707849085330963,-0.014287618920207024,-0.21452820301055908,-0.17795120179653168,0.30750593543052673,0.06115870922803879,0.06359043717384338,-0.009530366398394108,0.015122796408832073,-0.009775923565030098,-0.2136242687702179,-0.05268331244587898,0.0001200787301058881,-0.0016155780758708715
0.3475630288974739,-0.1916271383839605,-0.18416772055599362,-0.24408345610544369,0.2434847063301443,-0.019556414343497863,0.2883241998765712,-0.07071634382009506,-0.018707849085330963,-0.014287618920207024,-0.21452820301055908,-0.17795120179653168,0.30750593543052673,0.06115870922803879,0.06359043717384338,-0.009530366398394108,0.015122796408832073,-0.009775923565030098,-0.2136242687702179,-0.05268331244587898,0.0001200787301058881,-0.0016155780758708715
0.3475630288974739,-0.1916271383839605,-0.18416772055599362,-0.24408345610544369,0.2434847063301443,-0.019556414343497863,0.2883241998765712,-0.07071634382009506,-0.018707849085330963,-0.014287618920207024,-0.21452820301055908,-0.17795120179653168,0.30750593543052673,0.06115870922803879,0.06359043717384338,-0.009530366398394108,0.015122796408832073,-0.009775923565030098,-0.2136242687702179,-0.05268331244587898,0.0001200787301058881,-0.0016155780758708715
0.3475630288974739,-0.1916271383839605,-0.18416772055599362,-0.24408345610544369,0.2434847063301443,-0.019556414343497863,0.2883241998765712,-0.07071634382009506,-0.018707849085330963,-0.014287618920207024,-0.21452820301055908,-0.17795120179653168,0.30750593543052673,0.06115870922803879,0.06359043717384338,-0.009530366398394108,0.015122796408832073,-0.009775923565030098,-0.2136242687702179,-0.05268331244587898,0.0001200787301058881,-0.0016155780758708715
0.3475630288974739,-0.1916271383839605,-0.18416772055599362,-0.24408345610544369,0.2434847063301443,-0.019556414343497863,0.2883241998765712,-0.07071634382009506,-0.018707849085330963,-0.014287618920207024,-0.21452820301055908,-0.17795120179653168,0.30750593543052673,0.06115870922803879,0.06359043717384338,-0.009530366398394108,0.015122796408832073,-0.009775923565030098,-0.2136242687702179,-0.05268331244587898,0.0001200787301058881,-0.0016155780758708715
0.3475630288974739,-0.1916271383839605,-0.18416772055599362,-0.24408345610544369,0.2434847063301443,-0.019556414343497863,0.2883241998765712,-0.07071634382009506,-0.018707849085330963,-0.014287618920207024,-0.21452820301055908,-0.17795120179653168,0.30750593543052673,0.06115870922803879,0.06359043717384338,-0.009530366398394108,0.015122796408832073,-0.009775923565030098,-0.2136242687702179,-0.05268331244587898,0.0001200787301058881,-0.0016155780758708715
0.3475630288974739,-0.1916271383839605,-0.18416772055599362,-0.24408345610544369,0.2434847063301443,-0.019556414343497863,0.2883241998765712,-0.07071634382009506,-0.018707849085330963,-0.014287618920207024,-0.21452820301055908,-0.17795120179653168,0.30750593543052673,0.06115870922803879,0.06359043717384338,-0.009530366398394108,0.015122796408832073,-0.009775923565030098,-0.2136242687702179,-0.05268331244587898,0.0001200787301058881,-0.0016155780758708715
0.3475630288974739,-0.1916271383839605,-0.18416772055599362,-0.24408345610544369,0.2434847063301443,-0.019556414343497863,0.2883241998765712,-0.07071634382009506,-0.018707849085330963,-0.014287618920207024,-0.21452820301055908,-0.17795120179653168,0.30750593543052673,0.06115870922803879,0.06359043717384338,-0.009530366398394108,0.015122796408832073,-0.009775923565030098,-0.2136242687702179,-0.05268331244587898,0.0001200787301058881,-0.0016155780758708715
0.3475630288974739,-0.1916271383839605,-0.18416772055599362,-0.24408345610544369,0.2434847063301443,-0.019556414343497863,0.2883241998765712,-0.07071634382009506,-0.018707849085330963,-0.014287618920207024,-0.21452820301055908,-0.17795120179653168,0.30750593543052673,0.06115870922803879,0.06359043717384338,-0.009530366398394108,0.015122796408832073,-0.009775923565030098,-0.2136242687702179,-0.05268331244587898,0.0001200787301058881,-0.0016155780758708715
0.3475630288974739,-0.1916271383839605,-0.18416772055599362,-0.24408345610544369,0.2434847063301443,-0.019556414343497863,0.2883241998765712,-0.07071634382009506,-0.018707849085330963,-0.014287618920207024,-0.21452820301055908,-0.17795120179653168,0.30750593543052673,0.06115870922803879,0.06359043717384338,-0.009530366398394108,0.015122796408832073,-0.009775923565030098,-0.2136242687702179,-0.05268331244587898,0.0001200787301058881,-0.0016155780758708715
0.3475630288974739,-0.1916271383839605,-0.18416772055599362,-0.24408345610544369,0.2434847063301443,-0.019556414343497863,0.2883241998765712,-0.07071634382009506,-0.018707849085330963,-0.014287618920207024,-0.21452820301055908,-0.17795120179653168,0.30750593543052673,0.06115870922803879,0.06359043717384338,-0.009530366398394108,0.015122796408832073,-0.009775923565030098,-0.2136242687702179,-0.05268331244587898,0.0001200787301058881,-0.0016155780758708715
0.3475630288974739,-0.1916271383839605,-0.18416772055599362,-0.24408345610544369,0.2434847063301443,-0.019556414343497863,0.2883241998765712,-0.07071634382009506,-0.018707849085330963,-0.014287618920207024,-0.21452820301055908,-0.17795120179653168,0.30750593543052673,0.06115870922803879,0.06359043717384338,-0.009530366398394108,0.015122796408832073,-0.009775923565030098,-0.2136242687702179,-0.05268331244587898,0.0001200787301058881,-0.0016155780758708715
0.3475630288974739,-0.1916271383839605,-0.18416772055599362,-0.24408345610544369,0.2434847063301443,-0.019556414343497863,0.2883241998765712,-0.07071634382009506,-0.018707849085330963,-0.014287618920207024,-0.21452820301055908,-0.17795120179653168,0.30750593543052673,0.06115870922803879,0.06359043717384338,-0.009530366398394108,0.015122796408832073,-0.009775923565030098,-0.2136242687702179,-0.05268331244587898,0.0001200787301058881,-0.0016155780758708715
0.3475630288974739,-0.1916271383839605,-0.18416772055599362,-0.24408345610544369,0.2434847063301443,-0.019556414343497863,0.2883241998765712,-0.07071634382009506,-0.018707849085330963,-0.014287618920207024,-0.21452820301055908,-0.17795120179653168,0.30750593543052673,0.06115870922803879,0.06359043717384338,-0.009530366398394108,0.015122796408832073,-0.009775923565030098,-0.2136242687702179,-0.05268331244587898,0.0001200787301058881,-0.0016155780758708715
0.3475630288974739,-0.1916271383839605,-0.18416772055599362,-0.24408345610544369,0.2434847063301443,-0.019556414343497863,0.2883241998765712,-0.07071634382009506,-0.018707849085330963,-0.014287618920207024,-0.21452820301055908,-0.17795120179653168,0.30750593543052673,0.06115870922803879,0.06359043717384338,-0.009530366398394108,0.015122796408832073,-0.009775923565030098,-0.2136242687702179,-0.05268331244587898,0.0001200787301058881,-0.0016155780758708715
0.3475630288974739,-0.1916271383839605,-0.18416772055599362,-0.24408345610544369,0.2434847063301443,-0.019556414343497863,0.2883241998765712,-0.07071634382009506,-0.018707849085330963,-0.014287618920207024,-0.21452820301055908,-0.17795120179653168,0.30750593543052673,0.06115870922803879,0.06359043717384338,-0.009530366398394108,0.015122796408832073,-0.009775923565030098,-0.2136242687702179,-0.05268331244587898,0.0001200787301058881,-0.0016155780758708715
0.3475630288974739,-0.1916271383839605,-0.18416772055599362,-0.24408345610544369,0.2434847063301443,-0.019556414343497863,0.2883241998765712,-0.07071634382009506,-0.018707849085330963,-0.014287618920207024,-0.21452820301055908,-0.17795120179653168,0.30750593543052673,0.06115870922803879,0.06359043717384338,-0.009530366398394108,0.015122796408832073,-0.009775923565030098,-0.2136242687702179,-0.05268331244587898,0.0001200787301058881,-0.0016155780758708715
0.3475630288974739,-0.1916271383839605,-0.18416772055599362,-0.24408345610544369,0.2434847063301443,-0.019556414343497863,0.2883241998765712,-0.07071634382009506,-0.018707849085330963,-0.014287618920207024,-0.21452820301055908,-0.17795120179653168,0.30750593543052673,0.06115870922803879,0.06359043717384338,-0.009530366398394108,0.015122796408832073,-0.009775923565030098,-0.2136242687702179,-0.05268331244587898,0.0001200787301058881,-0.0016155780758708715
0.3475630288974739,-0.1916271383839605,-0.18416772055599362,-0.24408345610544369,0.2434847063301443,-0.019556414343497863,0.2883241998765712,-0.07071634382009506,-0.018707849085330963,-0.014287618920207024,-0.21452820301055908,-0.17795120179653168,0.30750593543052673,0.06115870922803879,0.06359043717384338,-0.009530366398394108,0.015122796408832073,-0.009775923565030098,-0.2136242687702179,-0.05268331244587898,0.0001200787301058881,-0.0016155780758708715
0.3475630288974739,-0.1916271383839605,-0.18416772055599362,-0.24408345610544369,0.2434847063301443,-0.019556414343497863,0.2883241998765712,-0.07071634382009506,-0.018707849085330963,-0.014287618920207024,-0.21452820301055908,-0.17795120179653168,0.30750593543052673,0.06115870922803879,0.06359043717384338,-0.009530366398394108,0.015122796408832073,-0.009775923565030098,-0.2136242687702179,-0.05268331244587898,0.0001200787301058881,-0.0016155780758708715
0.3475630288974739,-0.1916271383839605,-0.18416772055599362,-0.24408345610544369,0.2434847063301443,-0.019556414343497863,0.2883241998765712,-0.07071634382009506,-0.018707849085330963,-0.014287618920207024,-0.21452820301055908,-0.17795120179653168,0.30750593543052673,0.06115870922803879,0.06359043717384338,-0.009530366398394108,0.015122796408832073,-0.009775923565030098,-0.2136242687702179,-0.05268331244587898,0.0001200787301058881,-0.0016155780758708715
0.3475630288974739,-0.1916271383839605,-0.18416772055599362,-0.24408345610544369,0.2434847063301443,-0.019556414343497863,0.2883241998765712,-0.07071634382009506,-0.018707849085330963,-0.014287618920207024,-0.21452820301055908,-0.17795120179653168,0.30750593543052673,0.06115870922803879,0.06359043717384338,-0.009530366398394108,0.015122796408832073,-0.009775923565030098,-0.2136242687702179,-0.05268331244587898,0.0001200787301058881,-0.0016155780758708715
0.3475630288974739,-0.1916271383839605,-0.18416772055599362,-0.24408345610544369,0.2434847063301443,-0.019556414343497863,0.2883241998765712,-0.07071634382009506,-0.018707849085330963,-0.014287618920207024,-0.21452820301055908,-0.17795120179653168,0.30750593543052673,0.06115870922803879,0.06359043717384338,-0.009530366398394108,0.015122796408832073,-0.009775923565030098,-0.2136242687702179,-0.05268331244587898,0.0001200787301058881,-0.0016155780758708715
0.3475630288974739,-0.1916271383839605,-0.18416772055599362,-0.24408345610544369,0.2434847063301443,-0.019556414343497863,0.2883241998765712,-0.07071634382009506,-0.018707849085330963,-0.014287618920207024,-0.21452820301055908,-0.17795120179653168,0.30750593543052673,0.06115870922803879,0.06359043717384338,-0.009530366398394108,0.015122796408832073,-0.009775923565030098,-0.2136242687702179,-0.05268331244587898,0.0001200787301058881,-0.0016155780758708715
0.3475630288974739,-0.1916271383839605,-0.18416772055599362,-0.24408345610544369,0.2434847063301443,-0.019556414343497863,0.2883241998765712,-0.07071634382009506,-0.018707849085330963,-0.014287618920207024,-0.21452820301055908,-0.17795120179653168,0.30750593543052673,0.06115870922803879,0.06359043717384338,-0.009530366398394108,0.015122796408832073,-0.009775923565030098,-0.2136242687702179,-0.05268331244587898,0.0001200787301058881,-0.0016155780758708715
0.3475630288974739,-0.1916271383839605,-0.18416772055599362,-0.24408345610544369,0.2434847063301443,-0.019556414343497863,0.2883241998765712,-0.07071634382009506,-0.018707849085330963,-0.014287618920207024,-0.21452820301055908,-0.17795120179653168,0.30750593543052673,0.06115870922803879,0.06359043717384338,-0.009530366398394108,0.015122796408832073,-0.009775923565030098,-0.2136242687702179,-0.05268331244587898,0.0001200787301058881,-0.0016155780758708715
0.3475630288974739,-0.1916271383839605,-0.18416772055599362,-0.24408345610544369,0.2434847063301443,-0.019556414343497863,0.2883241998765712,-0.07071634382009506,-0.018707849085330963,-0.014287618920207024,-0.21452820301055908,-0.17795120179653168,0.30750593543052673,0.06115870922803879,0.06359043717384338,-0.009530366398394108,0.015122796408832073,-0.009775923565030098,-0.2136242687702179,-0.05268331244587898,0.0001200787301058881,-0.0016155780758708715
