position0,position1,position2,position3,position4,position5,position6,torque0,torque1,torque2,torque3,torque4,torque5,torque6,tactile0,tactile1,tactile2,tactile3,tactile4,tactile5,tactile6,tactile7,tactile8,tactile9,tactile10,tactile11
-0.15331501656710533,0.1619349230936561,0.8208279390225569,-0.4430744293054652,-0.4378479769190787,0.3926560348557645,0.6598210475820793,0.03761989974975599,-0.06477749347686768,0.050039996802806797,-0.09030546361749825,0.07601999670267101,-0.004500000402331339,0.11500500082969667,0.00887096778023988,0.01532258023507893,0.009677419438958168,0.012096774065867066,0.006451612804085016,0.012903225608170033,0.012903225608170033,0.012903225608170033,0.000806451600510627,0.002419354801531881,0.0,0.0
-0.15330978345556334,0.1619349230936561,0.8208318657287484,-0.44307161614490176,-0.4378479769190787,0.3926560348557645,0.6598157519567368,0.03751192474365239,-0.06521623849868774,0.04967999696731562,-0.09020182696255774,0.07873499840497966,-0.004500000402331339,0.11781000137329112,0.008064516121521592,0.014516128692775965,0.009677419438958168,0.012096774065867066,0.006451612804085016,0.012903225608170033,0.012903225608170033,0.012903225608170033,0.002419354801531881,0.002419354801531881,0.0,0.0
-0.15331501656710533,0.1619349230936561,0.8208279390225569,-0.4430772424660286,-0.4378479769190787,0.3926560348557645,0.6598210475820793,0.037187896728515635,-0.0656549835205078,0.05039999753236779,-0.09040910027243876,0.07873499572277065,0.002250000201165614,0.11781000137329112,0.007258064462803304,0.012903225608170033,0.009677419438958168,0.012903225608170033,0.006451612804085016,0.012903225608170033,0.012903225608170033,0.012903225608170033,0.001612903201021254,0.003225806402042508,0.0,0.0
-0.15331501656710533,0.1619349230936561,0.8208279390225569,-0.443080055626592,-0.4378479769190787,0.3926560348557645,0.6598157519567368,0.037511890411376925,-0.06543561100959772,0.049319997131824445,-0.09030546361749825,0.07873499572277065,0.002250000201165614,0.11500500082969667,0.00887096778023988,0.016129031777381897,0.009677419438958168,0.0112903225235641,0.006451612804085016,0.012903225608170033,0.012903225608170033,0.012903225608170033,0.0,0.003225806402042508,0.0,0.0
-0.15330978345556334,0.1619349230936561,0.8208279390225569,-0.4430744293054652,-0.4378479769190787,0.3926560348557645,0.6598157519567368,0.03729590606689448,-0.06521623849868774,0.04967999696731562,-0.09051273692737927,0.07330499500036236,0.004500000402331228,0.12061500191688557,0.007258064462803304,0.013709677150472999,0.009677419438958168,0.012096774065867066,0.006451612804085016,0.012903225608170033,0.012903225608170033,0.012903225608170033,0.000806451600510627,0.002419354801531881,0.0,0.0
-0.15330978345556334,0.1619349230936561,0.8208279390225569,-0.4430744293054652,-0.4378479769190787,0.3926560348557645,0.6597998650807083,0.036755928039550745,-0.06477749347686768,0.050219997167587405,-0.09009819030761723,0.06787499696016308,-0.006750000603497064,0.11500500082969667,0.006451612804085016,0.014516128692775965,0.009677419438958168,0.0112903225235641,0.006451612804085016,0.012903225608170033,0.012903225608170033,0.012903225608170033,0.000806451600510627,0.003225806402042508,0.0,0.0
-0.15331501656710533,0.1619349230936561,0.8208318657287484,-0.4430744293054652,-0.4378479769190787,0.3926560348557645,0.6597998650807083,0.03761989974975599,-0.06477749347686768,0.04985999733209601,-0.09040910027243876,0.07601999670267101,0.0,0.10939499974250799,0.007258064462803304,0.014516128692775965,0.009677419438958168,0.012096774065867066,0.006451612804085016,0.012903225608170033,0.012903225608170033,0.013709677150472999,0.0,0.003225806402042508,0.0,0.0
-0.15332024967864732,0.1619349230936561,0.8208279390225569,-0.4430744293054652,-0.4378479769190787,0.3926560348557645,0.6598104563313939,0.037079921722412146,-0.06455812096595759,0.049499996602535234,-0.09030546361749825,0.07873499572277065,-0.004500000402331339,0.1234200024604798,0.007258064462803304,0.013709677150472999,0.009677419438958168,0.012903225608170033,0.006451612804085016,0.012903225608170033,0.013709677150472999,0.012903225608170033,0.000806451600510627,0.002419354801531881,0.0,0.0
-0.15332024967864732,0.1619211517474929,0.8208279390225569,-0.443080055626592,-0.4378479769190787,0.3926560348557645,0.6597998650807083,0.037403915405273436,-0.06653249502182002,0.049319997131824445,-0.09186001344160599,0.076019994020462,0.004500000402331228,0.11781000137329112,0.00887096778023988,0.013709677150472999,0.009677419438958168,0.012903225608170033,0.005645161203574389,0.012903225608170033,0.012903225608170033,0.012903225608170033,0.001612903201021254,0.002419354801531881,0.0,0.0
-0.15331501656710533,0.16187978514661328,0.8208279390225569,-0.4430941160658997,-0.4378479769190787,0.3926560348557645,0.6598051607060512,0.03664791870117179,-0.06675187826156614,0.04985999733209601,-0.09310365330089221,0.07601999670267101,-0.004500000402331339,0.11781000137329112,0.007258064462803304,0.01532258023507893,0.00887096778023988,0.012096774065867066,0.006451612804085016,0.012903225608170033,0.012903225608170033,0.012903225608170033,0.000806451600510627,0.002419354801531881,0.0,0.0
-0.15332024967864732,0.16185224245428687,0.8208279390225569,-0.443119423783952,-0.4378479769190787,0.3926560348557645,0.6597998650807083,0.0372959747314453,-0.06631310105323796,0.049499996602535234,-0.09258547002618955,0.07330499768257137,-0.004500000402331339,0.11220000028610244,0.008064516121521592,0.013709677150472999,0.009677419438958168,0.012903225608170033,0.006451612804085016,0.012903225608170033,0.012903225608170033,0.012903225608170033,0.000806451600510627,0.002419354801531881,0.0,0.0
-0.15332024967864732,0.16182469976196068,0.8208279390225569,-0.44313629738382326,-0.4378479769190787,0.3926560348557645,0.6598051607060512,0.0362159500122069,-0.06675185680389406,0.049499996602535234,-0.09268910668113017,0.07873499840497966,-0.006750000603497064,0.11220000028610244,0.007258064462803304,0.014516128692775965,0.009677419438958168,0.012903225608170033,0.006451612804085016,0.012903225608170033,0.012903225608170033,0.012903225608170033,0.001612903201021254,0.002419354801531881,0.0,0.0
-0.15332024967864732,0.16182469976196068,0.8208318657287484,-0.44314191834144095,-0.4378479769190787,0.3926612729607334,0.6598051607060512,0.036431934356689455,-0.066313111782074,0.04967999696731562,-0.09268910668113017,0.07601999670267101,-0.009000000804662789,0.1234200024604798,0.00887096778023988,0.014516128692775965,0.009677419438958168,0.012903225608170033,0.006451612804085016,0.012903225608170033,0.012903225608170033,0.012903225608170033,0.000806451600510627,0.002419354801531881,0.0,0.0
-0.15332024967864732,0.16181090213460225,0.8208318657287484,-0.4431475392990585,-0.4378479769190787,0.3926560348557645,0.6597998650807083,0.03643196868896492,-0.0656549835205078,0.04895999640226367,-0.0919636500965465,0.07873499840497966,-0.004500000402331339,0.11500500082969667,0.008064516121521592,0.014516128692775965,0.009677419438958168,0.012903225608170033,0.006451612804085016,0.012903225608170033,0.013709677150472999,0.013709677150472999,0.0,0.002419354801531881,0.0,0.0
-0.15332024967864732,0.16180400332092348,0.8208279390225569,-0.4431559787807487,-0.4378479769190787,0.3926560348557645,0.6597998650807083,0.03589195632934561,-0.06543561100959772,0.04985999643802641,-0.09206728675148712,0.07330499500036236,0.0,0.11781000137329112,0.008064516121521592,0.01532258023507893,0.009677419438958168,0.012096774065867066,0.006451612804085016,0.012903225608170033,0.012903225608170033,0.012903225608170033,0.002419354801531881,0.001612903201021254,0.0,0.0
-0.15343026486327838,0.16194869443981907,0.8208240123163651,-0.4401555512944302,-0.43780713168454505,0.39276599261598444,0.6597469088272808,0.14540391540527342,-0.05073749184608467,0.05669999599456799,-0.015998192700472758,0.11131500005722039,-0.004500000402331339,0.1486649993062018,0.007258064462803304,0.01532258023507893,0.009677419438958168,0.012096774065867066,0.006451612804085016,0.012903225608170033,0.012903225608170033,0.012903225608170033,0.000806451600510627,0.002419354801531881,0.0,0.0
-0.15364490233133332,0.16071547564714572,0.82083579243494,-0.41694792062400066,-0.42795509812956223,0.39277646383249565,0.6596939449978517,0.1853640060424805,-0.08495999515056607,0.06119999885559091,-0.0030436576496470913,0.17918999433517457,-0.002250000201165614,0.17390999615192426,0.006451612804085016,0.014516128692775965,0.00887096778023988,0.012903225608170033,0.006451612804085016,0.012903225608170033,0.013709677150472999,0.012903225608170033,0.000806451600510627,0.002419354801531881,0.0,0.0
-0.1587080775641817,0.1549283302340222,0.8208789880755835,-0.36414093589746743,-0.38282926324277977,0.3926246212062311,0.6597363150512615,-0.05677202224731437,-0.03274874746799472,0.025919999107718472,-0.11362364465540098,0.11402999639511113,-0.002250000201165614,0.10378500133752822,0.00887096778023988,0.01532258023507893,0.009677419438958168,0.012903225608170033,0.006451612804085016,0.012903225608170033,0.012903225608170033,0.012903225608170033,0.000806451600510627,0.003225806402042508,0.0,0.0
-0.1830344961728173,0.14850734810126054,0.8209182588825702,-0.2888799284026997,-0.30554922263297357,0.3914151108109446,0.6519511801226155,-0.14284808349609368,-0.06082875072956084,0.010259999558329569,-0.16689273704182017,0.0841649951040746,-0.013499999865889567,0.03646499935537573,0.007258064462803304,0.014516128692775965,0.00887096778023988,0.012096774065867066,0.006451612804085016,0.012903225608170033,0.012903225608170033,0.012903225608170033,0.002419354801531881,0.003225806402042508,0.0,0.0
-0.22754043204608965,0.14265131967612577,0.8209693079355967,-0.2071456534104834,-0.22782308123529038,0.3853937243922215,0.6202545669177021,-0.067788064956665,-0.052053743004798925,-0.0032399998605251445,-0.17653091669082643,0.07873499974608411,-0.022500000670552245,0.03085500061511981,0.007258064462803304,0.016129031777381897,0.009677419438958168,0.0112903225235641,0.006451612804085016,0.012903225608170033,0.012903225608170033,0.012903225608170033,0.0,0.003225806402042508,0.0,0.0
-0.2877438250168095,0.13479044343346358,0.8209693098081318,-0.12292275306815692,-0.16033852062313858,0.3820060399246131,0.5665583325532869,-0.12286800384521479,-0.15318561583757395,-0.011519999206066167,-0.21757091354240077,0.0407250000536441,-0.047250001206994074,0.0028050012141466185,0.008064516121521592,0.01532258023507893,0.009677419438958168,0.012096774065867066,0.006451612804085016,0.012903225608170033,0.012903225608170033,0.012903225608170033,0.000806451600510627,0.003225806402042508,0.0,0.0
-0.3567017741757258,0.12466294553079582,0.8210203607336936,-0.029034900368316574,-0.09939477020095677,0.3814353174289876,0.5041183742625014,-0.1369081020355225,-0.21570749759674068,0.02069999903440467,-0.2271054584871639,0.05701499685645095,-0.06750000134110445,0.008414999954402425,0.00887096778023988,0.016129031777381897,0.009677419438958168,0.012096774065867066,0.006451612804085016,0.012903225608170033,0.012903225608170033,0.012903225608170033,0.000806451600510627,0.002419354801531881,0.0,0.0
-0.4327387650388194,0.11548618299668878,0.8210714116592551,0.06963901538361672,-0.027882695093311538,0.38091695351263055,0.4397930571843359,-0.09392405891418454,-0.12466686755418777,0.005039998590946171,-0.28721454669128765,0.14660999536514285,0.006749999262392503,0.07293000139296046,0.007258064462803304,0.013709677150472999,0.00887096778023988,0.0112903225235641,0.006451612804085016,0.012903225608170033,0.012903225608170033,0.012903225608170033,0.0,0.002419354801531881,0.0,0.0
-0.5157239298701245,0.1121379193359876,0.8208986216065416,0.16230642302424025,0.06345596185550673,0.38089077547135297,0.369785107331963,-0.04143606948852541,-0.22667624115943907,0.0422999981045723,-0.3516763641617515,0.06515999794006344,-0.09225000321865073,0.019635001122951468,0.007258064462803304,0.013709677150472999,0.00887096778023988,0.012903225608170033,0.006451612804085016,0.012903225608170033,0.012903225608170033,0.012903225608170033,0.000806451600510627,0.001612903201021254,0.0,0.0
-0.5687225666174098,0.11213102052230817,0.8126637232564854,0.21739116405583048,0.1664782194279305,0.38078081895948956,0.30764703251505565,-0.03193207168579104,-0.30279937349259856,0.04968000054359434,-0.38618727564811706,0.024434999898076182,-0.15975000321865085,-0.002805000208318309,0.00887096778023988,0.014516128692775965,0.009677419438958168,0.012096774065867066,0.006451612804085016,0.012903225608170033,0.012903225608170033,0.012903225608170033,0.000806451600510627,0.001612903201021254,0.0,0.0
-0.5739900329374776,0.11146964111034385,0.7803956434284111,0.2245168434460746,0.26912347725328145,0.38045095192061285,0.24959218030148012,-0.03344403076171876,-0.29928937375545506,0.05381999641656876,-0.39966000080108643,-0.0054299993813038405,-0.1665000021457672,0.005610000751912536,0.008064516121521592,0.013709677150472999,0.00887096778023988,0.0112903225235641,0.006451612804085016,0.012903225608170033,0.012903225608170033,0.012903225608170033,0.001612903201021254,0.000806451600510627,0.0,0.0
-0.5418410713115355,0.11147652678342557,0.7257515644873013,0.19872492923936125,0.33783639694978296,0.3802519850749785,0.19976202769867235,-0.00126002883911136,-0.3159618709981442,0.13445999622344973,-0.3606927268071608,0.065159999281168,-0.11925000429153443,0.06732000097632396,0.00887096778023988,0.013709677150472999,0.009677419438958168,0.0112903225235641,0.006451612804085016,0.012903225608170033,0.012903225608170033,0.012903225608170033,0.002419354801531881,0.002419354801531881,0.0,0.0
-0.47663730044647157,0.11148342559710478,0.6514607475976099,0.14601918343030051,0.3729876865464311,0.3801891527824851,0.17920822337243447,-0.002556072235107454,-0.317716871201992,0.21383998900651935,-0.35022545586932796,0.06787499964237209,-0.12825000107288365,0.0953700023889541,0.008064516121521592,0.014516128692775965,0.009677419438958168,0.0112903225235641,0.006451612804085016,0.012903225608170033,0.012903225608170033,0.012903225608170033,0.000806451600510627,0.001612903201021254,0.0,0.0
-0.40121290321312314,0.1130335430387005,0.5735610386706224,0.0800434937499811,0.3901156366549662,0.3815243290111151,0.17874745093560251,-0.03679206275939939,-0.18762748964130882,0.2005199933052063,-0.3193418214537881,0.06787499997764834,-0.07650000080466268,0.08134500067681072,0.008064516121521592,0.013709677150472999,0.008064516121521592,0.0112903225235641,0.006451612804085016,0.012903225608170033,0.012903225608170033,0.012903225608170033,0.001612903201021254,0.001612903201021254,0.000806451600510627,0.0
-0.3244428373125686,0.12151445837364283,0.4997728776241649,0.01648050358386044,0.3976931422203741,0.400180155692646,0.17851973652053033,-0.014436035156249916,-0.2725256243348122,0.29681999087333677,-0.3082527296109633,0.11674499809741967,-0.04050000194460157,0.12061500594019903,0.00887096778023988,0.014516128692775965,0.00887096778023988,0.012096774065867066,0.006451612804085016,0.012903225608170033,0.012903225608170033,0.012903225608170033,0.000806451600510627,0.000806451600510627,0.0,0.0
-0.259773123456704,0.1277769780413457,0.4314667953986947,-0.028703092236583183,0.39873929314926226,0.4356277902040685,0.17865742783010952,-0.09684005355834957,-0.21044249296188355,0.2572199928760529,-0.3192381847988476,0.10045499861240381,-0.058500001877546226,0.056100000813603446,0.008064516121521592,0.013709677150472999,0.00887096778023988,0.0112903225235641,0.006451612804085016,0.012903225608170033,0.012903225608170033,0.012903225608170033,0.000806451600510627,0.002419354801531881,0.000806451600510627,0.0
-0.2070572345223518,0.12856237841236362,0.3652027501956915,-0.0601302631763847,0.39922312027714113,0.475745926832461,0.17885338364512904,-0.15786007690429682,-0.0761849981546402,0.16991999030113225,-0.32276182033798906,0.05701499819755562,-0.06975000187754632,-0.042075001113116794,0.008064516121521592,0.012903225608170033,0.008064516121521592,0.0112903225235641,0.006451612804085016,0.012903225608170033,0.012903225608170033,0.012903225608170033,0.001612903201021254,0.001612903201021254,0.0,0.0
-0.16225285150152025,0.13045010408451685,0.3063489407389798,-0.08069740073435383,0.4056602309690053,0.4956322100873708,0.17887986934784472,-0.05450403213500976,-0.07048124313354487,0.21707998394966121,-0.3015163677659901,0.0814499974250793,-0.06525000214576715,-0.03646500170230871,0.008064516121521592,0.013709677150472999,0.009677419438958168,0.0112903225235641,0.006451612804085016,0.012903225608170033,0.012903225608170033,0.012903225608170033,0.001612903201021254,0.000806451600510627,0.0,0.0
-0.12355371201647414,0.14207950657661195,0.25353091125444494,-0.09353148439584325,0.4164044720918544,0.4973391432143489,0.17901755055608815,-0.11217604064941411,0.08790751218795778,0.17388000190258024,-0.29519454717636107,0.09773999691009527,-0.08325000241398817,-0.053295000270008996,0.009677419438958168,0.016129031777381897,0.009677419438958168,0.012096774065867066,0.006451612804085016,0.012903225608170033,0.012903225608170033,0.012903225608170033,0.0,0.000806451600510627,0.0,0.0
-0.08878671656512405,0.17006447199247499,0.20615569727405159,-0.10119985437164691,0.42104148029758426,0.49773184129736203,0.1788904555478622,-0.16153203392028803,-0.13892624169588086,0.2649599933624268,-0.36307636401870036,0.13032000124454501,-0.10574999973177912,0.03366000216454268,0.00887096778023988,0.014516128692775965,0.009677419438958168,0.010483870981261134,0.006451612804085016,0.012903225608170033,0.012903225608170033,0.012903225608170033,0.000806451600510627,0.001612903201021254,0.0,0.0
-0.05924528259408868,0.20399504528652035,0.16344967213931516,-0.10615746390126057,0.42117654251226766,0.49774755061884235,0.17860976972735887,-0.1437120380401612,-0.32539499927312143,0.34883998632431046,-0.40059272679415614,0.13846499830484393,-0.12150000214576717,0.10939500242471689,0.008064516121521592,0.013709677150472999,0.009677419438958168,0.0112903225235641,0.005645161203574389,0.012903225608170033,0.013709677150472999,0.012903225608170033,0.001612903201021254,0.000806451600510627,0.0,0.0
-0.03886159408448242,0.22719875174546045,0.12505155641018295,-0.11023771059968113,0.4212142209153701,0.4954541894198289,0.17847736141645265,-0.17308802032470705,-0.41402249934151764,0.37547998666763294,-0.4413218179480596,0.15475499510765067,-0.15975000858306887,0.13464000463485737,0.00887096778023988,0.01532258023507893,0.00887096778023988,0.0112903225235641,0.006451612804085016,0.012903225608170033,0.012903225608170033,0.012903225608170033,0.001612903201021254,0.001612903201021254,0.0,0.0
-0.026426123164022597,0.22724007892454756,0.09527710915957188,-0.11965517455323527,0.4212739502922983,0.47544224657335954,0.17842441021369282,-0.14770804023742679,-0.46074937541037797,0.3916799855232239,-0.44111454402858563,0.15203999876976015,-0.21375000536441802,0.1458600041270256,0.00887096778023988,0.013709677150472999,0.009677419438958168,0.010483870981261134,0.006451612804085016,0.012903225608170033,0.013709677150472999,0.012903225608170033,0.000806451600510627,0.000806451600510627,0.0,0.0
-0.01976589017287056,0.20739843375366684,0.07500206264215936,-0.1356415320093568,0.4214058726400566,0.4377431307355403,0.17843499641371052,-0.08647206687927245,-0.29051437139511116,0.36359997510910047,-0.3834927282279188,0.16018499314784995,-0.15975000590085975,0.14866500735282917,0.009677419438958168,0.013709677150472999,0.009677419438958168,0.010483870981261134,0.006451612804085016,0.012903225608170033,0.012903225608170033,0.012903225608170033,0.000806451600510627,0.001612903201021254,0.0,0.0
-0.015488081145487387,0.18361604166272893,0.06046434395593736,-0.1515828896234822,0.42148130135161066,0.409809135857634,0.17842971341503755,-0.07200003433227542,-0.1468237432837486,0.34181998014450066,-0.3416236388683319,0.1791899996995926,-0.10125000134110451,0.14305500626564027,0.00887096778023988,0.013709677150472999,0.00887096778023988,0.009677419438958168,0.006451612804085016,0.012903225608170033,0.012903225608170033,0.012903225608170033,0.0,0.001612903201021254,0.0,0.0
-0.01187531670551878,0.16444268785808924,0.05102777052180496,-0.15969838317832719,0.42152211962163844,0.4062800787319153,0.1784085309136666,-0.06379202842712406,-0.20122874557971948,0.35981998443603513,-0.3549927293170583,0.19004999577999115,-0.14400000482797626,0.1626900020241736,0.008064516121521592,0.014516128692775965,0.00887096778023988,0.010483870981261134,0.006451612804085016,0.012903225608170033,0.012903225608170033,0.012903225608170033,0.000806451600510627,0.000806451600510627,0.0,0.0
-0.010482510087018171,0.14681945149504527,0.04501947936550443,-0.16032546321727925,0.4215912446308926,0.40598162908764246,0.17841383411501133,-0.09802801895141611,-0.2549756169319153,0.35927998065948474,-0.38587636470794684,0.19547999382019043,-0.16650000751018523,0.16830000847578053,0.008064516121521592,0.014516128692775965,0.008064516121521592,0.010483870981261134,0.006451612804085016,0.012903225608170033,0.012903225608170033,0.012903225608170033,0.000806451600510627,0.001612903201021254,0.0,0.0
-0.010430178971597925,0.13346078579585552,0.04077833707290435,-0.16056729311905737,0.42164153043859576,0.4055260962154218,0.17840322771232187,-0.12232807731628426,-0.21592686742544176,0.34379997968673714,-0.3843218192729083,0.1873349940776824,-0.17550000697374346,0.15708000361919405,0.008064516121521592,0.014516128692775965,0.00887096778023988,0.0112903225235641,0.006451612804085016,0.012903225608170033,0.012903225608170033,0.012903225608170033,0.001612903201021254,0.002419354801531881,0.0,0.0
-0.010545387320355482,0.12723270763415828,0.03740897224076334,-0.1643269736009798,0.42168862844247357,0.39602801624367634,0.17840322771232187,-0.15494404792785643,-0.26418936699628826,0.3400199890136718,-0.4145836358314211,0.17376000165939331,-0.22950000643730162,0.16269000470638273,0.001612903201021254,0.006451612804085016,0.004032258060760796,0.007258064462803304,0.006451612804085016,0.012903225608170033,0.012903225608170033,0.012903225608170033,0.01451612898381427,0.03145161300199106,0.018548386869952083,0.03870967822149396
-0.012121472685074686,0.12741873907273848,0.03356052303774959,-0.1771694886988957,0.42173258657942625,0.36971717851887587,0.17840322771232187,-0.14803203392028808,-0.3188137498497964,0.354959979057312,-0.4255690906535496,0.1981949955224992,-0.3240000075101853,0.1542750003933907,0.0,0.004032258002553135,0.003225806402042508,0.006451612804085016,0.006451612804085016,0.012903225608170033,0.012903225608170033,0.0112903225235641,0.053225806914269924,0.11451613157987595,0.0693548396229744,0.14274193532764912
-0.015964573927724768,0.13548629063262807,0.02972386331598642,-0.19302929951949221,0.42178603622250443,0.35210331402995754,0.17847737151778842,-0.22255204010009766,-0.30323812320828436,0.3151799869537354,-0.4503381816907363,0.19547999382019043,-0.4342500150203705,0.10939500242471689,0.0,0.003225806402042508,0.003225806402042508,0.006451612804085016,0.006451612804085016,0.012903225608170033,0.012903225608170033,0.010483870981261134,0.12016128748655319,0.25161290168762207,0.17419354245066643,0.32741934806108475
-0.022593368302208483,0.15397070919237976,0.02782713502049683,-0.20688696063585266,0.42178920005787923,0.34706629436796577,0.17847736141645265,-0.14544003295898444,-0.30082499608397484,0.3284999799728393,-0.4231854541735216,0.17104499995708455,-0.3915000021457672,0.10939499974250799,0.0,0.003225806402042508,0.003225806402042508,0.006451612804085016,0.006451612804085016,0.012903225608170033,0.012903225608170033,0.012903225608170033,0.17096774280071259,0.3774193525314331,0.27419355139136314,0.47338708490133286
-0.02890797624708963,0.17970972310807942,0.026931763617255355,-0.22012314658035093,0.42172316697865087,0.34642226586662217,0.1782072718973028,-0.09597603034973146,-0.27296437203884116,0.33965999364852906,-0.38307818282734263,0.15746999680995943,-0.26550001502037046,0.12903000354766847,0.0,0.005645161203574389,0.003225806402042508,0.006451612804085016,0.006451612804085016,0.012903225608170033,0.012903225608170033,0.012903225608170033,0.21935483813285828,0.5016129016876221,0.37338708341121674,0.5967741906642914
-0.03431673657879142,0.20411216743189475,0.026912124468691845,-0.2320236310169249,0.4202780612026632,0.3456368697005955,0.17761940445224422,-0.04208402252197263,-0.23764499813318252,0.3378599810600281,-0.33540545615282924,0.11131499737501149,-0.15975000053644184,0.16549500524997718,0.0,0.003225806402042508,0.003225806402042508,0.006451612804085016,0.006451612804085016,0.012903225608170033,0.012903225608170033,0.012903225608170033,0.21612901985645294,0.5032258033752441,0.3774193525314331,0.6000000238418579
-0.03693473045678286,0.21903473505944093,0.02690427480137869,-0.24058342694498425,0.41758882510235107,0.34527558526711555,0.17760881825222696,-0.0046080436706542605,-0.2808618709445,0.34469999313354494,-0.33623454646630724,0.08959499716758734,-0.13275000214576727,0.17110501170158388,0.01854838733561337,0.019354838761501014,0.015322580293286592,0.015322580875363201,0.006451612804085016,0.012903225608170033,0.013709677150472999,0.016129031777381897,0.03467741823988035,0.07016128906980157,0.05000000155996531,0.08064515888690948
-0.036814328943900354,0.22251391849287494,0.02693959830428716,-0.24400847808934611,0.41752286392847193,0.3451970461498556,0.17774651966314192,-0.02242803955078132,-0.17468437135219572,0.3241799855232238,-0.3057654586705295,0.10316999495029455,-0.11925000160932542,0.16549500793218608,0.003225806402042508,0.007258064346387982,0.004838709661271423,0.00806451600510627,0.006451612804085016,0.012903225608170033,0.012903225608170033,0.014516128692775965,0.00806451600510627,0.018548387160990387,0.015322580060455948,0.016935484018176794
-0.03493460326749509,0.2215080451772714,0.02695138778553774,-0.24409282999817472,0.41750716459384607,0.3452022817581112,0.17775182286448665,-0.017784049987793038,-0.2727449968457222,0.34019999742507945,-0.3267000024968928,0.10859999299049383,-0.135,0.17952000796794898,0.005645161203574389,0.010483870981261134,0.00887096778023988,0.009677419438958168,0.006451612804085016,0.012903225608170033,0.012903225608170033,0.016129031777381897,0.003225806402042508,0.003225806402042508,0.004838709603063762,0.002419354801531881
-0.030693426020905745,0.21041601427868473,0.026955327599475498,-0.24407034616770418,0.4174789057915195,0.3452179910795913,0.17773063026177993,0.0016559486389160494,-0.33811874605715275,0.35639998912811277,-0.34120909224856977,0.10045499593019491,-0.15075000643730163,0.196350005865097,0.006451612804085016,0.010483870981261134,0.00887096778023988,0.00887096778023988,0.006451612804085016,0.012903225608170033,0.012903225608170033,0.01532258023507893,0.003225806402042508,0.003225806402042508,0.003225806402042508,0.002419354801531881
-0.02523233457378371,0.1825550566812778,0.02699068106294622,-0.24376101650293214,0.4174192243514906,0.3451865736849876,0.17777829846586635,-0.014868038177490273,-0.2435681203007698,0.3353399848937987,-0.3112581838260998,0.11131499469280237,-0.13275000751018529,0.19354499995708474,0.006451612804085016,0.010483870981261134,0.007258064462803304,0.009677419438958168,0.006451612804085016,0.012903225608170033,0.012903225608170033,0.016129031777381897,0.003225806402042508,0.003225806402042508,0.003225806402042508,0.003225806402042508
-0.01923191305850458,0.14507640380119013,0.0269867562292897,-0.2397060802043186,0.4173469355068614,0.34515515753874093,0.17778888466588383,-0.009036083221435565,-0.19947374671697615,0.34685998678207397,-0.29685273170471194,0.11674499541521077,-0.12374999999999992,0.2187900048494339,0.006451612804085016,0.009677419438958168,0.009677419438958168,0.009677419438958168,0.006451612804085016,0.012903225608170033,0.012903225608170033,0.016129031777381897,0.003225806402042508,0.003225806402042508,0.003225806402042508,0.003225806402042508
-0.013739263152464987,0.09879303812355844,0.02698283139563329,-0.22932409103193374,0.4172998375029836,0.3451603943953533,0.17776239896316814,-0.020376033782959047,-0.20715187042951588,0.36431998729705806,-0.30690545602278274,0.13574999392032627,-0.13050000965595243,0.2496450054645537,0.009677419322542846,0.012903225841000676,0.009677419322542846,0.009677419438958168,0.006451612804085016,0.012903225608170033,0.012903225608170033,0.016129031777381897,0.002419354801531881,0.002419354801531881,0.003225806402042508,0.002419354801531881
-0.011095063769347213,0.051944718738299644,0.026982816415352273,-0.21524147897717583,0.4172307364621789,0.34511327017598326,0.17764060715628716,-0.05331603240966798,-0.1378293744474649,0.36881998300552377,-0.3093927255001936,0.15203999876976015,-0.1350000067055226,0.28891500771045686,0.04112903168424964,0.0459677423350513,0.04032257990911603,0.03870967775583267,0.006451612804085016,0.012096774065867066,0.013709677150472999,0.01612903201021254,0.0,0.0,0.0,0.0
-0.011058471935969982,-0.0008836368905499326,0.026939628264849524,-0.20345346732804603,0.4171301888152231,0.3449823699827409,0.1774764200426563,-0.0038520126342773686,-0.16854187130928033,0.4012199878692627,-0.30058363860303705,0.14117999732494357,-0.12149999946355827,0.2945250034332275,0.05161290429532528,0.07500000111758709,0.06693548522889614,0.08951612748205662,0.051612902665510774,0.06451613130047917,0.0766129014082253,0.07338709803298116,0.0,0.0,0.0,0.0
-0.010817668910204636,-0.05759076838172239,0.027045643714418532,-0.19867584107588887,0.4171427482829241,0.34466297540873214,0.17784183586864322,-0.15548402595520017,-0.05051811397075656,0.2960999894142152,-0.3119836384599859,0.08144999474287029,-0.11700000107288355,0.15708000898361207,0.0338709675706923,0.07500000111758709,0.05887096934020519,0.1088709719479084,0.19758063927292824,0.19516129046678543,0.25080645456910133,0.22741935402154922,0.0,0.0,0.0,0.0
-0.010817589015372109,-0.10362611842244229,0.027080997177889254,-0.1983440114901187,0.4171458881498492,0.34456872821834883,0.17796895107954114,-0.1734120483398438,0.1951818823814392,0.2539799845218659,-0.24886909506537702,0.09230999618768698,-0.07875000134110455,0.14305500090122225,0.023387095890939236,0.06854838877916336,0.05080645065754652,0.1064516119658947,0.2733870968222618,0.24677419289946556,0.32741936296224594,0.28306451439857483,0.0,0.0,0.0,0.0
-0.010896205530750769,-0.12282015552752168,0.027069207696638564,-0.1981781181512704,0.4171301888152231,0.34454254768035775,0.17796894097820537,-0.10753201675415036,0.20176315426826485,0.274139986038208,-0.23145819360559639,0.09502499520778662,-0.06975000053644176,0.14305500626564027,0.019354838877916336,0.06612903252243996,0.04838709533214569,0.10322580486536026,0.2822580635547638,0.2548387050628662,0.33467742800712585,0.2911290302872658,0.0,0.0,0.0,0.0
-0.010890932471792736,-0.11596513945986531,0.027065282862982043,-0.19515519074395393,0.4171207692144473,0.3445477845369701,0.17795305157684316,-0.11001605987548824,0.21646126270294175,0.2757599902153015,-0.22948910106312137,0.09773999691009527,-0.07425000295042994,0.1374450051784516,0.024999999906867743,0.05967741832137108,0.04435483738780022,0.07903225719928741,0.1887096744030714,0.17419354617595673,0.2290322594344616,0.19999999180436134,0.000806451600510627,0.0,0.0,0.0
-0.010849067579457028,-0.089261605688844,0.027041703900480774,-0.18698344470485917,0.4171082097467468,0.3446053799728511,0.17796895107954114,-0.13258807182312016,0.02209500789642338,0.29879999399185186,-0.2852454575625333,0.0814499974250793,-0.10350000187754627,0.14025000303983692,0.014516128925606608,0.025806451216340065,0.012903225608170033,0.016935483552515507,0.022580644581466913,0.042741933837533,0.0338709675706923,0.04274193476885557,0.004838709661271423,0.001612903201021254,0.000806451600510627,0.0
-0.010833328297414013,-0.05857595839688612,0.02702600456585491,-0.17707106830549557,0.4161563027625145,0.3446367961190976,0.1779583446768519,-0.14036407470703127,-0.05271187126636501,0.3139199924468995,-0.3149890936504711,0.05701499819755562,-0.1260000059008598,0.14025000303983692,0.012903225608170033,0.023387095890939236,0.010483870981261134,0.016129031777381897,0.016935483552515507,0.03064516093581915,0.024193547666072845,0.03064516093581915,0.004838709661271423,0.001612903201021254,0.0,0.0
-0.010854260743582422,-0.03632301358770196,0.027002455563915673,-0.16733021692961625,0.40691059309028066,0.3446420317273532,0.1779583446768519,-0.12686405754089358,-0.18192374199628825,0.3410999822616577,-0.3458727290413597,0.04343999907374374,-0.13725000321865077,0.14586000680923472,0.012903225608170033,0.022580644115805626,0.009677419438958168,0.014516128692775965,0.012903225608170033,0.027419354766607285,0.02016129018738866,0.028225806541740894,0.003225806402042508,0.001612903201021254,0.0,0.0
-0.010739132289658504,-0.030074265266162192,0.027014230064885236,-0.1600920754789461,0.39007795825186353,0.3446053812212079,0.17796894097820537,-0.1311840190887451,-0.07289436221122747,0.3265199875831605,-0.32017091469331216,0.01629000015556814,-0.11025000482797631,0.14305500626564027,0.0112903225235641,0.02177419327199459,0.009677419438958168,0.014516128692775965,0.012903225608170033,0.026612902991473675,0.019354838877916336,0.027419354766607285,0.003225806402042508,0.001612903201021254,0.001612903201021254,0.0
-0.010006017304781345,-0.033615459179122675,0.027002455563915673,-0.15421494593600693,0.38362507632002407,0.34461585243771886,0.1779477584768342,-0.07632003021240241,-0.10887186706066132,0.3574799823760987,-0.31695818424224853,0.02714999958872799,-0.11025000214576719,0.15988500148057938,0.0112903225235641,0.02096774149686098,0.009677419438958168,0.014516128692775965,0.012903225608170033,0.025806451216340065,0.019354838877916336,0.025806451216340065,0.004838709661271423,0.003225806402042508,0.0,0.0
-0.005639285328600252,-0.053188392272054186,0.027010305231228826,-0.14196296392551022,0.38350882933844244,0.3446315605108422,0.1779212929767905,-0.05428804779052743,-0.08605685770511629,0.37493998289108277,-0.30410727414217864,0.03800999835133556,-0.11025000482797631,0.17391000419855118,0.07903225533664227,0.11774193542078137,0.07983870804309845,0.08870967756956816,0.012096774065867066,0.02096774196252227,0.015322580467909575,0.01693548378534615,0.000806451600510627,0.000806451600510627,0.0,0.0
6.280888136844798e-05,-0.08787682324479107,0.027092771678858818,-0.11590112575594891,0.38377902567315847,0.34458967189972756,0.17796895107954114,-0.15980407333374025,0.010906886458396992,0.3293999862670899,-0.2908418213237416,0.06515999794006344,-0.06975000187754632,0.16269001007080097,0.3564516007900238,0.5395161136984825,0.41129031777381897,0.4330645054578781,0.037903225515037775,0.03629032336175442,0.024999999906867743,0.014516128692775965,0.0,0.0,0.0,0.0
0.0011202968870173136,-0.14554846145068756,0.027026019546135926,-0.0691006142779157,0.38386696591551395,0.3445791994348596,0.17791599987678175,-0.10882806015014646,-0.08825061500072473,0.40427997350692746,-0.32079272682016546,0.06515999659895899,-0.07200000375509263,0.17391001224517832,0.36209675669670105,0.6040322780609131,0.48467740416526794,0.5556451678276062,0.09193548373878002,0.0798387099057436,0.05645161308348179,0.03629032243043184,0.0,0.0,0.0,0.0
0.001555004671750404,-0.2287799940879801,0.027065282862982043,-0.014614848497189414,0.38391729966011645,0.3446839203384676,0.17800601288093854,-0.25074003982543946,-0.05929312169551848,0.36665998935699473,-0.4046345460956747,0.02171999987214812,-0.15524999946355822,0.1374450051784516,0.30887097865343094,0.5814515948295593,0.4927419349551201,0.6024193614721298,0.1548387110233307,0.13790322467684746,0.10241935215890408,0.06774193607270718,0.0,0.0,0.0,0.0
0.001528799166624517,-0.31988618745469577,0.027065282862982043,0.03576254434299153,0.38500112899210703,0.34474151577434864,0.17808546998908537,-0.3474000549316406,0.08352000832557682,0.32795998334884635,-0.42245999880812385,0.03529499866068353,-0.1890000075101852,0.11781000003218656,0.301612913608551,0.5798386931419373,0.5072580575942993,0.6209677457809448,0.1733870916068554,0.15080645307898521,0.11693548411130905,0.07338709756731987,0.0,0.0,0.0,0.0
0.0007120342919083589,-0.3906133509164249,0.02705743319566911,0.07129809895035677,0.38791650741638317,0.3447310433094809,0.17815959359187994,-0.37926001167297363,0.1398993766307831,0.3115799760818482,-0.4118890890208158,0.04886999778449541,-0.18000000536441807,0.10658999919891377,0.3911290392279625,0.6201612949371338,0.5258064270019531,0.5645161271095276,0.05725806625559926,0.04838709533214569,0.042741935700178146,0.025806450750678778,0.0,0.0,0.0,0.0
0.00011513999678869347,-0.43422362997267777,0.027002455563915673,0.08214969016874418,0.38841603387888834,0.3447729306722388,0.17821785809732005,-0.3985920352935791,0.19584002137184153,0.3068999898433685,-0.4260872734405778,0.04343999840319157,-0.19575000643730167,0.11500500082969667,0.46854838728904724,0.6459677666425705,0.5427419394254684,0.5193548202514648,0.014516128925606608,0.017741935327649117,0.017741935327649117,0.014516128692775965,0.0,0.0,0.0,0.0
-0.0007017047727601033,-0.4468175523200943,0.02697102693410136,0.0656318733152802,0.38851655755739445,0.34477293192059555,0.1782973051041309,-0.3977280292510986,0.049955638647079526,0.327239978313446,-0.4592509076812051,0.0352950000017882,-0.20700000643730165,0.11500500082969667,0.4725806415081024,0.6387096792459488,0.5274193286895752,0.4887096732854843,0.00887096778023988,0.016129031777381897,0.01532258023507893,0.013709677150472999,0.0,0.0,0.0,0.0
-0.0019949624297140867,-0.4355739577701279,0.02697889158169553,0.019604672590404104,0.3885856825666486,0.3447362789177365,0.1783820452109509,-0.38638802719116216,0.2054924976825715,0.2980799889564515,-0.39499636376445946,0.04615499742329121,-0.16650000482797622,0.11220000296831134,0.1693548389011994,0.22499999729916453,0.1911290274001658,0.1766129033640027,0.011290322348941118,0.02741935383528471,0.017741935094818473,0.022580644814297557,0.010483871039468795,0.014516129158437252,0.009677419438958168,0.007258064579218626
-0.0020839652733440905,-0.39711700054795795,0.027010305231228826,-0.0544218481781209,0.3887050454467059,0.34468391909011087,0.17863624532873856,-0.33886805534362796,0.27042751193046566,0.27431998014450076,-0.3252490951798179,0.06244499690830707,-0.1260000032186509,0.12622500300407424,0.021774193563032895,0.02822580747306347,0.029032257851213217,0.027419354300945997,0.003225806402042508,0.016129031777381897,0.012903225608170033,0.01532258023507893,0.002419354859739542,0.003225806402042508,0.002419354859739542,0.000806451600510627
-0.001989769265588137,-0.32373738120289997,0.027033854233167842,-0.1382904511947346,0.3887553072859592,0.3446891559467232,0.1788957587492067,-0.29534403419494626,0.2370825254917145,0.2554199838638306,-0.304625459855253,0.06244499992579222,-0.09900000214576721,0.12622500032186512,0.013709677383303642,0.01854838663712144,0.02096774196252227,0.02016129018738866,0.003225806402042508,0.016129031777381897,0.012903225608170033,0.01532258023507893,0.000806451600510627,0.0,0.0,0.0
0.0002774862968399905,-0.22956539445899804,0.027029944379792337,-0.2243243135931695,0.38882759613058815,0.3448567078944679,0.17900167125606192,-0.08334003639221199,0.23861812233924862,0.2872799921035766,-0.19902000643990259,0.10045499861240381,-0.03600000254809854,0.16269000470638273,0.010483870981261134,0.016129031777381897,0.019354838877916336,0.016935483552515507,0.003225806402042508,0.016129031777381897,0.012903225608170033,0.01532258023507893,0.002419354801531881,0.0,0.0,0.0
0.009623743616029024,-0.13764627116953576,0.027084936991826902,-0.31014726672023263,0.3889312357075697,0.3461499967603402,0.179181737669719,-0.01292402458190911,0.08856563508510595,0.28799998998641974,-0.21767454483292326,0.10316999495029455,-0.03374999932944778,0.17110500901937498,0.010483870981261134,0.01532258023507893,0.017741935327649117,0.016129031777381897,0.003225806402042508,0.016129031777381897,0.012903225608170033,0.01532258023507893,0.001612903201021254,0.0,0.0,0.0
0.02521649853522101,-0.06104926851471648,0.027147734330330908,-0.36836458674075667,0.3889595184783464,0.35340707411234107,0.1792029100697542,-0.08031603240966789,0.14494502216577543,0.20537999510765081,-0.1954963699254123,0.10045499458909035,-0.029250000268220888,0.16549500524997718,0.009677419438958168,0.01532258023507893,0.016129031777381897,0.016129031777381897,0.003225806402042508,0.016129031777381897,0.012903225608170033,0.013709677150472999,0.003225806402042508,0.0,0.0,0.0
0.04374139381459052,0.006584545736902259,0.027163433664956993,-0.39569745858809346,0.38897526574987207,0.36076363925640786,0.17917643446837428,-0.005580059051513708,0.14933251798152913,0.2055599963665008,-0.17010545969009394,0.11402999639511113,0.013500000536441847,0.16549500524997718,0.009677419438958168,0.01532258023507893,0.016935483552515507,0.016129031777381897,0.002419354801531881,0.014516128692775965,0.012903225608170033,0.013709677150472999,0.001612903201021254,0.0,0.0,0.0
0.05581030724261182,0.05153135496324701,0.027171283332270035,-0.40214823957331697,0.38902550362067523,0.3622506581113024,0.17920821327109848,-0.12470402526855462,-0.052931246459484105,0.1927799928188324,-0.251978192762895,0.08144999608397496,-0.05175000160932541,0.14586000680923472,0.00887096778023988,0.013709677150472999,0.013709677150472999,0.013709677150472999,0.003225806402042508,0.01532258023507893,0.012903225608170033,0.014516128692775965,0.003225806402042508,0.0,0.0,0.0
0.06094690582671325,0.08263035288966003,0.027175223146207683,-0.4024125720778476,0.3890506225560769,0.3624653342784171,0.17921879947111619,-0.15505202293395992,-0.0474468719959259,0.18179999470710773,-0.25374000224200166,0.08959499716758734,-0.04500000167638063,0.1374450051784516,0.010483870981261134,0.014516128692775965,0.01532258023507893,0.014516128692775965,0.002419354801531881,0.01532258023507893,0.012903225608170033,0.012903225608170033,0.003225806402042508,0.0,0.0,0.0
0.06257004924789455,0.1054069110867869,0.027171298312551162,-0.40257847882546877,0.38907260162455326,0.36253340217916585,0.17918703076972753,-0.07426802444458014,-0.0018168640136718706,0.1911599886417389,-0.23228727514093572,0.10045499861240381,-0.03375000201165668,0.15708000898361207,0.010483870981261134,0.017741935327649117,0.01935483841225505,0.02096774149686098,0.003225806460250169,0.01612903201021254,0.013709677150472999,0.014516128925606608,0.002419354801531881,0.0,0.0,0.0
0.06296273235062633,0.12380177647468538,0.027167358498613514,-0.4027528250547802,0.38909772055995473,0.36256481832541254,0.17919761696974545,-0.08150401496887216,-0.025289985537529036,0.19349999070167534,-0.24109637520530003,0.10588499933481221,-0.03600000187754637,0.1514700078964234,0.010483870864845812,0.03629032243043184,0.03870967822149396,0.05887096747756004,0.12338709412142634,0.17016128823161125,0.09596774214878678,0.11532257916405797,0.002419354801531881,0.0,0.0,0.0
0.06297839173783604,0.13669883926545923,0.027167358498613514,-0.4029215476447195,0.38916372967073365,0.36265906551579585,0.1791923238697365,-0.09392407608032227,-0.02419311225414278,0.19025998950004575,-0.24803999987515535,0.10316999495029455,-0.04500000268220905,0.14305500626564027,0.003225806402042508,0.03145161224529147,0.04193548485636711,0.0693548396229744,0.30887097120285034,0.402419351041317,0.23306452110409737,0.28387097269296646,0.003225806402042508,0.0,0.0,0.0
0.06296265245579358,0.1436778631515715,0.027163433664956993,-0.4032027510673667,0.3892422503123135,0.36282138060692815,0.17918703076972753,-0.08096405410766594,-0.05666061937808986,0.19529998898506162,-0.2522890949249268,0.11674499809741967,-0.04050000160932543,0.14586000680923472,0.003225806402042508,0.029838709626346827,0.0411290330812335,0.06451612897217274,0.31370967626571655,0.4096774160861969,0.2362903207540512,0.2911290228366852,0.003225806402042508,0.0,0.0,0.0
0.06297319857371075,0.14597204064450076,0.027171283332270035,-0.4033630368573703,0.3892767888484908,0.36295751765678264,0.179181737669719,-0.08787606811523441,-0.007301241159439087,0.18881999373435987,-0.24441272865642194,0.10859999567270273,-0.04050000160932543,0.15147000253200538,0.004838709603063762,0.03145161224529147,0.04193548485636711,0.06774193607270718,0.3145161271095276,0.40645161271095276,0.23225806653499603,0.28306451439857483,0.000806451600510627,0.0,0.0,0.0
0.06297319857371075,0.1466196487103021,0.027171283332270035,-0.4034417758538451,0.38931137532156745,0.3630779441368003,0.1791923238697365,-0.0840960159301758,-0.007520613670349174,0.18899999499320985,-0.24265090942382816,0.10859999299049383,-0.03375000268220907,0.15147000253200538,0.006451612804085016,0.033064515329897404,0.04193548485636711,0.06854838877916336,0.3120967745780945,0.39919354766607285,0.2266129106283188,0.27177419513463974,0.000806451600510627,0.0,0.0,0.0
0.06296784561991953,0.1472534722893425,0.027171283332270035,-0.4035008254081306,0.389371080730046,0.36320884433004264,0.17917644456971027,-0.08161200714111327,-0.0009393525123596591,0.19043998718261734,-0.24140728517012155,0.11402999639511113,-0.03375000268220907,0.14025000572204604,0.009677419322542846,0.03790322598069906,0.04758064355701208,0.07580645196139812,0.3096774220466614,0.39032256603240967,0.22096775472164154,0.2564516067504883,0.0,0.0,0.0,0.0
0.06296792551475228,0.14821111961217992,0.027575795863669206,-0.40359362216215844,0.38922655097768744,0.36338163188604267,0.17920292017108996,-0.08280007553100588,-0.005765612125396724,0.19979998469352733,-0.24254727667028253,0.08687999546527858,-0.0315000021457672,0.1626900020241736,0.026612903457134962,0.06693548429757357,0.07983871269971132,0.12096774205565453,0.33225807547569275,0.39193546772003174,0.22580645978450775,0.23951613157987595,0.0,0.0,0.0,0.0
0.06284225094291185,0.14907230180888742,0.030022315456973425,-0.40381296018820223,0.3874547072938802,0.36357012751516604,0.1798013738161658,-0.09468007278442381,-0.005546239614486748,0.20411998987197866,-0.2459672784805298,0.04343999773263929,-0.03375000268220907,0.1654950106143952,0.09596774354577065,0.19516129046678543,0.21451612934470177,0.307258065789938,0.3637096583843231,0.3870967626571655,0.22500000894069672,0.20483870431780815,0.0,0.0,0.0,0.0
0.061821115086142964,0.14976125019437336,0.03445196960733432,-0.40411384232602027,0.38307531198671596,0.36392617509203384,0.18179267036374036,-0.10008000755310065,-0.007520624399185216,0.20753999233245846,-0.24555273576216263,0.02714999958872799,-0.03600000321865082,0.17671500742435453,0.15645161643624306,0.32338709384202957,0.34354837983846664,0.4725806415081024,0.37580645084381104,0.3749999925494194,0.21935485303401947,0.1895161233842373,0.0,0.0,0.0,0.0
0.06006718382382714,0.15039507377341377,0.04059376502908063,-0.404591891898977,0.3767481445741335,0.36433981685642614,0.18559520714656885,-0.10148402595520012,-0.004229983091354361,0.2068199908733367,-0.2399563759023493,0.03800999835133556,-0.03375000268220907,0.16830001115798965,0.12741936091333628,0.25564516615122557,0.26693547796458006,0.36209676694124937,0.2806451516225934,0.2887096665799618,0.17016128823161125,0.14677419047802687,0.003225806402042508,0.002419354859739542,0.001612903201021254,0.0
0.05796762751524165,0.1511391338247473,0.048298528082702186,-0.4049940102725132,0.3687056990192975,0.36472204497128524,0.19040928160454673,-0.09975601387023936,-0.006862485408782981,0.20825999379158022,-0.23632909688082604,0.0624449989199638,-0.02925000160932545,0.17110500901937498,0.018548386520706117,0.024193548131734133,0.022580645279958844,0.024999999906867743,0.01854838663712144,0.023387095890939236,0.026612902991473675,0.021774192806333303,0.009677419264335185,0.015322580758947879,0.009677419438958168,0.016129031777381897
0.055449022809131554,0.15177985621746692,0.05738952141140774,-0.40534832368875373,0.3591112723707678,0.3651828109550471,0.19618721543225182,-0.11066404724121093,-0.007081857919693069,0.1988999891281128,-0.23902364210648974,0.08959499716758734,-0.02475000187754628,0.16549500524997718,0.015322580467909575,0.022580644115805626,0.013709677150472999,0.02016129018738866,0.01532258023507893,0.02016129018738866,0.021774192806333303,0.019354838877916336,0.001612903201021254,0.001612903201021254,0.0,0.0
0.052380741654029395,0.15235856813065973,0.06802378330230041,-0.4060232113667562,0.3478172189777108,0.3655807471430298,0.2026165642091281,-0.09154804229736324,-0.010153115987777794,0.199079990386963,-0.2304218270561912,0.09502499788999563,-0.03375000134110451,0.15988500952720652,0.012903225608170033,0.021774192806333303,0.012903225608170033,0.019354838877916336,0.012903225608170033,0.019354838877916336,0.019354838877916336,0.019354838877916336,0.001612903201021254,0.002419354801531881,0.0,0.0
0.04906638441420441,0.15281328536599392,0.0800835987062476,-0.4065321869336281,0.3351471608494704,0.3662143006827919,0.2097185205378821,-0.11833204078674309,-0.006643112897872894,0.19385998964309692,-0.23011091709136966,0.08416499912738806,-0.02925000261515376,0.16269000470638273,0.013709677150472999,0.02016129018738866,0.012096774065867066,0.017741935327649117,0.012903225608170033,0.016129031777381897,0.019354838877916336,0.017741935327649117,0.0,0.000806451600510627,0.0,0.0
0.045107994927965134,0.15348153731044267,0.09360814105840831,-0.40731673960202047,0.32116080339452535,0.36666983105829865,0.21791674454726973,-0.06757206344604494,-0.012127479314804068,0.19835998892784124,-0.22161273479461674,0.04343999907374374,-0.0315000021457672,0.16549500256776806,0.012903225608170033,0.019354838877916336,0.0112903225235641,0.016935483552515507,0.012096774065867066,0.016129031777381897,0.019354838877916336,0.016935483552515507,0.000806451600510627,0.000806451600510627,0.0,0.0
0.0412175959443557,0.15410161582451465,0.10791417471664777,-0.4079606959225984,0.30610945580914095,0.3672039030477786,0.22682993100994164,-0.1046160564422608,-0.009494998455047643,0.18863999247550967,-0.2275200046192516,0.04615499943494805,-0.03150000281631948,0.1598850041627885,0.012903225608170033,0.019354838877916336,0.010483870981261134,0.016129031777381897,0.0112903225235641,0.016129031777381897,0.019354838877916336,0.016129031777381897,0.0,0.001612903201021254,0.0,0.0
0.03696591252726589,0.1548525615489299,0.1237478075630104,-0.40890553169923993,0.28970091872167447,0.36817779609128565,0.23660106433548556,-0.09360003089904778,-0.015198748111724836,0.18881999731063848,-0.21280364253304218,0.09502500057220453,-0.02925000160932545,0.17671501278877277,0.012903225608170033,0.019354838877916336,0.009677419438958168,0.016129031777381897,0.009677419438958168,0.016129031777381897,0.019354838877916336,0.016129031777381897,0.0,0.000806451600510627,0.0,0.0
0.03241070864073958,0.1553623773095144,0.1406495644146254,-0.4096872738888234,0.2719760583390537,0.36897890282714896,0.24719309282384028,-0.093168062210083,-0.02002499699592586,0.18521999001502987,-0.21518728559667422,0.09773999691009527,-0.0315000021457672,0.15427500844001785,0.012903225608170033,0.019354838877916336,0.009677419438958168,0.016129031777381897,0.009677419438958168,0.016129031777381897,0.019354838877916336,0.016129031777381897,0.001612903201021254,0.000806451600510627,0.0,0.0
0.02738939830022802,0.1557275150918006,0.15811290204530526,-0.41052526319914745,0.25351289779691355,0.36954962532277447,0.2578115868122389,-0.08571605300903318,-0.016953749656677286,0.184320001602173,-0.20855455138466583,0.05429999783635131,-0.02475000120699411,0.15708000630140317,0.0112903225235641,0.018548387102782726,0.009677419438958168,0.016129031777381897,0.009677419438958168,0.016129031777381897,0.018548387102782726,0.016129031777381897,0.001612903201021254,0.000806451600510627,0.0,0.0
0.022085260251950012,0.15603752806764193,0.176852484727,-0.41147009629403425,0.23411042569091622,0.3701674707894135,0.2688908330347982,-0.07275608253479005,-0.013443735837936455,0.18233998775482185,-0.1974654644185847,0.05429999783635131,-0.027000001743435864,0.1598850041627885,0.012096774065867066,0.017741935327649117,0.009677419438958168,0.012903225608170033,0.009677419438958168,0.016129031777381897,0.018548387102782726,0.016129031777381897,0.000806451600510627,0.001612903201021254,0.0,0.0
0.016734144042042987,0.1564095778042046,0.1963028667681127,-0.41241493743418484,0.21374034726606073,0.37074866574990695,0.28070093111200356,-0.08312401771545408,-0.015418120622634923,0.17747999310493479,-0.19953818581321014,0.09502499520778662,-0.029250002279877618,0.15427500844001785,0.010483870981261134,0.016935483552515507,0.009677419438958168,0.013709677150472999,0.009677419438958168,0.016129031777381897,0.016935483552515507,0.016129031777381897,0.0,0.001612903201021254,0.0,0.0
0.01137767487834418,0.15682292843865964,0.2165347401153036,-0.41344695168899126,0.19243406119159878,0.37121466983863816,0.2933319142506837,-0.08290808486938483,-0.019147485494613647,0.17459999442100538,-0.19560000462965532,0.06787499561905863,-0.022500001676380665,0.15147000253200538,0.009677419438958168,0.016935483552515507,0.009677419438958168,0.012903225608170033,0.009677419438958168,0.01532258023507893,0.017741935327649117,0.01532258023507893,0.0,0.001612903201021254,0.0,0.0
0.005743810855503351,0.15718809250214105,0.23754021016041638,-0.41446771598329857,0.17046490366917133,0.3718901107411584,0.3060582135948654,-0.0662760543823242,-0.013443746566772496,0.1751399874687195,-0.18399273438887165,0.03529499966651195,-0.02025000147521494,0.15427500844001785,0.009677419438958168,0.016935483552515507,0.009677419438958168,0.012903225608170033,0.009677419438958168,0.01532258023507893,0.016129031777381897,0.016129031777381897,0.001612903201021254,0.000806451600510627,0.0,0.0
-0.00019908638023002911,0.15783568742734466,0.25911509567162583,-0.41559533747094174,0.1482129903443271,0.37304726630224627,0.3189540133553589,-0.09327605438232422,-0.023534989356994607,0.16685999393463147,-0.18855273550206963,0.07058999866247173,-0.02025000147521494,0.14866500467062005,0.010483870981261134,0.016129031777381897,0.009677419438958168,0.012903225608170033,0.009677419438958168,0.014516128692775965,0.016129031777381897,0.01532258023507893,0.000806451600510627,0.0,0.0,0.0
-0.00631471624426605,0.15818705386346787,0.2811690805339896,-0.41668921444059687,0.12504374452410227,0.37412587900100436,0.33220462253914984,-0.0452160530090332,-0.02002499699592586,0.1645199918746948,-0.1706236449154941,0.07330499634146692,-0.018000000938773186,0.15427500575780873,0.009677419438958168,0.016129031777381897,0.009677419438958168,0.012903225608170033,0.00887096778023988,0.014516128692775965,0.016129031777381897,0.01532258023507893,0.000806451600510627,0.001612903201021254,0.0,0.0
-0.012325603982629163,0.1584419551734616,0.3039770379259926,-0.41783933316748345,0.10126819279746602,0.37508930082799996,0.3463661499912446,-0.06616806221008298,-0.015856865644454987,0.14849999427795424,-0.16855091571807868,0.03529499966651195,-0.011250001005828403,0.14866500198841093,0.0112903225235641,0.016129031777381897,0.009677419438958168,0.012903225608170033,0.009677419438958168,0.01532258023507893,0.016129031777381897,0.016129031777381897,0.0,0.000806451600510627,0.0,0.0
-0.01851977046721187,0.1587244254569763,0.3270284848075101,-0.4189472705764465,0.07715016787570894,0.3758694638824843,0.36039527923376824,-0.05698804092407228,-0.021121870279312116,0.154979989528656,-0.16658182707699865,0.08416499912738806,-0.022500001676380665,0.14866500198841093,0.009677419438958168,0.016129031777381897,0.009677419438958168,0.012903225608170033,0.009677419438958168,0.014516128692775965,0.016129031777381897,0.016129031777381897,0.0,0.000806451600510627,0.0,0.0
-0.025022890269854714,0.15899312439432778,0.3500838415424029,-0.4200861366610794,0.053057297842028506,0.37652396110362585,0.3744879660817416,-0.041112024307250916,-0.02594811916351314,0.1459799981117248,-0.15518183404749086,0.0814499974250793,-0.013500000871717877,0.15708000630140317,0.009677419438958168,0.016129031777381897,0.009677419438958168,0.012903225608170033,0.00887096778023988,0.013709677150472999,0.016129031777381897,0.01532258023507893,0.000806451600510627,0.000806451600510627,0.0,0.0
-0.031546902571248925,0.15922046987139782,0.37367721507414065,-0.4212615631060181,0.028376949119262473,0.37737219081050244,0.3886971516365868,-0.062496036529541055,-0.02594811916351314,0.1366199988126756,-0.15590728282928468,0.03800999969244001,-0.013500001206994017,0.1458600041270256,0.009677419438958168,0.016129031777381897,0.009677419438958168,0.012903225608170033,0.00887096778023988,0.013709677150472999,0.016129031777381897,0.014516128692775965,0.000806451600510627,0.001612903201021254,0.0,0.0
-0.03793485397255125,0.15942025951554373,0.3974629803564528,-0.42241167915115,0.0038096835427031683,0.37814711700837467,0.40305993810504537,-0.05007606124877928,-0.026825609207153267,0.13697999596595756,-0.15000000910325484,0.09230999886989599,-0.0157500010728836,0.15147000253200538,0.009677419438958168,0.016129031777381897,0.009677419438958168,0.012903225608170033,0.008064516121521592,0.013709677150472999,0.016129031777381897,0.01532258023507893,0.000806451600510627,0.001612903201021254,0.0,0.0
-0.04440653515852511,0.15964761813321082,0.42112311351105414,-0.42355055059929214,-0.0211031351747768,0.37892204445460387,0.4172744268612355,-0.02998810958862308,-0.022657488584518437,0.1380599927902223,-0.13652727907354179,0.07873499974608411,-0.0202500011399388,0.16269001007080097,0.009677419438958168,0.016129031777381897,0.009677419438958168,0.012903225608170033,0.00887096778023988,0.013709677150472999,0.016129031777381897,0.016129031777381897,0.000806451600510627,0.000806451600510627,0.0,0.0
-0.050988151634298595,0.15994387290348644,0.4450973831609867,-0.42468661156862536,-0.04590601061297528,0.37957130606748934,0.4319337784502236,-0.026964054107666002,-0.015856854915618834,0.12473999619483955,-0.13569819753820245,0.04615499809384338,-0.002250000201165614,0.1514700078964234,0.009677419438958168,0.016129031777381897,0.009677419438958168,0.012903225608170033,0.00887096778023988,0.013709677150472999,0.016129031777381897,0.013709677150472999,0.0,0.001612903201021254,0.0,0.0
-0.05743890037410471,0.16023321571948534,0.46864754607180015,-0.42594639796765654,-0.07053922537918855,0.3804666599937364,0.4462277041118886,-0.029016059875488276,-0.021779987812042267,0.12311999559402464,-0.13372910499572754,0.09230999350547786,-0.009000000804662789,0.15147000521421428,0.009677419438958168,0.016129031777381897,0.009677419438958168,0.012903225608170033,0.008064516121521592,0.012903225608170033,0.016129031777381897,0.014516128692775965,0.000806451600510627,0.001612903201021254,0.0,0.0
-0.06365395935743878,0.16044680299098923,0.4920445580784635,-0.4270627694948006,-0.09503422607956835,0.381670937277481,0.46025154025440396,-0.028584022521972674,-0.01892811298370356,0.11825999379158014,-0.13300364060835412,0.05972999788820743,-0.006750000603497064,0.14866500467062005,0.009677419438958168,0.016129031777381897,0.009677419438958168,0.012903225608170033,0.00887096778023988,0.012903225608170033,0.016129031777381897,0.012903225608170033,0.0,0.001612903201021254,0.0,0.0
-0.07013614671391366,0.16068103414114032,0.5156261271486694,-0.42823819325798473,-0.11950096797762133,0.38267624521887755,0.4745348746653836,-0.018756065368652375,-0.01827000617980956,0.11105999708175662,-0.12263999852267182,0.05158499881625167,-0.004500000402331339,0.14866500467062005,0.009677419438958168,0.016129031777381897,0.009677419438958168,0.012096774065867066,0.00887096778023988,0.013709677150472999,0.01532258023507893,0.014516128692775965,0.0,0.000806451600510627,0.0,0.0
-0.07646126082929539,0.16093593545113383,0.5385519119419139,-0.4293714410667547,-0.14347131728798201,0.3833726335478468,0.48882350722704027,-0.019728012084961,-0.0230962336063385,0.1065599942207337,-0.12201818639581863,0.09773999691009527,-0.009000000804662789,0.14866500467062005,0.009677419438958168,0.016129031777381897,0.009677419438958168,0.012903225608170033,0.00887096778023988,0.012903225608170033,0.016129031777381897,0.01532258023507893,0.0,0.002419354801531881,0.0,0.0
-0.08255064524078892,0.16115640839571965,0.561293117201194,-0.43053843071175785,-0.1671871935667022,0.3838595788212432,0.5022065247217377,-0.019944065093994157,-0.01739249467849735,0.0968399941921233,-0.12098183545199315,0.05701499953866007,-0.009000000804662789,0.14866500198841093,0.009677419438958168,0.016129031777381897,0.009677419438958168,0.0112903225235641,0.007258064462803304,0.012903225608170033,0.016129031777381897,0.014516128692775965,0.000806451600510627,0.003225806402042508,0.0,0.0
-0.08854583364452606,0.16127353054109406,0.583535591450897,-0.43157606592418174,-0.1901930824172421,0.38449836796926096,0.5153035531945872,-0.008928039550781253,-0.02594811916351314,0.0939599955081939,-0.11165455211292619,0.04886999946087611,-0.006750000268220924,0.14305500358343137,0.009677419438958168,0.016129031777381897,0.009677419438958168,0.012903225608170033,0.007258064462803304,0.012903225608170033,0.016129031777381897,0.01532258023507893,0.0,0.003225806402042508,0.0,0.0
-0.09465103723289425,0.16136996938602877,0.6054246434180007,-0.43260245653961593,-0.21302303685405877,0.3854408473632348,0.5289778477604737,-0.0232920455932617,-0.030554995536804186,0.08783999562263489,-0.11517819838090382,0.09230999886989599,-0.004500000402331339,0.1458600014448167,0.010483870981261134,0.016129031777381897,0.009677419438958168,0.0112903225235641,0.007258064462803304,0.012903225608170033,0.01532258023507893,0.014516128692775965,0.0,0.000806451600510627,0.0,0.0
-0.10049957867120662,0.16143197986555535,0.6263280078669199,-0.4335697922372554,-0.2350016139772616,0.3861320000839482,0.5419477711237614,0.015479942321777296,-0.03362623214721683,0.0845999979972839,-0.1035709164359353,0.05972999721765526,-0.002250000201165614,0.14025000303983692,0.010483870981261134,0.01532258023507893,0.009677419438958168,0.012903225608170033,0.008064516121521592,0.013709677150472999,0.016129031777381897,0.013709677150472999,0.000806451600510627,0.000806451600510627,0.0,0.0
-0.10587178711694722,0.16145954883907676,0.6467130246281202,-0.4345961801709349,-0.2562450667605449,0.3867289018692083,0.5541338914296435,0.002843914031982364,-0.026167491674423227,0.08333999633789058,-0.10243092883716931,0.04615499742329121,-0.004500000402331339,0.15146999984979626,0.010483870981261134,0.01532258023507893,0.00887096778023988,0.0112903225235641,0.007258064462803304,0.013709677150472999,0.01532258023507893,0.013709677150472999,0.001612903201021254,0.001612903201021254,0.0,0.0
-0.11117580532297655,0.16149397720448466,0.666591445732149,-0.43555226858983,-0.2767628088125721,0.3874671750642217,0.565959883958879,0.0021959609985351403,-0.02156061530113218,0.07199999749660502,-0.1068872893940318,0.07601999804377568,0.004500000402331228,0.13464000463485737,0.010483870981261134,0.016129031777381897,0.00887096778023988,0.012096774065867066,0.007258064462803304,0.012903225608170033,0.01532258023507893,0.013709677150472999,0.0,0.002419354801531881,0.0,0.0
-0.1164903296995059,0.16158354351693538,0.6854292204115918,-0.43636775529740135,-0.29648258724138843,0.3880954954924417,0.577330407252627,0.007055934906005867,-0.02923873901367191,0.07451999723911285,-0.09787091601978648,0.08959499716758734,0.0,0.14305500626564027,0.009677419438958168,0.016129031777381897,0.00887096778023988,0.0112903225235641,0.007258064462803304,0.013709677150472999,0.016129031777381897,0.01532258023507893,0.0,0.002419354801531881,0.0,0.0
-0.12150117381693304,0.16162489697721727,0.7032616834045676,-0.43722261016233277,-0.3151342236886152,0.38858767762245094,0.5882984478683223,0.020987972259521537,-0.03011623978614808,0.07181999981403342,-0.10077274235812095,0.04343999907374374,-0.002250000201165614,0.1374450051784516,0.009677419438958168,0.016129031777381897,0.009677419438958168,0.010483870981261134,0.007258064462803304,0.012903225608170033,0.016129031777381897,0.013709677150472999,0.000806451600510627,0.001612903201021254,0.0,0.0
-0.13904703781636774,0.16178335944227606,0.767837123230379,-0.44046205975337505,-0.38251510277899825,0.39071348687372,0.627181747407474,0.03059994506835939,-0.03384562611579889,0.06227999746799473,-0.09476183197715071,0.06787499830126764,-0.002250000201165614,0.14866500198841093,0.009677419438958168,0.016129031777381897,0.00887096778023988,0.0112903225235641,0.007258064462803304,0.012903225608170033,0.016129031777381897,0.013709677150472999,0.0,0.001612903201021254,0.0,0.0
-0.15324698611705967,0.16191426607441117,0.8206158819079269,-0.443049121587413,-0.4374175784618839,0.3923837632527686,0.6591643445835674,0.032327957153320375,-0.029677494764328016,0.05075999826192856,-0.09320728995583272,0.0814499974250793,0.0,0.13464000463485737,0.009677419438958168,0.016129031777381897,0.00887096778023988,0.012903225608170033,0.006451612804085016,0.012903225608170033,0.01532258023507893,0.014516128692775965,0.000806451600510627,0.001612903201021254,0.0,0.0
-0.15329931723247936,0.1619211517474929,0.8208004520792153,-0.44305756106910316,-0.43759978661734494,0.3923994775676759,0.6597098343992139,0.03826795578002917,-0.03209061384201051,0.05111999720335003,-0.08906183156100189,0.07601999670267101,0.002250000201165614,0.14305500358343137,0.009677419438958168,0.016129031777381897,0.00887096778023988,0.012096774065867066,0.006451612804085016,0.012903225608170033,0.016129031777381897,0.013709677150472999,0.000806451600510627,0.001612903201021254,0.0,0.0
-0.15332024967864732,0.1619211517474929,0.820804378785407,-0.44306037154791195,-0.43762177467399,0.392425658105667,0.6598528263848039,0.03686393737792981,-0.0327487421035767,0.05039999753236779,-0.0908236468922008,0.07601999670267101,-0.004500000402331339,0.14305500358343137,0.009677419438958168,0.01532258023507893,0.00887096778023988,0.012903225608170033,0.007258064462803304,0.012903225608170033,0.01532258023507893,0.012903225608170033,0.0,0.001612903201021254,0.0,0.0
-0.15332024967864732,0.1619280374205746,0.8208083054915986,-0.44306318202672074,-0.43762491753697147,0.392425658105667,0.6599163789395847,0.03545991897583012,-0.0316518580913544,0.04967999696731562,-0.09134183016690345,0.08416499644517894,0.002250000201165614,0.1374450051784516,0.009677419438958168,0.016129031777381897,0.00887096778023988,0.012096774065867066,0.006451612804085016,0.013709677150472999,0.016129031777381897,0.012903225608170033,0.0,0.000806451600510627,0.0,0.0
-0.15332024967864732,0.1619211517474929,0.8208161589039819,-0.44306037154791195,-0.43763434612591584,0.392425658105667,0.6599322658156129,0.03718796539306646,-0.03252935886383057,0.04985999733209601,-0.09051273692737927,0.0814499974250793,0.0,0.1374450051784516,0.009677419438958168,0.016129031777381897,0.008064516121521592,0.012096774065867066,0.007258064462803304,0.012903225608170033,0.013709677150472999,0.013709677150472999,0.0,0.001612903201021254,0.0,0.0
-0.15332024967864732,0.1619349230936561,0.8208122321977903,-0.4430688029843384,-0.4376406258597662,0.39243089371392237,0.6599481526916412,0.03707988739013668,-0.0327487421035767,0.04985999733209601,-0.09061637358231978,0.08144999474287029,0.0,0.13464000463485737,0.010483870981261134,0.016129031777381897,0.00887096778023988,0.0112903225235641,0.007258064462803304,0.012903225608170033,0.01532258023507893,0.012903225608170033,0.0,0.003225806402042508,0.0,0.0
-0.15332024967864732,0.1619349230936561,0.8208122321977903,-0.4430688029843384,-0.4376406258597662,0.39243089371392237,0.6599481526916412,0.03707988739013668,-0.0327487421035767,0.04985999733209601,-0.09061637358231978,0.08144999474287029,0.0,0.13464000463485737,0.009677419438958168,0.016129031777381897,0.00887096778023988,0.012096774065867066,0.008064516121521592,0.012903225608170033,0.014516128692775965,0.013709677150472999,0.000806451600510627,0.001612903201021254,0.0,0.0
-0.15332024967864732,0.1619349230936561,0.8208122321977903,-0.4430688029843384,-0.4376406258597662,0.39243089371392237,0.6599481526916412,0.03707988739013668,-0.0327487421035767,0.04985999733209601,-0.09061637358231978,0.08144999474287029,0.0,0.13464000463485737,0.009677419438958168,0.01532258023507893,0.00887096778023988,0.012096774065867066,0.006451612804085016,0.012903225608170033,0.016129031777381897,0.012903225608170033,0.0,0.001612903201021254,0.0,0.0
-0.15332024967864732,0.1619349230936561,0.8208122321977903,-0.4430688029843384,-0.4376406258597662,0.39243089371392237,0.6599481526916412,0.03707988739013668,-0.0327487421035767,0.04985999733209601,-0.09061637358231978,0.08144999474287029,0.0,0.13464000463485737,0.009677419438958168,0.01532258023507893,0.008064516121521592,0.0112903225235641,0.007258064462803304,0.012903225608170033,0.016129031777381897,0.013709677150472999,0.0,0.000806451600510627,0.0,0.0
-0.15332024967864732,0.1619349230936561,0.8208122321977903,-0.4430688029843384,-0.4376406258597662,0.39243089371392237,0.6599481526916412,0.03707988739013668,-0.0327487421035767,0.04985999733209601,-0.09061637358231978,0.08144999474287029,0.0,0.13464000463485737,0.010483870981261134,0.01532258023507893,0.008064516121521592,0.012096774065867066,0.006451612804085016,0.012903225608170033,0.01532258023507893,0.012903225608170033,0.0,0.002419354801531881,0.0,0.0
-0.15332024967864732,0.1619349230936561,0.8208122321977903,-0.4430688029843384,-0.4376406258597662,0.39243089371392237,0.6599481526916412,0.03707988739013668,-0.0327487421035767,0.04985999733209601,-0.09061637358231978,0.08144999474287029,0.0,0.13464000463485737,0.009677419438958168,0.014516128692775965,0.00887096778023988,0.012096774065867066,0.006451612804085016,0.012903225608170033,0.016129031777381897,0.013709677150472999,0.000806451600510627,0.002419354801531881,0.0,0.0
-0.15332024967864732,0.1619349230936561,0.8208122321977903,-0.4430688029843384,-0.4376406258597662,0.39243089371392237,0.6599481526916412,0.03707988739013668,-0.0327487421035767,0.04985999733209601,-0.09061637358231978,0.08144999474287029,0.0,0.13464000463485737,0.009677419438958168,0.016129031777381897,0.00887096778023988,0.0112903225235641,0.007258064462803304,0.012903225608170033,0.016129031777381897,0.012903225608170033,0.0,0.000806451600510627,0.0,0.0
-0.15332024967864732,0.1619349230936561,0.8208122321977903,-0.4430688029843384,-0.4376406258597662,0.39243089371392237,0.6599481526916412,0.03707988739013668,-0.0327487421035767,0.04985999733209601,-0.09061637358231978,0.08144999474287029,0.0,0.13464000463485737,0.010483870864845812,0.01532258023507893,0.008064516121521592,0.0112903225235641,0.006451612804085016,0.012903225608170033,0.01532258023507893,0.012903225608170033,0.0,0.001612903201021254,0.0,0.0
-0.15332024967864732,0.1619349230936561,0.8208122321977903,-0.4430688029843384,-0.4376406258597662,0.39243089371392237,0.6599481526916412,0.03707988739013668,-0.0327487421035767,0.04985999733209601,-0.09061637358231978,0.08144999474287029,0.0,0.13464000463485737,0.010483870981261134,0.016129031777381897,0.009677419438958168,0.0112903225235641,0.007258064462803304,0.012903225608170033,0.01532258023507893,0.012903225608170033,0.0,0.002419354801531881,0.0,0.0
-0.15332024967864732,0.1619349230936561,0.8208122321977903,-0.4430688029843384,-0.4376406258597662,0.39243089371392237,0.6599481526916412,0.03707988739013668,-0.0327487421035767,0.04985999733209601,-0.09061637358231978,0.08144999474287029,0.0,0.13464000463485737,0.010483870981261134,0.016129031777381897,0.009677419438958168,0.012096774065867066,0.006451612804085016,0.012903225608170033,0.014516128692775965,0.013709677150472999,0.000806451600510627,0.000806451600510627,0.0,0.0
-0.15332024967864732,0.1619349230936561,0.8208122321977903,-0.4430688029843384,-0.4376406258597662,0.39243089371392237,0.6599481526916412,0.03707988739013668,-0.0327487421035767,0.04985999733209601,-0.09061637358231978,0.08144999474287029,0.0,0.13464000463485737,0.010483870981261134,0.014516128692775965,0.007258064462803304,0.010483870981261134,0.006451612804085016,0.012903225608170033,0.014516128692775965,0.012903225608170033,0.0,0.002419354801531881,0.0,0.0
-0.15332024967864732,0.1619349230936561,0.8208122321977903,-0.4430688029843384,-0.4376406258597662,0.39243089371392237,0.6599481526916412,0.03707988739013668,-0.0327487421035767,0.04985999733209601,-0.09061637358231978,0.08144999474287029,0.0,0.13464000463485737,0.009677419438958168,0.016129031777381897,0.00887096778023988,0.0112903225235641,0.007258064462803304,0.012903225608170033,0.01532258023507893,0.012903225608170033,0.000806451600510627,0.001612903201021254,0.0,0.0
-0.15332024967864732,0.1619349230936561,0.8208122321977903,-0.4430688029843384,-0.4376406258597662,0.39243089371392237,0.6599481526916412,0.03707988739013668,-0.0327487421035767,0.04985999733209601,-0.09061637358231978,0.08144999474287029,0.0,0.13464000463485737,0.009677419438958168,0.016129031777381897,0.008064516121521592,0.010483870981261134,0.008064516121521592,0.012903225608170033,0.01532258023507893,0.012903225608170033,0.0,0.001612903201021254,0.0,0.0
-0.15332024967864732,0.1619349230936561,0.8208122321977903,-0.4430688029843384,-0.4376406258597662,0.39243089371392237,0.6599481526916412,0.03707988739013668,-0.0327487421035767,0.04985999733209601,-0.09061637358231978,0.08144999474287029,0.0,0.13464000463485737,0.009677419322542846,0.016129031777381897,0.00887096778023988,0.0112903225235641,0.006451612804085016,0.012903225608170033,0.014516128692775965,0.013709677150472999,0.000806451600510627,0.001612903201021254,0.0,0.0
-0.15332024967864732,0.1619349230936561,0.8208122321977903,-0.4430688029843384,-0.4376406258597662,0.39243089371392237,0.6599481526916412,0.03707988739013668,-0.0327487421035767,0.04985999733209601,-0.09061637358231978,0.08144999474287029,0.0,0.13464000463485737,0.00887096778023988,0.016129031777381897,0.00887096778023988,0.012096774065867066,0.006451612804085016,0.012903225608170033,0.013709677150472999,0.012903225608170033,0.0,0.001612903201021254,0.0,0.0
-0.15332024967864732,0.1619349230936561,0.8208122321977903,-0.4430688029843384,-0.4376406258597662,0.39243089371392237,0.6599481526916412,0.03707988739013668,-0.0327487421035767,0.04985999733209601,-0.09061637358231978,0.08144999474287029,0.0,0.13464000463485737,0.00887096778023988,0.016129031777381897,0.00887096778023988,0.0112903225235641,0.006451612804085016,0.012903225608170033,0.01532258023507893,0.012903225608170033,0.0,0.000806451600510627,0.0,0.0
-0.15332024967864732,0.1619349230936561,0.8208122321977903,-0.4430688029843384,-0.4376406258597662,0.39243089371392237,0.6599481526916412,0.03707988739013668,-0.0327487421035767,0.04985999733209601,-0.09061637358231978,0.08144999474287029,0.0,0.13464000463485737,0.009677419438958168,0.016129031777381897,0.008064516121521592,0.012096774065867066,0.006451612804085016,0.012903225608170033,0.014516128692775965,0.013709677150472999,0.0,0.001612903201021254,0.0,0.0
-0.15332024967864732,0.1619349230936561,0.8208122321977903,-0.4430688029843384,-0.4376406258597662,0.39243089371392237,0.6599481526916412,0.03707988739013668,-0.0327487421035767,0.04985999733209601,-0.09061637358231978,0.08144999474287029,0.0,0.13464000463485737,0.009677419438958168,0.016129031777381897,0.008064516121521592,0.0112903225235641,0.006451612804085016,0.012903225608170033,0.01532258023507893,0.012903225608170033,0.0,0.000806451600510627,0.0,0.0
-0.15332024967864732,0.1619349230936561,0.8208122321977903,-0.4430688029843384,-0.4376406258597662,0.39243089371392237,0.6599481526916412,0.03707988739013668,-0.0327487421035767,0.04985999733209601,-0.09061637358231978,0.08144999474287029,0.0,0.13464000463485737,0.010483870981261134,0.016129031777381897,0.00887096778023988,0.012903225608170033,0.006451612804085016,0.012903225608170033,0.01532258023507893,0.012903225608170033,0.0,0.0,0.0,0.0
-0.15332024967864732,0.1619349230936561,0.8208122321977903,-0.4430688029843384,-0.4376406258597662,0.39243089371392237,0.6599481526916412,0.03707988739013668,-0.0327487421035767,0.04985999733209601,-0.09061637358231978,0.08144999474287029,0.0,0.13464000463485737,0.009677419438958168,0.016129031777381897,0.00887096778023988,0.0112903225235641,0.006451612804085016,0.012903225608170033,0.01532258023507893,0.012903225608170033,0.0,0.0,0.0,0.0
-0.15332024967864732,0.1619349230936561,0.8208122321977903,-0.4430688029843384,-0.4376406258597662,0.39243089371392237,0.6599481526916412,0.03707988739013668,-0.0327487421035767,0.04985999733209601,-0.09061637358231978,0.08144999474287029,0.0,0.13464000463485737,0.009677419438958168,0.016129031777381897,0.00887096778023988,0.010483870981261134,0.006451612804085016,0.012903225608170033,0.014516128692775965,0.012903225608170033,0.0,0.000806451600510627,0.0,0.0
-0.15332024967864732,0.1619349230936561,0.8208122321977903,-0.4430688029843384,-0.4376406258597662,0.39243089371392237,0.6599481526916412,0.03707988739013668,-0.0327487421035767,0.04985999733209601,-0.09061637358231978,0.08144999474287029,0.0,0.13464000463485737,0.009677419438958168,0.016129031777381897,0.008064516121521592,0.012903225608170033,0.006451612804085016,0.012903225608170033,0.013709677150472999,0.013709677150472999,0.0,0.0,0.0,0.0
-0.15332024967864732,0.1619349230936561,0.8208122321977903,-0.4430688029843384,-0.4376406258597662,0.39243089371392237,0.6599481526916412,0.03707988739013668,-0.0327487421035767,0.04985999733209601,-0.09061637358231978,0.08144999474287029,0.0,0.13464000463485737,0.009677419438958168,0.016129031777381897,0.008064516121521592,0.012096774065867066,0.006451612804085016,0.012903225608170033,0.014516128692775965,0.012903225608170033,0.000806451600510627,0.0,0.0,0.0
-0.15332024967864732,0.1619349230936561,0.8208122321977903,-0.4430688029843384,-0.4376406258597662,0.39243089371392237,0.6599481526916412,0.03707988739013668,-0.0327487421035767,0.04985999733209601,-0.09061637358231978,0.08144999474287029,0.0,0.13464000463485737,0.00887096778023988,0.01532258023507893,0.00887096778023988,0.012096774065867066,0.007258064462803304,0.012903225608170033,0.013709677150472999,0.012903225608170033,0.0,0.000806451600510627,0.0,0.0
-0.15332024967864732,0.1619349230936561,0.8208122321977903,-0.4430688029843384,-0.4376406258597662,0.39243089371392237,0.6599481526916412,0.03707988739013668,-0.0327487421035767,0.04985999733209601,-0.09061637358231978,0.08144999474287029,0.0,0.13464000463485737,0.009677419438958168,0.016129031777381897,0.00887096778023988,0.012096774065867066,0.006451612804085016,0.012903225608170033,0.014516128692775965,0.012903225608170033,0.0,0.001612903201021254,0.0,0.0
-0.15332024967864732,0.1619349230936561,0.8208122321977903,-0.4430688029843384,-0.4376406258597662,0.39243089371392237,0.6599481526916412,0.03707988739013668,-0.0327487421035767,0.04985999733209601,-0.09061637358231978,0.08144999474287029,0.0,0.13464000463485737,0.009677419438958168,0.016129031777381897,0.008064516121521592,0.010483870981261134,0.006451612804085016,0.012903225608170033,0.013709677150472999,0.013709677150472999,0.0,0.000806451600510627,0.0,0.0
-0.15332024967864732,0.1619349230936561,0.8208122321977903,-0.4430688029843384,-0.4376406258597662,0.39243089371392237,0.6599481526916412,0.03707988739013668,-0.0327487421035767,0.04985999733209601,-0.09061637358231978,0.08144999474287029,0.0,0.13464000463485737,0.009677419438958168,0.016129031777381897,0.008064516121521592,0.0112903225235641,0.006451612804085016,0.012903225608170033,0.013709677150472999,0.012903225608170033,0.000806451600510627,0.0,0.0,0.0
-0.15332024967864732,0.1619349230936561,0.8208122321977903,-0.4430688029843384,-0.4376406258597662,0.39243089371392237,0.6599481526916412,0.03707988739013668,-0.0327487421035767,0.04985999733209601,-0.09061637358231978,0.08144999474287029,0.0,0.13464000463485737,0.009677419438958168,0.016129031777381897,0.007258064462803304,0.0112903225235641,0.007258064462803304,0.012903225608170033,0.014516128692775965,0.012903225608170033,0.0,0.000806451600510627,0.0,0.0
-0.15332024967864732,0.1619349230936561,0.8208122321977903,-0.4430688029843384,-0.4376406258597662,0.39243089371392237,0.6599481526916412,0.03707988739013668,-0.0327487421035767,0.04985999733209601,-0.09061637358231978,0.08144999474287029,0.0,0.13464000463485737,0.009677419438958168,0.016129031777381897,0.008064516121521592,0.010483870981261134,0.006451612804085016,0.012903225608170033,0.012903225608170033,0.013709677150472999,0.0,0.001612903201021254,0.0,0.0
-0.15332024967864732,0.1619349230936561,0.8208122321977903,-0.4430688029843384,-0.4376406258597662,0.39243089371392237,0.6599481526916412,0.03707988739013668,-0.0327487421035767,0.04985999733209601,-0.09061637358231978,0.08144999474287029,0.0,0.13464000463485737,0.009677419438958168,0.016129031777381897,0.00887096778023988,0.012096774065867066,0.006451612804085016,0.012903225608170033,0.013709677150472999,0.012903225608170033,0.0,0.001612903201021254,0.0,0.0
-0.15332024967864732,0.1619349230936561,0.8208122321977903,-0.4430688029843384,-0.4376406258597662,0.39243089371392237,0.6599481526916412,0.03707988739013668,-0.0327487421035767,0.04985999733209601,-0.09061637358231978,0.08144999474287029,0.0,0.13464000463485737,0.009677419438958168,0.016129031777381897,0.008064516121521592,0.012096774065867066,0.006451612804085016,0.012903225608170033,0.013709677150472999,0.012903225608170033,0.0,0.000806451600510627,0.0,0.0
-0.15332024967864732,0.1619349230936561,0.8208122321977903,-0.4430688029843384,-0.4376406258597662,0.39243089371392237,0.6599481526916412,0.03707988739013668,-0.0327487421035767,0.04985999733209601,-0.09061637358231978,0.08144999474287029,0.0,0.13464000463485737,0.009677419438958168,0.016129031777381897,0.00887096778023988,0.012096774065867066,0.006451612804085016,0.012903225608170033,0.013709677150472999,0.012903225608170033,0.0,0.002419354801531881,0.0,0.0
-0.15332024967864732,0.1619349230936561,0.8208122321977903,-0.4430688029843384,-0.4376406258597662,0.39243089371392237,0.6599481526916412,0.03707988739013668,-0.0327487421035767,0.04985999733209601,-0.09061637358231978,0.08144999474287029,0.0,0.13464000463485737,0.009677419438958168,0.016129031777381897,0.007258064462803304,0.010483870981261134,0.006451612804085016,0.012903225608170033,0.013709677150472999,0.012903225608170033,0.0,0.0,0.0,0.0
-0.15332024967864732,0.1619349230936561,0.8208122321977903,-0.4430688029843384,-0.4376406258597662,0.39243089371392237,0.6599481526916412,0.03707988739013668,-0.0327487421035767,0.04985999733209601,-0.09061637358231978,0.08144999474287029,0.0,0.13464000463485737,0.009677419438958168,0.016129031777381897,0.007258064462803304,0.010483870981261134,0.006451612804085016,0.012903225608170033,0.013709677150472999,0.012903225608170033,0.000806451600510627,0.001612903201021254,0.0,0.0
-0.15332024967864732,0.1619349230936561,0.8208122321977903,-0.4430688029843384,-0.4376406258597662,0.39243089371392237,0.6599481526916412,0.03707988739013668,-0.0327487421035767,0.04985999733209601,-0.09061637358231978,0.08144999474287029,0.0,0.13464000463485737,0.009677419438958168,0.016129031777381897,0.008064516121521592,0.0112903225235641,0.006451612804085016,0.012903225608170033,0.012903225608170033,0.012903225608170033,0.0,0.0,0.0,0.0
-0.15332024967864732,0.1619349230936561,0.8208122321977903,-0.4430688029843384,-0.4376406258597662,0.39243089371392237,0.6599481526916412,0.03707988739013668,-0.0327487421035767,0.04985999733209601,-0.09061637358231978,0.08144999474287029,0.0,0.13464000463485737,0.009677419438958168,0.01532258023507893,0.008064516121521592,0.009677419438958168,0.006451612804085016,0.012903225608170033,0.012903225608170033,0.012903225608170033,0.0,0.000806451600510627,0.0,0.0
-0.15332024967864732,0.1619349230936561,0.8208122321977903,-0.4430688029843384,-0.4376406258597662,0.39243089371392237,0.6599481526916412,0.03707988739013668,-0.0327487421035767,0.04985999733209601,-0.09061637358231978,0.08144999474287029,0.0,0.13464000463485737,0.009677419438958168,0.016129031777381897,0.00887096778023988,0.010483870981261134,0.006451612804085016,0.012903225608170033,0.013709677150472999,0.012903225608170033,0.0,0.0,0.0,0.0
-0.15332024967864732,0.1619349230936561,0.8208122321977903,-0.4430688029843384,-0.4376406258597662,0.39243089371392237,0.6599481526916412,0.03707988739013668,-0.0327487421035767,0.04985999733209601,-0.09061637358231978,0.08144999474287029,0.0,0.13464000463485737,0.009677419438958168,0.016129031777381897,0.008064516121521592,0.009677419438958168,0.006451612804085016,0.012903225608170033,0.014516128692775965,0.012903225608170033,0.0,0.001612903201021254,0.0,0.0
-0.15332024967864732,0.1619349230936561,0.8208122321977903,-0.4430688029843384,-0.4376406258597662,0.39243089371392237,0.6599481526916412,0.03707988739013668,-0.0327487421035767,0.04985999733209601,-0.09061637358231978,0.08144999474287029,0.0,0.13464000463485737,0.009677419438958168,0.016129031777381897,0.008064516121521592,0.012903225608170033,0.006451612804085016,0.012903225608170033,0.014516128692775965,0.012903225608170033,0.0,0.0,0.0,0.0
-0.15332024967864732,0.1619349230936561,0.8208122321977903,-0.4430688029843384,-0.4376406258597662,0.39243089371392237,0.6599481526916412,0.03707988739013668,-0.0327487421035767,0.04985999733209601,-0.09061637358231978,0.08144999474287029,0.0,0.13464000463485737,0.009677419438958168,0.016129031777381897,0.008064516121521592,0.012903225608170033,0.006451612804085016,0.012903225608170033,0.014516128692775965,0.012903225608170033,0.0,0.0,0.0,0.0
-0.15332024967864732,0.1619349230936561,0.8208122321977903,-0.4430688029843384,-0.4376406258597662,0.39243089371392237,0.6599481526916412,0.03707988739013668,-0.0327487421035767,0.04985999733209601,-0.09061637358231978,0.08144999474287029,0.0,0.13464000463485737,0.009677419438958168,0.016129031777381897,0.008064516121521592,0.012903225608170033,0.006451612804085016,0.012903225608170033,0.014516128692775965,0.012903225608170033,0.0,0.0,0.0,0.0
-0.15332024967864732,0.1619349230936561,0.8208122321977903,-0.4430688029843384,-0.4376406258597662,0.39243089371392237,0.6599481526916412,0.03707988739013668,-0.0327487421035767,0.04985999733209601,-0.09061637358231978,0.08144999474287029,0.0,0.13464000463485737,0.009677419438958168,0.016129031777381897,0.008064516121521592,0.012903225608170033,0.006451612804085016,0.012903225608170033,0.014516128692775965,0.012903225608170033,0.0,0.0,0.0,0.0
-0.15332024967864732,0.1619349230936561,0.8208122321977903,-0.4430688029843384,-0.4376406258597662,0.39243089371392237,0.6599481526916412,0.03707988739013668,-0.0327487421035767,0.04985999733209601,-0.09061637358231978,0.08144999474287029,0.0,0.13464000463485737,0.009677419438958168,0.016129031777381897,0.008064516121521592,0.012903225608170033,0.006451612804085016,0.012903225608170033,0.014516128692775965,0.012903225608170033,0.0,0.0,0.0,0.0
-0.15332024967864732,0.1619349230936561,0.8208122321977903,-0.4430688029843384,-0.4376406258597662,0.39243089371392237,0.6599481526916412,0.03707988739013668,-0.0327487421035767,0.04985999733209601,-0.09061637358231978,0.08144999474287029,0.0,0.13464000463485737,0.009677419438958168,0.016129031777381897,0.008064516121521592,0.012903225608170033,0.006451612804085016,0.012903225608170033,0.014516128692775965,0.012903225608170033,0.0,0.0,0.0,0.0
-0.15332024967864732,0.1619349230936561,0.8208122321977903,-0.4430688029843384,-0.4376406258597662,0.39243089371392237,0.6599481526916412,0.03707988739013668,-0.0327487421035767,0.04985999733209601,-0.09061637358231978,0.08144999474287029,0.0,0.13464000463485737,0.009677419438958168,0.016129031777381897,0.008064516121521592,0.012903225608170033,0.006451612804085016,0.012903225608170033,0.014516128692775965,0.012903225608170033,0.0,0.0,0.0,0.0
-0.15332024967864732,0.1619349230936561,0.8208122321977903,-0.4430688029843384,-0.4376406258597662,0.39243089371392237,0.6599481526916412,0.03707988739013668,-0.0327487421035767,0.04985999733209601,-0.09061637358231978,0.08144999474287029,0.0,0.13464000463485737,0.009677419438958168,0.016129031777381897,0.008064516121521592,0.012903225608170033,0.006451612804085016,0.012903225608170033,0.014516128692775965,0.012903225608170033,0.0,0.0,0.0,0.0
-0.15332024967864732,0.1619349230936561,0.8208122321977903,-0.4430688029843384,-0.4376406258597662,0.39243089371392237,0.6599481526916412,0.03707988739013668,-0.0327487421035767,0.04985999733209601,-0.09061637358231978,0.08144999474287029,0.0,0.13464000463485737,0.009677419438958168,0.016129031777381897,0.008064516121521592,0.012903225608170033,0.006451612804085016,0.012903225608170033,0.014516128692775965,0.012903225608170033,0.0,0.0,0.0,0.0
-0.15332024967864732,0.1619349230936561,0.8208122321977903,-0.4430688029843384,-0.4376406258597662,0.39243089371392237,0.6599481526916412,0.03707988739013668,-0.0327487421035767,0.04985999733209601,-0.09061637358231978,0.08144999474287029,0.0,0.13464000463485737,0.009677419438958168,0.016129031777381897,0.008064516121521592,0.012903225608170033,0.006451612804085016,0.012903225608170033,0.014516128692775965,0.012903225608170033,0.0,0.0,0.0,0.0
-0.15332024967864732,0.1619349230936561,0.8208122321977903,-0.4430688029843384,-0.4376406258597662,0.39243089371392237,0.6599481526916412,0.03707988739013668,-0.0327487421035767,0.04985999733209601,-0.09061637358231978,0.08144999474287029,0.0,0.13464000463485737,0.009677419438958168,0.016129031777381897,0.008064516121521592,0.012903225608170033,0.006451612804085016,0.012903225608170033,0.014516128692775965,0.012903225608170033,0.0,0.0,0.0,0.0
-0.15332024967864732,0.1619349230936561,0.8208122321977903,-0.4430688029843384,-0.4376406258597662,0.39243089371392237,0.6599481526916412,0.03707988739013668,-0.0327487421035767,0.04985999733209601,-0.09061637358231978,0.08144999474287029,0.0,0.13464000463485737,0.009677419438958168,0.016129031777381897,0.008064516121521592,0.012903225608170033,0.006451612804085016,0.012903225608170033,0.014516128692775965,0.012903225608170033,0.0,0.0,0.0,0.0
