position0,position1,position2,position3,position4,position5,position6,torque0,torque1,torque2,torque3,torque4,torque5,torque6,tactile0,tactile1,tactile2,tactile3,tactile4,tactile5,tactile6,tactile7,tactile8,tactile9,tactile10,tactile11,tactile12,tactile13,tactile14,tactile15,size0,size1,size2
-0.7666452927974965,-0.33720216296415406,0.35564945410890403,0.08819079266277663,-0.564016134980359,-0.12238303074201828,0.7112741363326308,-0.05337759210438875,0.1687889345081378,-0.32154748372594655,-0.019733727813267432,-0.2629869911674102,0.3306629993413325,-0.1884615398446372,-0.9,-0.9,-0.9,-0.9,-0.7092165769716089,-0.6644859787268158,-0.6937499975329956,-0.691513746071319,-0.8920353979197632,-0.8658767781032882,-0.8735294127761899,-0.8788461536254929,-0.9,-0.9,-0.9,-0.9,-0.10000000000000009,-0.7714285714285715,-0.9
-0.7666452927974965,-0.33720216296415406,0.35564945410890403,0.08818008018097279,-0.564016134980359,-0.12240056034543445,0.7112501507996302,-0.05313820972007122,0.1691003496518052,-0.32043774172588,-0.018676562875722724,-0.2629869911674102,0.3281768140504354,-0.1961538414387366,-0.9,-0.9,-0.9,-0.9,-0.7092165769716089,-0.6644859787268158,-0.6937499975329956,-0.6935779643302339,-0.8920353979197632,-0.8658767781032882,-0.8711229959453226,-0.8769230765814083,-0.9,-0.9,-0.9,-0.9,-0.10000000000000009,-0.7714285714285715,-0.9
-0.7666452927974965,-0.33720216296415406,0.35564945410890403,0.08819079266277663,-0.564016134980359,-0.12238303074201828,0.7112741363326308,-0.05218087041037922,0.17003461031316613,-0.3223797912595233,-0.017267015153027976,-0.2629869911674102,0.33314918463222976,-0.1961538414387366,-0.9,-0.9,-0.9,-0.9,-0.7092165769716089,-0.6644859787268158,-0.6937499975329956,-0.6894495278124042,-0.8920353979197632,-0.8658767781032882,-0.8711229959453226,-0.8769230765814083,-0.9,-0.9,-0.9,-0.9,-0.10000000000000009,-0.7714285714285715,-0.9
-0.7666452927974965,-0.33720216296415406,0.35564945410890403,0.08816936769916883,-0.564016134980359,-0.12234797153518606,0.7112501507996302,-0.053138247765586843,0.17034603307201313,-0.32210235541499765,-0.018676562875722724,-0.26883114498706673,0.3356353728868938,-0.1961538414387366,-0.9,-0.9,-0.9,-0.9,-0.7092165769716089,-0.6644859787268158,-0.6937499975329956,-0.691513746071319,-0.8920353979197632,-0.8658767781032882,-0.8711229959453226,-0.8769230765814083,-0.9,-0.9,-0.9,-0.9,-0.10000000000000009,-0.7714285714285715,-0.9
-0.7666452927974965,-0.33720216296415406,0.35564945410890403,0.08819079266277663,-0.564016134980359,-0.12238303074201828,0.71122616526663,-0.053138247765586843,0.16910035726698458,-0.3212700492594569,-0.01761939130533985,-0.26883114498706673,0.33314918463222976,-0.19615383408316567,-0.9,-0.9,-0.9,-0.9,-0.7092165769716089,-0.6644859787268158,-0.6937499975329956,-0.691513746071319,-0.8920353979197632,-0.8658767781032882,-0.8711229959453226,-0.8769230765814083,-0.9,-0.9,-0.9,-0.9,-0.10000000000000009,-0.7714285714285715,-0.9
-0.7666452927974965,-0.33720216296415406,0.35564945410890403,0.08819079266277663,-0.564016134980359,-0.12234797153518606,0.7112501507996302,-0.053138247765586843,0.17221454677955605,-0.32043774310391604,-0.01620984358264521,-0.26883114498706673,0.33314918463222976,-0.1961538414387366,-0.9,-0.9,-0.9,-0.9,-0.7092165769716089,-0.6644859787268158,-0.6937499975329956,-0.6935779643302339,-0.8920353979197632,-0.8658767781032882,-0.8735294127761899,-0.8788461536254929,-0.9,-0.9,-0.9,-0.9,-0.10000000000000009,-0.7714285714285715,-0.9
-0.7666452927974965,-0.33720216296415406,0.35564945410890403,0.08815865521736499,-0.564016134980359,-0.12236550113860212,0.7112021797336282,-0.051462685211911,0.17003461031316613,-0.3201603086374264,-0.01656222968421417,-0.2629869911674102,0.3306629993413325,-0.1961538414387366,-0.9,-0.9,-0.9,-0.9,-0.7092165769716089,-0.6644859787268158,-0.6937499975329956,-0.6935779643302339,-0.8920353979197632,-0.8658767781032882,-0.8711229959453226,-0.8769230765814083,-0.9,-0.9,-0.9,-0.9,-0.10000000000000009,-0.7714285714285715,-0.9
-0.7666452927974965,-0.33720216296415406,0.35564945410890403,0.08818008018097279,-0.564016134980359,-0.12234797153518606,0.71122616526663,-0.05218079431934797,0.17034602545683375,-0.3201603086374264,-0.018324176774153766,-0.2746753016935094,0.3281768140504354,-0.20769228279652918,-0.9,-0.9,-0.9,-0.9,-0.7092165769716089,-0.6644859787268158,-0.6937499975329956,-0.691513746071319,-0.8920353979197632,-0.8658767781032882,-0.8711229959453226,-0.8788461536254929,-0.9,-0.9,-0.9,-0.9,-0.10000000000000009,-0.7714285714285715,-0.9
-0.7666452927974965,-0.33720216296415406,0.35564945410890403,0.08816936769916883,-0.564016134980359,-0.12236550113860212,0.7112021797336293,-0.05313820972007122,0.17065744821568052,-0.32099261479296726,-0.018324176774153766,-0.2629869911674102,0.3331491875959963,-0.1961538414387366,-0.9,-0.9,-0.9,-0.9,-0.7092165769716089,-0.6644859787268158,-0.6937499975329956,-0.6935779643302339,-0.8920353979197632,-0.8658767781032882,-0.8711229959453226,-0.8769230765814083,-0.9,-0.9,-0.9,-0.9,-0.10000000000000009,-0.7714285714285715,-0.9
-0.7666452927974965,-0.33720216296415406,0.35564945410890403,0.08818008018097279,-0.564016134980359,-0.12238303074201828,0.7111781942006276,-0.05337759210438875,0.1709688709745275,-0.32043774310391604,-0.016914622418621073,-0.26883114498706673,0.3331491875959963,-0.19999998855800083,-0.9,-0.9,-0.9,-0.9,-0.7092165769716089,-0.6644859787268158,-0.6937499975329956,-0.6935779643302339,-0.8920353979197632,-0.8658767781032882,-0.8711229959453226,-0.8769230765814083,-0.9,-0.9,-0.9,-0.9,-0.10000000000000009,-0.7714285714285715,-0.9
-0.7666452927974965,-0.33720216296415406,0.35564945410890403,0.08816936769916883,-0.564016134980359,-0.12238303074201828,0.7111781942006276,-0.05457438988942953,0.17065744060050114,-0.3212700492594569,-0.01726700852018992,-0.26883114498706673,0.33314918463222976,-0.20384613567726506,-0.9,-0.9,-0.9,-0.9,-0.7112903125378117,-0.6644859787268158,-0.6937499975329956,-0.6935779643302339,-0.8920353979197632,-0.8658767781032882,-0.8711229959453226,-0.8788461536254929,-0.9,-0.9,-0.9,-0.9,-0.10000000000000009,-0.7714285714285715,-0.9
-0.7671943708287873,-0.33720216296415406,0.35564945410890403,0.08816936769916883,-0.564016134980359,-0.12240056034543445,0.7111062376016261,-0.05242021474918113,0.16972319516949874,-0.31905056663736,-0.013743124289567699,-0.26883114498706673,0.3356353728868938,-0.21153844462693516,-0.9,-0.9,-0.9,-0.9,-0.7112903125378117,-0.6644859787268158,-0.6937499975329956,-0.691513746071319,-0.8920353979197632,-0.8658767781032882,-0.8711229959453226,-0.8769230765814083,-0.9,-0.9,-0.9,-0.9,-0.10000000000000009,-0.7714285714285715,-0.9
-0.7676278534850689,-0.33727663983953904,0.35560833678791737,0.08814794273556092,-0.564016134980359,-0.12238303074201828,0.7110822520686259,-0.056010570058787956,0.1666089980417481,-0.3176633915488398,-0.01092401889492145,-0.2629869911674102,0.3356353728868938,-0.21153843727136434,-0.9,-0.9,-0.9,-0.9,-0.7092165769716089,-0.6665887853339669,-0.6937499975329956,-0.6935779643302339,-0.8920353979197632,-0.8658767781032882,-0.8711229959453226,-0.8769230765814083,-0.9,-0.9,-0.9,-0.9,-0.10000000000000009,-0.7714285714285715,-0.9
-0.7676856511725727,-0.3374255935903092,0.3556288954484109,0.08815865521736499,-0.564016134980359,-0.12240056034543445,0.7110822520686259,-0.05433512164165888,0.16754325870310927,-0.3176633887927679,-0.012333573250454033,-0.26883114498706673,0.3281768140504354,-0.1961538414387366,-0.9,-0.9,-0.9,-0.9,-0.7112903125378117,-0.6686915919411182,-0.6937499975329956,-0.6935779643302339,-0.8920353979197632,-0.8658767781032882,-0.8711229959453226,-0.8769230765814083,-0.9,-0.9,-0.9,-0.9,-0.10000000000000009,-0.7714285714285715,-0.9
-0.7676856511725727,-0.3374628557015159,0.3556288954484107,0.08814794273556092,-0.5640305667871797,-0.12240056034543445,0.7110822520686259,-0.05577122571998605,0.16754325870310927,-0.31738595432627825,-0.01268595935202299,-0.26883114498706673,0.33314918463222976,-0.20384613567726506,-0.9,-0.9,-0.9,-0.9,-0.7154377836702174,-0.6665887853339669,-0.6960937453003566,-0.6935779643302339,-0.8920353979197632,-0.8658767781032882,-0.8711229959453226,-0.8769230765814083,-0.9,-0.9,-0.9,-0.9,-0.10000000000000009,-0.7714285714285715,-0.9
-0.7677434488600765,-0.3374752606229088,0.3556288954484107,0.08815865521736499,-0.564016134980359,-0.12240056034543445,0.7110822520686259,-0.055771263765501566,0.16847751174929104,-0.31683108677133487,-0.014095513707555685,-0.2629869911674102,0.3281768140504354,-0.21153843727136434,-0.9,-0.9,-0.9,-0.9,-0.7112903125378117,-0.6665887853339669,-0.6937499975329956,-0.6935779643302339,-0.8920353979197632,-0.8658767781032882,-0.8711229959453226,-0.8769230765814083,-0.9,-0.9,-0.9,-0.9,-0.10000000000000009,-0.7714285714285715,-0.9
-0.7678012465475804,-0.3374752606229088,0.35564945410890403,0.08815865521736499,-0.564016134980359,-0.12238303074201828,0.7110822520686259,-0.057207405889344365,0.16785467384677666,-0.31683108677133487,-0.014095513707555685,-0.26883114498706673,0.33314918463222976,-0.20384613567726506,-0.9,-0.9,-0.9,-0.9,-0.7133640481040145,-0.6644859787268158,-0.6937499975329956,-0.6935779643302339,-0.8920353979197632,-0.8658767781032882,-0.8711229959453226,-0.8769230765814083,-0.9,-0.9,-0.9,-0.9,-0.10000000000000009,-0.7714285714285715,-0.9
-0.7679177243300314,-0.3375000704656944,0.35564945410890403,0.08815865521736499,-0.564016134980359,-0.12240056034543445,0.7110822520686259,-0.056728717211740554,0.16692042080059488,-0.31683108677133487,-0.013743124289567699,-0.2629869911674102,0.3306629993413325,-0.20769228279652918,-0.9,-0.9,-0.9,-0.9,-0.7112903125378117,-0.6644859787268158,-0.6937499975329956,-0.6935779643302339,-0.8920353979197632,-0.8658767781032882,-0.8711229959453226,-0.8788461536254929,-0.9,-0.9,-0.9,-0.9,-0.10000000000000009,-0.7714285714285715,-0.9
-0.7679177243300314,-0.3375000704656944,0.3556288954484109,0.08814794273556092,-0.564016134980359,-0.12240056034543445,0.7110822520686259,-0.05672875525725618,0.16754325870310927,-0.31738595570431416,-0.013390734871579935,-0.26883114498706673,0.33314918463222976,-0.20384614303283588,-0.9,-0.9,-0.9,-0.9,-0.7112903125378117,-0.6686915919411182,-0.6937499975329956,-0.6935779643302339,-0.8920353979197632,-0.8658767781032882,-0.8735294127761899,-0.8769230765814083,-0.9,-0.9,-0.9,-0.9,-0.10000000000000009,-0.7714285714285715,-0.9
-0.7679177243300314,-0.3375000704656944,0.35564945410890403,0.08815865521736499,-0.564016134980359,-0.12240056034543445,0.7110581749877888,-0.05624991439758986,0.16785468146195603,-0.3176633901708039,-0.01268595935202299,-0.2629869911674102,0.3306629993413325,-0.19999998855800083,-0.9,-0.9,-0.9,-0.9,-0.7133640481040145,-0.6665887853339669,-0.6937499975329956,-0.6935779643302339,-0.8880530967359284,-0.8658767781032882,-0.8711229959453226,-0.8769230765814083,-0.9,-0.9,-0.9,-0.9,-0.10000000000000009,-0.7714285714285715,-0.9
-0.7679177243300314,-0.3375000704656944,0.3556288954484109,0.08815865521736499,-0.5640305667871797,-0.12240056034543445,0.7110581749877901,-0.055771263765501566,0.1681661042208028,-0.3171085198597886,-0.013390734871579935,-0.26883114498706673,0.3306629993413325,-0.20384613567726506,-0.9,-0.9,-0.9,-0.9,-0.7154377836702174,-0.6686915919411182,-0.6937499975329956,-0.6935779643302339,-0.8920353979197632,-0.8658767781032882,-0.8711229959453226,-0.8807692306695775,-0.9,-0.9,-0.9,-0.9,-0.10000000000000009,-0.7714285714285715,-0.9
-0.7679466231737833,-0.3375000704656944,0.3556288954484107,0.08814794273556092,-0.564016134980359,-0.12234796944534299,0.7110340979069533,-0.05625002853413674,0.17034602545683375,-0.3190505680153959,-0.013038348770010977,-0.26883114498706673,0.3356353758506604,-0.1961538414387366,-0.9,-0.9,-0.9,-0.9,-0.7133640481040145,-0.6665887853339669,-0.6937499975329956,-0.6935779643302339,-0.8920353979197632,-0.8658767781032882,-0.8711229959453226,-0.8769230765814083,-0.9,-0.9,-0.9,-0.9,-0.10000000000000009,-0.7714285714285715,-0.9
-0.7679466231737847,-0.3375000704656944,0.35564945410890403,0.08816936769916883,-0.56343853220813,-0.10865635859172729,0.7110581749877901,-0.05505315465806471,0.17657440448197648,-0.3254315786591251,-0.0063429697267545215,-0.18701296769589015,0.3654696230515605,-0.1961538414387366,-0.9,-0.9,-0.9,-0.9,-0.7092165769716089,-0.6644859787268158,-0.6937499975329956,-0.6894495278124042,-0.8920353979197632,-0.8658767781032882,-0.8735294127761899,-0.8788461536254929,-0.9,-0.9,-0.9,-0.9,-0.10000000000000009,-0.7714285714285715,-0.9
-0.7679466231737833,-0.3375124753870872,0.3555261021459436,0.08818008018097279,-0.5427175147326991,-0.041898790796383145,0.7110340979069533,-0.0643882306451049,0.1865397956918461,-0.3287608019032525,-0.009162075121400881,-0.02337660661826857,0.3779005613611134,-0.20384614303283588,-0.9,-0.9,-0.9,-0.9,-0.7092165769716089,-0.6602803703693172,-0.6937499975329956,-0.6894495278124042,-0.8920353979197632,-0.8658767781032882,-0.8711229959453226,-0.8769230765814083,-0.9,-0.9,-0.9,-0.9,-0.10000000000000009,-0.7714285714285715,-0.9
-0.7679755220175366,-0.3375000704656944,0.3548064902056113,0.08814794273556059,-0.5012610204334007,0.15904008976553896,0.7110340979069533,-0.050026581133583825,0.18186851523057868,-0.3212700492594569,-0.00845729628542502,0.017532481666471478,0.4027624439077525,-0.1961538414387366,-0.9,-0.9,-0.9,-0.9,-0.7092165841560975,-0.6581775734757735,-0.6914062497656346,-0.6894495421154686,-0.8920353979197632,-0.8658767781032882,-0.8735294127761899,-0.8769230765814083,-0.9,-0.9,-0.9,-0.9,-0.10000000000000009,-0.7714285714285715,-0.9
-0.7679755220175366,-0.3374752369493945,0.35418968137159024,0.08818008018097279,-0.4683673247368607,0.4260878905503319,0.7110341894547884,-0.06510637779805739,0.183425613794454,-0.3270961923482427,-0.010219243375364617,0.02337664125969996,0.3704420010427717,-0.19999998855800083,-0.9,-0.9,-0.9,-0.9,-0.7320276418567154,-0.6834112139071575,-0.7125000013251338,-0.701834856436646,-0.8920353979197632,-0.8658767781032882,-0.8711229959453226,-0.8769230765814083,-0.9,-0.9,-0.9,-0.9,-0.10000000000000009,-0.7714285714285715,-0.9
-0.7679755220175352,-0.33746280835448783,0.35375792008969686,0.08818008018097279,-0.4609597316785598,0.6724843221832807,0.7110822520686259,-0.05840416562886952,0.18373702893812138,-0.3143341696827484,-0.014095517023974713,0.03506495178579905,0.3604972554335327,-0.19999998855800083,-0.9,-0.9,-0.9,-0.8785714277411865,-0.647004603383875,-0.5971962595772498,-0.6398437447505672,-0.6440366927424599,-0.8920353979197632,-0.8658767781032882,-0.8735294127761899,-0.8769230765814083,-0.9,-0.9,-0.9,-0.9,-0.10000000000000009,-0.7714285714285715,-0.9
-0.7679755220175352,-0.33748766554430165,0.3537990472145275,0.08818008018097279,-0.4605987161751087,0.8304900817535451,0.7110822520686259,-0.06606379319878075,0.1952595187118663,-0.33209002376934404,-0.004581029269652981,0.07012988047731061,0.4127071954445246,-0.1961538414387366,-0.9,-0.9,-0.9,-0.7616882995292812,-0.10990781737068411,-0.03574767255648903,-0.117187494604309,-0.2084862062517996,-0.8920353979197632,-0.8658767781032882,-0.8711229959453226,-0.8769230765814083,-0.9,-0.9,-0.9,-0.9,-0.10000000000000009,-0.7714285714285715,-0.9
-0.7678886048844176,-0.3375124753870872,0.3538401743393581,0.08819079266277663,-0.4603676970995099,0.8630624422437047,0.7110822520686259,-0.08042548075581724,0.20896194495200093,-0.35040075333458964,-0.003171474914120176,0.08766235348342433,0.4425414470910748,-0.1961538414387366,-0.9,-0.9,-0.9,-0.699350627925045,0.11198153856790982,0.21028032650630835,0.10078123181289123,-0.006192654776744577,-0.8920353979197632,-0.8658767781032882,-0.8711229959453226,-0.8769230765814083,-0.9,-0.9,-0.9,-0.9,-0.10000000000000009,-0.7714285714285715,-0.9
-0.7679175037281709,-0.3375000704656944,0.3538401743393581,0.08840512407352707,-0.46005003209975365,0.865025925013757,0.7110822520686259,-0.07300523557022365,0.2095847828545151,-0.34762640143500456,0.03312452901322738,0.09935066689630934,0.4375690705817471,-0.19999999591357165,-0.9,-0.9,-0.9,-0.689610376755027,0.13064519219134862,0.22920558111386502,0.1218749617191407,0.01032109129457437,-0.8920353979197632,-0.8658767781032882,-0.8711229959453226,-0.8769230765814083,-0.9,-0.9,-0.9,-0.9,-0.10000000000000009,-0.7714285714285715,-0.9
-0.7680622185487924,-0.3375124753870872,0.3538401743393581,0.09529701150833114,-0.4581872824384467,0.8663232159790181,0.7110101123739515,-0.016515938788316253,0.21705883768468637,-0.3434648713463183,0.12756463103688842,0.12272728794850762,0.432596697036186,-0.17307692194529678,-0.9,-0.9,-0.9,-0.6525973908133202,0.15967742306296173,0.25443931868132397,0.14062494385802904,0.022706400848063635,-0.8920353979197632,-0.8658767781032882,-0.8735294127761899,-0.8769230765814083,-0.9,-0.9,-0.9,-0.9,-0.10000000000000009,-0.7714285714285715,-0.9
-0.7682934092988092,-0.337586928588958,0.35386073299985166,0.12205000375709163,-0.4324267826792982,0.8603451781673858,0.7106741318162707,0.049787274840297546,0.23823529590945391,-0.33902590748016037,0.17584184201163555,0.1636363762332479,0.3903315085619662,-0.12692306089170446,-0.9,-0.7560913644053688,-0.7466480396414837,-0.3564934627852735,0.2737327307246876,0.35537384155243,0.2249999934025254,0.037155928660467685,-0.8940265484398223,-0.8658767781032882,-0.8711229959453226,-0.8769230765814083,-0.9,-0.9,-0.9,-0.9,-0.10000000000000009,-0.7714285714285715,-0.9
-0.768177593321941,-0.33763657194804353,0.353881291660345,0.17763543634464363,-0.3915045681901498,0.8295258950500518,0.7091862963875418,0.026569161928308938,0.24975779329837822,-0.33652898970255585,0.13672673600606056,0.16948053582647649,0.3729281937430854,-0.07307691295515462,-0.872608694438937,-0.14847714471962592,-0.1533519173544352,0.3136364656222407,0.46244242297653526,0.4920560718883019,0.34453125945743734,0.006192654776744577,-0.8920353979197632,-0.8658767781032882,-0.8711229959453226,-0.8769230765814083,-0.9,-0.9,-0.9,-0.9,-0.10000000000000009,-0.7714285714285715,-0.9
-0.7682934092988106,-0.3376986675755499,0.3538401743393581,0.24483974118135132,-0.3777435098870271,0.778230563893152,0.6974748563868752,0.036861767452619376,0.25847751631839844,-0.3223797912595233,0.1279170204548764,0.21038961833764447,0.3604972465422328,-0.02692306661270394,-0.7610869437115283,0.2581218174485188,0.27905029879259724,0.7032468903706214,0.5806451538740763,0.548831796856542,0.40312504025446294,-0.02477061910697853,-0.8920353979197632,-0.8637440768886768,-0.8711229959453226,-0.8749999998149295,-0.9,-0.9,-0.9,-0.9,-0.10000000000000009,-0.7714285714285715,-0.9
-0.7683223081425625,-0.3377110488234285,0.35386073299985166,0.31011457267328535,-0.3769926152664831,0.729897944697886,0.5984801533446596,0.04739367927021598,0.26346021192333346,-0.33209002549188893,0.1543461538427523,0.2396103932094994,0.3629834377606632,0.015384639966053215,-0.7239130273672595,0.33578682474101107,0.384636885781238,0.7870130864277914,0.6324885382394884,0.5803738231117531,0.4382812567648785,-0.018577964330233843,-0.8920353979197632,-0.8658767781032882,-0.8711229959453226,-0.8769230765814083,-0.9,-0.9,-0.9,-0.9,-0.10000000000000009,-0.7714285714285715,-0.9
-0.7680911173925443,-0.3377979542937204,0.35396352630231875,0.3686476550250123,-0.3768771332702999,0.7052319954263461,0.418321610802482,-0.02968079051479644,0.26532872563087617,-0.3476264007459865,0.11981208373966845,0.24545454125558408,0.4027624468715191,0.015384647321624145,-0.7023912801420289,0.37690362185965587,0.4499999535483342,0.8337662920438779,0.6635945382049174,0.5929906336138376,0.45937498667112775,-0.016513746071318947,-0.8920353979197632,-0.8658767781032882,-0.8711229959453226,-0.8749999998149295,-0.9,-0.9,-0.9,-0.9,-0.10000000000000009,-0.7714285714285715,-0.9
-0.7680622185487924,-0.3405409333529208,0.3541279955862656,0.4149187891206617,-0.37670386896360086,0.6732732128526128,0.24704293369719166,-0.02585101477535645,0.20958477523933594,-0.3137792979936972,0.08351607981232068,0.245454552802728,0.4052486366080662,0.011538478135647123,-0.6984782401217391,0.3883249309440847,0.4600558565795533,0.8435065432138956,0.6760369228641804,0.6035046423655749,0.47578122104265497,-0.01032109129457437,-0.8920353979197632,-0.8658767781032882,-0.8711229959453226,-0.8769230765814083,-0.9,-0.9,-0.9,-0.9,-0.10000000000000009,-0.7714285714285715,-0.9
-0.7679753014156762,-0.35399525427913026,0.35427191601356356,0.4545445864123393,-0.37586632841889933,0.5535724204175695,0.13820885235022684,-0.04117015577863192,0.2198615892080521,-0.3123921201491051,0.014800342289816748,0.12857144176816437,0.36795581130622457,-0.06153844953064913,-0.7023912846609683,0.3860406691271988,0.44748608230677733,0.827922141341867,0.6449309228987511,0.5656542108593213,0.43125001346279535,-0.037155928660467796,-0.8920353979197632,-0.8658767781032882,-0.8711229959453226,-0.8769230765814083,-0.9,-0.9,-0.9,-0.9,-0.10000000000000009,-0.7714285714285715,-0.9
-0.7677434488600765,-0.3666304005966462,0.3543130431383942,0.49204824923611057,-0.3716066319109834,0.38220812499765466,0.05116535309084802,-0.11896273467108132,0.2024221507831908,-0.32515414384812646,-0.07153482633505537,0.046753259425112326,0.3232044375411075,-0.1384615169606389,-0.7297825941761034,0.2992385723598129,0.31424582004686663,0.7110390913066359,0.5039170193487749,0.43317760345135914,0.2976562608037171,-0.12385319088865554,-0.8920353979197632,-0.8658767781032882,-0.8711229959453226,-0.8749999998149295,-0.9,-0.9,-0.9,-0.9,-0.10000000000000009,-0.7714285714285715,-0.9
-0.767425782180663,-0.37179368871774887,0.35441584624470523,0.5438285428671453,-0.3446331718384774,0.293712266955101,-0.0214306159969061,-0.18933506837793712,0.2046020872495805,-0.31405673039313287,-0.09972589686361388,0.0058441711403723895,0.3406077493962215,-0.16153844380964955,-0.772826077329216,0.17817254833914065,0.14329614206529684,0.5474027276702723,0.35875575003889193,0.2964953536882723,0.16640619095224995,-0.20022936182226891,-0.8920353979197632,-0.8658767781032882,-0.8711229959453226,-0.8769230765814083,-0.9,-0.9,-0.9,-0.9,-0.10000000000000009,-0.7714285714285715,-0.9
-0.766992078922524,-0.37231500317193034,0.35462144265348317,0.6036478590073849,-0.3192336875827799,0.28268533554724196,-0.08807506027407741,-0.3073403876482951,0.18155710008691106,-0.35067818814558827,-0.2621769600611177,-0.12857141073521539,0.3331491816684632,-0.21153844830472068,-0.8178260827519434,0.006852753795144273,-0.015083761643497118,0.3993507479084296,0.3711981346981549,0.34485979394626287,0.21328123291247036,-0.13623851951289734,-0.8920353979197632,-0.8658767781032882,-0.8711229959453226,-0.8769230765814083,-0.9,-0.9,-0.9,-0.9,-0.10000000000000009,-0.7714285714285715,-0.9
-0.7669631800787705,-0.37318382113970916,0.3544980906905225,0.656039254749268,-0.31592695853251695,0.27365693775689526,-0.1671747707184449,-0.2735902487821631,0.1329757855742849,-0.28298398264100966,-0.27133905777562295,-0.19870128183047187,0.29088399912177676,-0.24230768042561623,-0.9,-0.7286802080939629,-0.7466480420003574,-0.5883116779738342,-0.3815668245033167,-0.3427570122302309,-0.3984374946466005,-0.4954128422214766,-0.8920353979197632,-0.8658767781032882,-0.8711229959453226,-0.8769230765814083,-0.9,-0.9,-0.9,-0.9,-0.10000000000000009,-0.7714285714285715,-0.9
-0.7669342812350172,-0.37397818590561727,0.3545392080115094,0.7000166911188069,-0.31573926241899686,0.21312282849053876,-0.17785437506090507,-0.27502646699703703,0.15290658322438266,-0.3029593207277381,-0.2794439917962406,-0.1870129698609797,0.3182320610317798,-0.1961538414387366,-0.9,-0.9,-0.9,-0.9,-0.8025345601040902,-0.7696261682370652,-0.7757812505903189,-0.7864678861028545,-0.8940265484398223,-0.8701421808403772,-0.8735294127761899,-0.8749999998149295,-0.8946215139153526,-0.9,-0.9,-0.9,-0.10000000000000009,-0.7714285714285715,-0.9
-0.7665874951099927,-0.37407744895027395,0.35458032533249606,0.7407357339771848,-0.31413645053016237,0.1340585992731359,-0.17751857759889456,-0.3829786772639491,0.1541522590294112,-0.324044402192569,-0.3918558952708484,-0.18116881387623363,0.3580110612513355,-0.22692305517070477,-0.9,-0.9,-0.9,-0.9,-0.8004608245378874,-0.7717289724158145,-0.7828124993057145,-0.7905963273883724,-0.8940265482961061,-0.8637440771965429,-0.8735294127761899,-0.8730769230484507,-0.9,-0.9,-0.9,-0.9,-0.10000000000000009,-0.7714285714285715,-0.9
-0.7667608881725042,-0.374139497230752,0.35455976667200273,0.7559450866734275,-0.31160950725570125,0.10820055337557599,-0.1776624907969,-0.35066479465820677,0.14574394734546858,-0.30934033274950334,-0.38128423926256283,-0.22207790360436652,0.34309393765088536,-0.23846152595078107,-0.9,-0.9,-0.9,-0.9,-0.8170506899088739,-0.7927570093465036,-0.7968750021498181,-0.8091743107893588,-0.878097343991916,-0.8488151683863967,-0.8590909104014728,-0.8653846159825356,-0.9,-0.9,-0.9,-0.9,-0.10000000000000009,-0.7714285714285715,-0.9
-0.7667897870162576,-0.3742884509815221,0.3544980906905225,0.7510255225106129,-0.31120519633178756,0.03779656265960596,-0.17775843292890192,-0.3497073412119678,0.14636678524798297,-0.3104500740605517,-0.4485904323787913,-0.21038959379996391,0.3331491875959963,-0.23846152227299566,-0.9,-0.9,-0.9,-0.9,-0.8253456213969524,-0.7990654194543496,-0.808593749106592,-0.8112385314321178,-0.8920353979197632,-0.8616113756740653,-0.866310162283588,-0.8711538462819719,-0.9,-0.9,-0.9,-0.9,-0.10000000000000009,-0.7714285714285715,-0.9
-0.7668186858600095,-0.3742264027010439,0.3545392080115094,0.7275200477418698,-0.3109741772561885,-0.009063465356551004,-0.17778241846190235,-0.34061168565476074,0.17159169364668292,-0.31266955806068464,-0.43343773383517686,-0.18701296913928311,0.3157458698133492,-0.23846152595078107,-0.9,-0.9,-0.9,-0.9,-0.8232718882255791,-0.7948598135252529,-0.8062499986325747,-0.8112385314321178,-0.8840707955520937,-0.855213272030231,-0.8639037454527208,-0.8692307695154932,-0.9,-0.9,-0.9,-0.9,-0.10000000000000009,-0.7714285714285715,-0.9
-0.766818685860008,-0.36942304668844594,0.3537990374106835,0.6857505274693384,-0.30945798374989586,-0.013323468283445994,-0.17783038952790453,-0.3284042112834883,0.24851211749334967,-0.3773119747876257,-0.3844557407080351,-0.15779219065894579,0.3331491875959963,-0.23461537515373143,-0.9,-0.9,-0.9,-0.9,-0.8232718882255791,-0.7948598135252529,-0.8062499986325747,-0.8091743107893588,-0.8920353979197632,-0.8573459732448425,-0.8639037454527208,-0.8730769230484507,-0.9,-0.9,-0.9,-0.9,-0.10000000000000009,-0.7714285714285715,-0.9
-0.7670209777662744,-0.34896849131389096,0.33042214436469386,0.6313442038522593,-0.2672362181064645,-0.013411120480212757,-0.17790234612690725,-0.27861693644319074,0.2500692084420456,-0.3515104929230932,-0.33441658513066286,-0.11103894278097726,0.33314918463222976,-0.21923074622103456,-0.9,-0.9,-0.9,-0.9,-0.8004608305249611,-0.7822429884527572,-0.7898437507277662,-0.800917428218323,-0.8920353979197632,-0.8637440768886768,-0.8687165791144553,-0.8730769230484507,-0.9,-0.9,-0.9,-0.9,-0.10000000000000009,-0.7714285714285715,-0.9
-0.7671943708287873,-0.32055802539994793,0.29742311193871995,0.5750726817812307,-0.13990656231331977,-0.013358527490278216,-0.1778783605939056,-0.22787228424768546,0.16349481614435624,-0.293526526818515,-0.29882535174824365,-0.09350647482673902,0.328176817014202,-0.21923076093217642,-0.9,-0.9,-0.9,-0.9,-0.7817972319826012,-0.7380841079842277,-0.7546874990308197,-0.7493119264524137,-0.8502212374296683,-0.821090049517787,-0.8374331568393972,-0.850000000740282,-0.9,-0.9,-0.9,-0.9,-0.10000000000000009,-0.7714285714285715,-0.9
-0.7671654719850354,-0.2982417138553646,0.28093386035021395,0.5259610227394461,-0.04792544154030365,-0.013533840243184048,-0.17773444739590138,-0.23122333326400601,0.20055363707564788,-0.30961776756050197,-0.3206734318224289,-0.12857141073521539,0.3455801259055492,-0.25769229832495666,-0.9,-0.9,-0.9,-0.9,-0.6200460721560218,-0.5235981303198378,-0.5437499996757651,-0.48096329295447576,-0.5794247635398558,-0.5310426498496279,-0.6401069579498497,-0.7211538423954912,-0.9,-0.9,-0.9,-0.9,-0.10000000000000009,-0.7714285714285715,-0.9
-0.767136573141282,-0.28200717543226217,0.2746630277267518,0.4823801117459955,-0.031724003262029066,-0.01356889945001638,-0.17751857759889578,-0.23768612500336062,0.2239100393819845,-0.3501233178345732,-0.30340640174551536,-0.13441556671996158,0.3530386877057744,-0.28461537229323164,-0.9,-0.9,-0.9,-0.9,-0.5267280962080291,-0.4079439320578513,-0.431249998576186,-0.32614677096983935,-0.1055309429275183,-0.01279620605620424,-0.2478609679697854,-0.48653845356619335,-0.9,-0.9,-0.9,-0.9,-0.10000000000000009,-0.7714285714285715,-0.9
-0.7671076742975316,-0.2545275757665765,0.2730387562939588,0.4469345538233159,-0.03156519830376703,-0.013656551646783144,-0.1770864718135402,-0.24941483460599811,0.26439446496951524,-0.3925709141971976,-0.2998825200022075,-0.08766231956368942,0.3654696230515605,-0.31153844993929203,-0.9,-0.9,-0.9,-0.9,-0.48317971158333695,-0.3511682265168261,-0.38437501074909053,-0.2394495373477804,0.4340708659730651,0.5715639821632285,0.30080208336308967,-0.19423078061972388,-0.9,-0.9,-0.9,-0.9,-0.10000000000000009,-0.7714285714285715,-0.9
-0.7671365731412835,-0.20700304354095356,0.2730593247582961,0.42207865214990636,-0.03153633469012551,-0.013814330616586878,-0.17653443836318228,-0.23265955147887984,0.26626297867705795,-0.4067201122957211,-0.2783868260295912,-0.08181816357894334,0.40027625565308844,-0.33461537311051726,-0.9,-0.9,-0.9,-0.9,-0.37534562498919666,-0.1850467328216604,-0.23671876065922104,-0.08256878756885278,0.6331859335003444,0.7123222980400515,0.474064145208014,-0.16346152570590922,-0.9,-0.9,-0.9,-0.9,-0.10000000000000009,-0.7714285714285715,-0.9
-0.7671943708287873,-0.14844445210399537,0.2731621180607632,0.41009555551941335,-0.031550766496946325,-0.014112354773091806,-0.1758384917148188,-0.22930846441704378,0.2858823535683087,-0.44084465089253605,-0.3101017857634003,-0.05844154108335198,0.42762432200874134,-0.3499999891709651,-0.9,-0.9,-0.9,-0.9,-0.17211980772222457,0.14088784931762877,0.05390623315917076,0.20435781741085124,0.7108408412926001,0.6483411987970223,0.45962565672843014,-0.2480769367436686,-0.9,-0.9,-0.9,-0.9,-0.10000000000000009,-0.7714285714285715,-0.9
-0.7672232696725392,-0.08405232801449691,0.27318268652510025,0.4055616407015429,-0.031622953072666826,-0.014585687502816636,-0.17533442933046184,-0.2103988539676147,0.2332526041121089,-0.4319667219544388,-0.30763506481211333,-0.023376612391840523,0.46988951270578616,-0.35384613996801473,-0.9,-0.9,-0.9,-0.9,0.04769584617777978,0.47733644020865496,0.3679687371310477,0.5077981493911218,0.7805310808951355,0.5971563745722056,0.45481282723523553,-0.2692307983864931,-0.9,-0.9,-0.9,-0.9,-0.10000000000000009,-0.7714285714285715,-0.9
-0.7672521685162911,-0.022800424550938003,0.27344996871920235,0.4045112450620588,-0.039232729134540456,-0.01689976652087799,-0.17353459887705402,-0.20058505125745496,0.29740485095723324,-0.49966092935381695,-0.26534845363009474,-0.02922076332471113,0.5196132685372935,-0.35384614180690743,-0.9,-0.9,-0.9,-0.9,0.1866359614753036,0.6539719620827725,0.5507812145579577,0.6667431460350931,0.7944691214573697,0.5417061122056975,0.43074867976926245,-0.27307694858818143,-0.9,-0.9,-0.9,-0.9,-0.10000000000000009,-0.7714285714285715,-0.9
-0.7672232696725377,0.04505456648828343,0.27388173980493924,0.40236760385587556,-0.08852993594646352,-0.03260742805636374,-0.15800753662472844,-0.21542550358312662,0.44968858485633245,-0.6233970624536183,-0.2801487641548356,0.08181819389019573,0.5718232096596979,-0.3576922944428498,-0.9,-0.9,-0.9,-0.9,0.2778802305950475,0.7570093644130859,0.6656250067313977,0.7513762090751185,0.7904868241538744,0.5139809416155815,0.4090909470498866,-0.27692309878986987,-0.9,-0.9,-0.9,-0.9,-0.10000000000000009,-0.7714285714285715,-0.9
-0.7675413775556722,0.13620639051618755,0.27390228866158883,0.3881550026154269,-0.21037247556989835,-0.10348475150205827,-0.15073589202075144,-0.12327123713364074,0.39768166187987763,-0.5912145637441949,-0.2745105523809811,-0.02337660950505449,0.5743093986553035,-0.4076922925017965,-0.9,-0.9,-0.9,-0.9,0.3193548461259238,0.7948599124826293,0.7195312486872013,0.7864679957596817,0.8004425674126129,0.5161136409829964,0.42352943552947064,-0.27500002368902565,-0.9,-0.9,-0.9,-0.9,-0.10000000000000009,-0.7714285714285715,-0.9
-0.7677149912200456,0.24294734195205658,0.27419014912387196,0.37108069678924516,-0.3458461046102188,-0.21028283570410777,-0.11360994884917319,-0.07109040476877715,0.37121107767614914,-0.6311652440517599,-0.2234142322806164,0.12272728217493578,0.6837016574094404,-0.40769229204207325,-0.9,-0.9,-0.9,-0.9,0.3317972307851865,0.8095795247350611,0.7476562218955337,0.8112386148666603,0.8163717566265948,0.520379039717826,0.4475935829954435,-0.2692307983864931,-0.9,-0.9,-0.9,-0.9,-0.10000000000000009,-0.7714285714285715,-0.9
-0.7676860923762923,0.35533564568875964,0.27410788507036676,0.3635778707929317,-0.4187379109518963,-0.3051073336186789,-0.045933394270284866,-0.12087764156355907,0.33259516579616155,-0.5523736393462468,-0.3252544826488053,-0.02337660589657209,0.5668508316684867,-0.40769229434068915,-0.9,-0.9,-0.9,-0.9,0.35668205757962046,0.8327103439888829,0.7875000205536707,0.8401376704914684,0.8243363512335858,0.5139809810224433,0.4379679240090545,-0.2673077232856489,-0.9,-0.9,-0.9,-0.9,-0.10000000000000009,-0.7714285714285715,-0.9
-0.7679753014156747,0.46226277747633404,0.27386117134060195,0.36313833194028666,-0.46088749001960694,-0.4420935846016946,-0.028534361869878455,-0.03327122191543452,0.28775087108344144,-0.49744145189935485,-0.34534062060767934,-0.06428569490300862,0.49723757795002654,-0.4076922925017965,-0.9,-0.9,-0.9,-0.9,0.3152073845728359,0.7948599124826293,0.7359374830587285,0.8091743966077453,0.8283186485370814,0.5289098765943469,0.45962565672843014,-0.26153849798311646,-0.9,-0.9,-0.9,-0.9,-0.10000000000000009,-0.7714285714285715,-0.9
-0.7682067127675534,0.5630957430577915,0.2737378095737978,0.36317055116036856,-0.5162927938187802,-0.5753983565920169,-0.02745428050216292,0.003351010970804813,0.15913495463434602,-0.4366831218373768,-0.36260765648832616,-0.10519478823962403,0.5320442079582587,-0.4269230616579098,-0.9,-0.9,-0.9,-0.9,0.3276497692320989,0.8074767229847136,0.7523437174302557,0.8256881426790644,0.8283186485370814,0.5246444384526553,0.46203207147502734,-0.26153849798311646,-0.9,-0.9,-0.9,-0.9,-0.10000000000000009,-0.7714285714285715,-0.9
-0.7679175037281709,0.6422081765874758,0.27396398425075674,0.3631920578986473,-0.5490132527502369,-0.6559527191310028,-0.02577456080942908,-0.08257969394158138,0.20460207773060624,-0.5035450242869955,-0.42498040770198076,-0.14025972270470755,0.5991712745334675,-0.4653846018090292,-0.9,-0.9,-0.9,-0.9,0.3297235000086428,0.8074767229847136,0.7640624562670609,0.831880797455809,0.8283186485370814,0.5289098765943469,0.4692513157148194,-0.2557692193802762,-0.9,-0.9,-0.9,-0.9,-0.10000000000000009,-0.7714285714285715,-0.9
-0.7676569729306798,0.7012880499275332,0.274025650428393,0.36329918271668704,-0.552911961296318,-0.663841609105578,-0.024574551776709974,-0.13595743822803263,0.24851211368575987,-0.5290690689289663,-0.4549334186876408,-0.12857141073521539,0.5991712767562926,-0.5230769092773692,-0.9,-0.9,-0.9,-0.9,0.3193548461259238,0.7990655159833241,0.7499999696628946,0.8236239244201494,0.830309797188829,0.5331753147360384,0.4764705599546112,-0.2538461265126628,-0.9,-0.9,-0.9,-0.9,-0.10000000000000009,-0.7714285714285715,-0.9
-0.7678594854388081,0.7520396549839811,0.2732854896314113,0.3632884702348832,-0.5528830701410601,-0.6631929636229474,-0.024814407106716008,-0.08042548075581724,0.0641522563640986,-0.3062885450053925,-0.4048942705722114,-0.21623374761962055,0.4649171369374,-0.45384613976369337,-0.9,-0.9,-0.9,-0.9,0.3006912691370295,0.7822430631261149,0.705468762083035,0.784403777500767,0.8283186485370814,0.5459715897542509,0.481283389447806,-0.26153849798311646,-0.9,-0.9,-0.9,-0.9,-0.10000000000000009,-0.7714285714285715,-0.9
-0.7681486944781891,0.795517978239546,0.27295652165198503,0.3631811818675025,-0.5528830701410601,-0.6626319828761419,-0.02541459471874774,-0.006702021941609737,0.03456748264779852,-0.24275587200106297,-0.33300703243333973,-0.2454545253782614,0.42265194698129716,-0.37692306313924007,-0.9,-0.9,-0.9,-0.9,0.2675115767123287,0.7401869115558767,0.6421874857512874,0.7410551177805441,0.8203540539300903,0.5715639821632285,0.48609621894100064,-0.26346157308396057,-0.9,-0.9,-0.9,-0.9,-0.10000000000000009,-0.7714285714285715,-0.9
-0.7682356116113054,0.8332744900740267,0.27270980792222044,0.36309548201307107,-0.5528830701410602,-0.6590907438455422,-0.02623046903211368,0.007180862801276056,-0.006539788457425533,-0.1925400819824824,-0.2893108697976552,-0.2746753016935094,0.40524863216241636,-0.29999998651478665,-0.9,-0.9,-0.9,-0.9,0.15552994235123807,0.5761682584654882,0.4687499993938219,0.5841743393954876,0.784513378198631,0.6184833682463534,0.49090904843419503,-0.26346157308396057,-0.9,-0.9,-0.9,-0.9,-0.10000000000000009,-0.7714285714285715,-0.9
-0.7684090046738183,0.8649120130981017,0.2725041919057548,0.3629881936456899,-0.5529408799931919,-0.6202247959635154,-0.0269026132431468,0.040452122762226206,-0.03705881640977893,-0.154531447074453,-0.23328110820926906,-0.29220776892605105,0.4027624468715191,-0.2346153677981606,-0.9,-0.9,-0.9,-0.9,-0.11612900970031559,0.15350467924692823,0.08203124967400288,0.1651376514207158,0.4400443303239906,0.41161133257281,0.2358288407405359,-0.32500001184451277,-0.9,-0.9,-0.9,-0.9,-0.10000000000000009,-0.7714285714285715,-0.9
-0.7692475123463505,0.8833930929669026,0.27250420170959877,0.36290249379125783,-0.5529697436068337,-0.5851104590718266,-0.027934357353518235,0.07851057386333937,-0.06228373051986347,-0.09460542041194386,-0.19169927513775964,-0.32142855245826385,0.36795581426999113,-0.1846153706586603,-0.9,-0.890862944159089,-0.9,-0.8902597398312282,-0.7361751141865358,-0.6750000020489642,-0.6867187434042876,-0.6832568754195036,-0.7287610486639584,-0.6248815266903551,-0.6762032194446956,-0.7423076857163349,-0.9,-0.9,-0.9,-0.8950549449333564,-0.10000000000000009,-0.7714285714285715,-0.9
-0.7697392338938583,0.8849197369509506,0.2969091062110095,0.36289178130945465,-0.5529841754136546,-0.5834625509601259,-0.028174578874868628,0.09311168185020913,-0.1189619305664511,-0.005826137576642076,-0.19698510122459767,-0.33311686587114897,0.3604972495059994,-0.18076922353939606,-0.8608695636455863,-0.8177664911666463,-0.849720670650568,-0.8454545405802205,-0.7983870937613435,-0.7549065414142221,-0.7640624982202325,-0.7534403605863994,-0.8701327414805303,-0.8424170641268303,-0.8254010726850608,-0.865384615427324,-0.9,-0.9,-0.9,-0.9,-0.10000000000000009,-0.7714285714285715,-0.9
-0.7699702040420132,0.8846218552036044,0.4133617905513777,0.3628810688276499,-0.5533162997618477,-0.5870739167637623,-0.028126607808867665,0.0696543387359656,0.0009342635170535019,-0.17783601667352456,-0.19522315967929604,-0.3155843957518213,0.36795581426999113,-0.18461538536980215,-0.9,-0.9,-0.9,-0.9,-0.819124424277662,-0.7801401867024098,-0.7921874984951274,-0.7864678861028545,-0.8880530968796447,-0.8466824665560531,-0.8374331589236672,-0.8634615386608452,-0.9,-0.9,-0.9,-0.9,-0.10000000000000009,-0.7714285714285715,-0.9
-0.7709534265351684,0.8845473847552084,0.56616483613289,0.36289178130945465,-0.5535473463790626,-0.6114593589431554,-0.028198564407869164,0.06821812052109155,-0.034878886249709695,-0.15952529227591372,-0.19310882876782565,-0.3506493331036906,0.3157458757408823,-0.18076921618382524,-0.9,-0.9,-0.9,-0.9,-0.8336405516876162,-0.794859811096851,-0.8085937518132482,-0.807110092530444,-0.8940265484398223,-0.8637440768886768,-0.8518716585193576,-0.8711538462819719,-0.8247011937797208,-0.8068359345818862,-0.8344660197481221,-0.8357142830628673,-0.10000000000000009,-0.7714285714285715,-0.9
-0.7723703522864642,0.8831820934151312,0.7119157449315107,0.36291320627306256,-0.5540527074923388,-0.6330749231578647,-0.029470163848247855,0.0868883485862032,-0.023044975739900053,-0.17589397540809704,-0.19310882814599706,-0.43246751544674267,0.24364642524692914,-0.14999999509628603,-0.747391294602635,-0.8954314720795444,-0.8924581003072624,-0.8902597396906227,-0.8502304134663584,-0.8074766337409449,-0.8250000024247128,-0.8194954128112315,-0.8920353979197632,-0.8637440768886768,-0.8566844935706055,-0.882692307713662,-0.17211156299043895,8.119968919473308e-09,-0.15728155966809143,-0.05439555469327495,-0.10000000000000009,-0.7714285714285715,-0.9
-0.7736423426152781,0.8826980355886979,0.8102549465382506,0.362891781309454,-0.5556844380780472,-0.6342319522176801,-0.034054147086449826,0.1069946426841265,-0.10557092524086209,-0.09848953601566168,-0.20156615137732659,-0.537662313068421,0.14917128935230084,-0.09615383980416525,-0.4910869292509222,-0.8314720808634217,-0.8120111721868795,-0.8337662290526008,-0.8502304134663584,-0.8116822420984435,-0.8250000024247128,-0.8236238517129053,-0.8940265484398223,-0.8658767781032882,-0.8590909110962295,-0.882692307713662,0.365737033051723,0.6117187606574591,0.3888348907153648,0.5192308430311977,-0.10000000000000009,-0.7714285714285715,-0.9
-0.7760135920159773,0.8825987416676176,0.8645131846067712,0.36275243727133166,-0.5562619857670438,-0.6340566561835186,-0.056828868409750655,0.07324469404557243,-0.14636677477711124,-0.046331701975581785,-0.2438527609011356,-0.5785714071267329,0.11436465378700611,-0.13076921536653963,-0.4715217201115941,-0.8177664954533305,-0.799441341301136,-0.8318181765689088,-0.8502304134663584,-0.815887850455942,-0.8320312497867803,-0.8256880711637422,-0.8940265484398223,-0.8658767781032882,-0.8590909110962295,-0.8846153847577466,0.4159362544521613,0.6609374644751363,0.45436888736484915,0.5686813472978115,-0.10000000000000009,-0.7714285714285715,-0.9
-0.7845144847181723,0.8825615064491995,0.8875816720102697,0.3540920090428249,-0.5563775228464592,-0.6338813434306128,-0.12784087684110368,-0.0935904466188443,-0.1513494732972318,-0.07962393717292782,-0.38727485107730997,-0.6194805011850449,0.11685083907790339,-0.1884615361668519,-0.5263043075092884,-0.8634517763066106,-0.8270949715723548,-0.8610389587624906,-0.8460829495184413,-0.815887850455942,-0.8296875006660912,-0.8256880711637422,-0.8940265484398223,-0.8658767781032882,-0.8614973286218535,-0.8846153847577466,0.4768924376697431,0.6679687078776618,0.4718445982775977,0.5464286203778354,-0.10000000000000009,-0.7714285714285715,-0.9
-0.7996947605587399,0.8825118594893816,0.8937085964612393,0.31988975320677115,-0.5564496818805638,-0.6337936870541598,-0.14413620853213605,-0.08784568789589531,-0.16505189709812929,-0.07573983259349748,-0.37388407972512105,-0.6253246492311297,0.12182323336983114,-0.2615384491220063,-0.6534782392179511,-0.9,-0.8949720669924761,-0.8961038958762491,-0.8419354855705242,-0.815887850455942,-0.8320312497867803,-0.8277522918065012,-0.8960176989598816,-0.8658767781032882,-0.8614973286218535,-0.8846153847577466,0.5575697506789722,0.6890624380852376,0.4980581646467207,0.5192308430311977,-0.10000000000000009,-0.7714285714285715,-0.9
-0.8044365975545539,0.8822636246960734,0.894510443043545,0.2681843651736945,-0.5565075192743115,-0.6337410898845393,-0.14370391965110896,-0.10675533639084,-0.17221452631376133,-0.08406288863676203,-0.3858652917471488,-0.6662337548365854,0.11685083907790339,-0.31153845361707744,-0.8060869519585927,-0.9,-0.9,-0.9,-0.8398617523991508,-0.815887850455942,-0.8296875006660912,-0.8277522918065012,-0.8960176989598816,-0.8658767781032882,-0.8639037454527208,-0.8846153847577466,0.6221115547087178,0.6960936814877631,0.5111649478312822,0.48956054047122965,-0.10000000000000009,-0.7714285714285715,-0.9
-0.8050728133208227,0.8822512129546741,0.8954150878302399,0.21763641582347149,-0.5565941101152369,-0.6321457956612034,-0.14375189071710992,-0.067021208599504,-0.18186850475970695,-0.07268804519389571,-0.32243537725415894,-0.6545454356501285,0.10939227135014529,-0.29230768124290185,-0.898043478154036,-0.9,-0.9,-0.9,-0.8336405528850309,-0.815887850455942,-0.8343749989074695,-0.8318807330920192,-0.8980088494799408,-0.8658767781032882,-0.8639037454527208,-0.8846153847577466,0.6633465750077682,0.6960936814877631,0.5242717310158439,0.47472538919124563,-0.10000000000000009,-0.7714285714285715,-0.9
-0.8053909212039557,0.8822015659775176,0.8973683027328495,0.17135456924601866,-0.5566374055356996,-0.610530223087122,-0.1429120308707449,-0.08712765487948959,-0.17657438639592538,-0.09183108125919115,-0.3368833035946356,-0.6370129568704429,0.13425417167938403,-0.3076922991422424,-0.9,-0.9,-0.9,-0.9,-0.8336405528850309,-0.815887850455942,-0.8320312497867803,-0.8318807330920192,-0.8960176989598816,-0.8786729863145551,-0.866310162283588,-0.8846153847577466,0.6794820177334836,0.6960936814877631,0.5286406587440312,0.4598902379112614,-0.10000000000000009,-0.7714285714285715,-0.9
-0.8057377073289815,0.8821519190465982,0.8981701493151556,0.1271519254345851,-0.5567962655771939,-0.5746620630923056,-0.14082455711699915,-0.06702124664501963,-0.1768858058231313,-0.09682491268029247,-0.32243537725415894,-0.6194804780907575,0.13922654818871194,-0.2769230633435614,-0.9,-0.9,-0.9,-0.9,-0.8336405528850309,-0.815887850455942,-0.8343749989074695,-0.8339449537347781,-0.8960176989598816,-0.8658767781032882,-0.8614973286218535,-0.8788461536254929,0.6848604986420556,0.6820311946827126,0.5155338755594695,0.4252747021807136,-0.10000000000000009,-0.7714285714285715,-0.9
-0.8062870059621328,0.8821146838108408,0.8981907104266101,0.06913345108280078,-0.5575615920045591,-0.5674042639188283,-0.1399365431089603,0.05624991439758986,-0.17906573515029023,-0.08655980710338451,-0.18817538955984225,-0.5844155667199615,0.1367403569702813,-0.2346153677981606,-0.9,-0.9,-0.9,-0.9,-0.8336405528850309,-0.8200934575992397,-0.8343749989074695,-0.8339449537347781,-0.8940265484398223,-0.8658767781032882,-0.8614973286218535,-0.8769230765814083,0.6848604986420556,0.6890624380852376,0.5155338755594695,0.4252747021807136,-0.10000000000000009,-0.7714285714285715,-0.9
-0.80663445389274,0.8819533312420059,0.898355191965362,0.0033119559201815196,-0.5579370117732148,-0.5512408076164059,-0.13768043824152487,0.0828192285079613,-0.12799307331114518,-0.13788533498792377,-0.13707907153223953,-0.48506491137079594,0.183977918990062,-0.21538459910177032,-0.9,-0.9,-0.9,-0.9,-0.8336405528850309,-0.815887850455942,-0.8343749989074695,-0.8339449537347781,-0.8960176989598816,-0.8658767781032882,-0.8614973286218535,-0.8749999998149295,0.6902389795506271,0.6609374644751363,0.4936892369185336,0.3906593491940843,-0.10000000000000009,-0.7714285714285715,-0.9
-0.8073280261427903,0.8817671551210161,0.8986224741594641,-0.06443884903787112,-0.5585001276553907,-0.48721805230938425,-0.13660053996947974,0.27095734691879525,-0.042041516298252146,-0.21806412731347125,0.056029784803319105,-0.3272727062779204,0.2859116166849155,-0.1692307601148908,-0.9,-0.9,-0.9,-0.9,-0.8336405528850309,-0.815887850455942,-0.8343749989074695,-0.8339449537347781,-0.8980088494799408,-0.8658767781032882,-0.8614973286218535,-0.8750000000925353,0.640039824403957,0.6046875172549336,0.41941744535768233,0.2967033225585488,-0.10000000000000009,-0.7714285714285715,-0.9
-0.8075881157365605,0.8815561555634649,0.8990542354413572,-0.11730192107781201,-0.5592510222759347,-0.3848903403163565,-0.1366485110354808,0.29130317558309826,0.014636683093905978,-0.28298398401904556,0.09267817814865464,-0.2629869911674102,0.38784532030730234,-0.1538461275044084,-0.9,-0.9,-0.9,-0.9,-0.8336405528850309,-0.828504671885835,-0.8343749989074695,-0.8401376156630549,-0.8960176989598816,-0.8701421808403772,-0.8687165791144553,-0.882692307713662,-0.14880480824576736,-0.1617187647174435,-0.25339807059655495,-0.3263735937094061,-0.10000000000000009,-0.7714285714285715,-0.9
-0.8077615087990735,0.8815189203392669,0.8992392780915636,-0.1587069716449968,-0.5596408738514114,-0.3354708083850967,-0.135232632205756,0.3643085633353845,0.02366782696897829,-0.29102960283974866,0.1892326067309863,-0.21623374906301351,0.41519338518107174,-0.12307691377244023,-0.9,-0.8725888324772667,-0.9,-0.806493498780289,-0.8377880180303628,-0.8179906522062894,-0.827343750192074,-0.8339449549267001,-0.8940265484398223,-0.8658767781032882,-0.866310162283588,-0.8769230765814083,-0.8946215139153526,-0.9,-0.9,-0.9,-0.10000000000000009,-0.7714285714285715,-0.9
-0.8076748122678177,0.8815437438220656,0.8992804003144724,-0.17898602679865006,-0.558630124083243,-0.3293174703596168,-0.0811635648564546,0.36981374944643786,0.01494810204516317,-0.29768805208407534,0.17513706980849764,-0.0701298508877547,0.4127071954445246,-0.11538460482277002,-0.9,-0.9,-0.9,-0.8610389586218851,-0.8585253461518517,-0.8327102790291326,-0.8437500008035386,-0.8422018363058139,-0.8920353979197632,-0.8658767781032882,-0.866310162283588,-0.8769230765814083,-0.8838645417460578,-0.8947265623731255,-0.8978155340862056,-0.9,-0.10000000000000009,-0.7714285714285715,-0.9
-0.8003885534106522,0.8815437438220656,0.8992804003144724,-0.18392717947441228,-0.5557421653053307,-0.32796759267395015,0.1024987880083722,0.40476061000657937,0.014948105852752747,-0.29352652544047897,0.16773690529642737,-0.02922076332471113,0.41519338518107174,-0.13076921536653963,-0.9,-0.8840101521135331,-0.9,-0.8123376584810535,-0.8543778798091051,-0.834813083207882,-0.8414062503295213,-0.8422018363058139,-0.8920353979197632,-0.8658767781032882,-0.866310162283588,-0.8769230765814083,-0.8946215139153526,-0.9,-0.9,-0.9,-0.10000000000000009,-0.7714285714285715,-0.9
-0.7654884566399679,0.8815437438220656,0.8992804003144724,-0.18427030599082128,-0.5527819924100816,-0.3260041349820144,0.32753472053395616,0.36670208281443484,0.015570939947677331,-0.2874229478852035,0.15469853662790245,-0.005844145159298764,0.41519338518107174,-0.11923075194203414,-0.9,-0.8703045673629316,-0.887430167662642,-0.820129862088573,-0.8502304146637731,-0.8242990647425373,-0.8367187507348148,-0.838073395020296,-0.8940265484398223,-0.8658767781032882,-0.866310162283588,-0.8769230765814083,-0.8946215139153526,-0.9,-0.9,-0.9,-0.10000000000000009,-0.7714285714285715,-0.9
-0.7288537674385773,0.8815561555403463,0.8991981583196157,-0.1844202807360772,-0.5289853200432186,-0.3248120362661515,0.577145204836249,0.3722074211075507,-0.0009342511423867661,-0.2599568557766433,0.17372751213654591,0.05259741901834092,0.38784532030730234,-0.06153845688622017,-0.4813043111244399,-0.002284256540966978,-0.21368713812216977,-0.24740255519415677,-0.7880184314967212,-0.7801401842740079,-0.8015625030978527,-0.8339449537347781,-0.8920353979197632,-0.8658767781032882,-0.8614973286218535,-0.8769230765814083,-0.9,-0.9,-0.9,-0.9,-0.10000000000000009,-0.7714285714285715,-0.9
-0.7225211704252322,0.8816306259656234,0.8991364798871747,-0.18474181873953754,-0.5137802548095238,-0.323865368716859,0.71005014176691,0.5507712333290892,-0.010276807305434343,-0.2244451448473802,0.2833203093874027,0.09350650730308097,0.36795581130622457,0.03846156681506385,0.007826134267852725,0.7446700698297167,0.5002793758010976,0.2883117765851785,-0.7465437740563287,-0.7633177484156117,-0.7875000056670616,-0.8339449537347781,-0.8920353979197632,-0.8637440768886768,-0.8614973286218535,-0.8769230765814083,-0.9,-0.9,-0.9,-0.9,-0.10000000000000009,-0.7714285714285715,-0.9
-0.7195141464619865,0.8813327442413962,0.899054237892318,-0.18502050681578275,-0.5129283650828496,-0.32344462688722575,0.763495310614687,0.5610638388533996,-0.042664353962792,-0.20391492818142065,0.28931091622752125,0.08766234770985248,0.3580110612513355,0.08076925868267948,0.045000032536363865,0.7835026473388266,0.5555866334403062,0.31558449785873666,-0.752764971175619,-0.7654205501659591,-0.7875000056670616,-0.8339449537347781,-0.8920353979197632,-0.8658767781032882,-0.8639037454527208,-0.8749999998149295,-0.9,-0.9,-0.9,-0.9,-0.10000000000000009,-0.7714285714285715,-0.9
-0.7178949288044274,0.8709813534633161,0.8988897539026052,-0.1850847817066067,-0.5124229488863412,-0.3230414188406947,0.7716068150650314,0.5835638046124353,-0.11366781342228793,-0.15231197134253582,0.32137824713901375,0.08766234770985248,0.3232044375411075,0.1038461561094065,0.06260873070342565,0.7903554327894838,0.5606145617300832,0.3019481282232036,-0.7776497644424398,-0.7801401818456061,-0.8015625030978527,-0.8422018351138918,-0.8920353979197632,-0.8637440768886768,-0.866310162283588,-0.8769230765814083,-0.9,-0.9,-0.9,-0.9,-0.10000000000000009,-0.7714285714285715,-0.9
-0.716362407678121,0.8409821793792044,0.8987047161543206,-0.182630233204096,-0.5114410627318144,-0.3219194427181825,0.7718469450385456,0.617313905433052,-0.21207612113800822,-0.08988903723769182,0.3798747180712204,0.0818181996637678,0.2685083137211016,0.12307691377244023,0.1897826940446644,0.7972082182401411,0.5681564541647478,0.17142867255742422,-0.8460829483210266,-0.828504671885835,-0.8437500008035386,-0.8504587141091615,-0.8920353979197632,-0.8637440768886768,-0.8639037454527208,-0.8769230765814083,-0.8946215139153526,-0.8947265623731255,-0.8978155340862056,-0.8950549449333564,-0.10000000000000009,-0.7714285714285715,-0.9
-0.7161307757243818,0.79272533658653,0.8988075143587094,-0.17269436544355077,-0.5104735808424926,-0.320885118792437,0.7717748968917079,0.6424467730554556,-0.045155702479182436,-0.1478730088544138,0.41264685435004067,0.09935066689630934,0.24116024588356522,0.17307693665643853,0.3776087596246379,0.7401015461959454,0.5379888844260882,-0.14220775706980104,-0.8585253461518517,-0.8327102790291326,-0.8437500008035386,-0.8463302752074877,-0.8920353979197632,-0.8658767781032882,-0.8687165791144553,-0.8788461536254929,-0.7529880466745651,-0.689062488835043,-0.7033980642897832,-0.6626373525180437,-0.10000000000000009,-0.7714285714285715,-0.9
-0.7161018768806299,0.7516673031581372,0.8984991099416989,-0.1600681928061367,-0.5094916946879661,-0.3154330171496792,0.7714388247861893,0.6663830331203967,-0.1737716201181495,-0.05160296510710072,0.44154269376531785,0.11103898030919435,0.19640885137208175,0.22307693011815333,0.5478261812648225,0.5185279389212739,0.4248603585511167,-0.4987012558500899,-0.8585253461518517,-0.8327102790291326,-0.8437500008035386,-0.8422018363058139,-0.8920353979197632,-0.8658767781032882,-0.8687165791144553,-0.882692307713662,-0.3782868466835535,-0.03515624137253315,-0.17912622858153093,-0.024725240711811924,-0.10000000000000009,-0.7714285714285715,-0.9
-0.7157839895993574,0.7046392252376928,0.8984785488302446,-0.1542481259744245,-0.508192060908835,-0.26522459428785705,0.7715587524511943,0.6278457411596171,-0.1880968770025805,-0.03800864042017327,0.41687552736589584,0.08766235348342433,0.19889504259051216,0.21538462116848323,0.7356523191478269,0.39974624002851333,0.46005594948288475,-0.5610389353282357,-0.8564516129804784,-0.834813083207882,-0.8437500008035386,-0.8422018363058139,-0.8980088494799408,-0.8658767781032882,-0.8687165791144553,-0.8846153847577466,-0.0717131781616096,0.5062500446598285,0.30582522351647035,0.5340659943111817,-0.10000000000000009,-0.7714285714285715,-0.9
-0.7149454819268252,0.6469122222083888,0.898684155042866,-0.1535941739363591,-0.507672267988738,-0.20114925026854835,0.7720628148355512,0.5359307429579018,-0.10650518328450531,-0.11319359856854772,0.3696554780122746,0.08766235348342433,0.2361878693742373,0.150000009807428,0.7513044792289861,0.39746197821162765,0.4726258166589917,-0.5571428348602285,-0.8564516129804784,-0.834813083207882,-0.8437500008035386,-0.8442660557566508,-0.8960176989598816,-0.8658767781032882,-0.8711229959453226,-0.8846153847577466,-0.060956183217581894,0.5273438398271552,0.33640775797711864,0.56373629687115,-0.10000000000000009,-0.7714285714285715,-0.9
-0.7141358730980448,0.5828304105418239,0.8988075143587094,-0.15350847408192714,-0.5076722679887378,-0.18784331645393415,0.7728068240977518,0.5294681034006098,-0.08782006191538472,-0.1367755860976776,0.368598296492635,0.09350650730308097,0.24861881361132354,0.13461542133037108,0.7513044792289861,0.39289345457785607,0.46759788836921523,-0.5571428348602285,-0.8543778798091051,-0.8327102790291326,-0.8437500008035386,-0.8483944946583246,-0.8960176989598816,-0.8701421808403772,-0.8711229959453226,-0.8846153847577466,-0.060956183217581894,0.5273438398271552,0.32330097479255715,0.5538461960178273,-0.10000000000000009,-0.7714285714285715,-0.9
-0.7133553837148768,0.5117359595055203,0.8988280754701637,-0.15342277422749473,-0.5078166686817951,-0.18754529177496848,0.7735026791982765,0.5397606328338888,-0.07972317537003248,-0.12623305432249576,0.3802271207548843,0.06428573243122593,0.2337016900108736,0.15384614957112108,0.757174039259421,0.37918788367654177,0.4701118525141036,-0.5571428348602285,-0.8564516129804784,-0.8327102790291326,-0.8437500008035386,-0.8463302752074877,-0.8980088494799408,-0.8658767781032882,-0.8711229959453226,-0.8846153847577466,-0.060956183217581894,0.5273438398271552,0.3407766857053057,0.5538461960178273,-0.10000000000000009,-0.7714285714285715,-0.9
-0.7129790369405176,0.44129934807926186,0.8987252723638531,-0.15340134926388738,-0.5078311280302321,-0.1874225756692225,0.7736226068632813,0.5380851083257284,-0.07318338477083763,-0.11874229892262822,0.3890368429389063,0.0818181996637678,0.22375692513715129,0.14999999509628614,0.7689131593202906,0.38375640731031313,0.4801677090936568,-0.5512986841582178,-0.8585253461518517,-0.8369158873866313,-0.8437500008035386,-0.8463302752074877,-0.8960176989598816,-0.8701421808403772,-0.8711229959453226,-0.8846153847577466,-0.060956183217581894,0.5343750832296804,0.35388346888986744,0.5736263977244728,-0.10000000000000009,-0.7714285714285715,-0.9
-0.7129212392530138,0.3751447782114198,0.8987047161543206,-0.15340134926388693,-0.507845559837053,-0.18735245255341104,0.7735986213302798,0.5378456498503797,-0.07754324520996325,-0.0993218366590587,0.39960847241583963,0.07012988625088268,0.20386742502737343,0.1653846277067682,0.7884783594217396,0.39746197821162765,0.4952514939629865,-0.5454545154586993,-0.8585253461518517,-0.8390186915653804,-0.8437500008035386,-0.8483944946583246,-0.8980088494799408,-0.8701421808403772,-0.8687165791144553,-0.8846153847577466,-0.060956183217581894,0.5554688134372564,0.3669902520744289,0.6008242436000796,-0.10000000000000009,-0.7714285714285715,-0.9
-0.713007935784268,0.3109636798266838,0.8986635914804509,-0.1534763366365154,-0.5078744234506948,-0.1873173907342749,0.7731427131075951,0.5572340250684439,-0.048892725848703966,-0.11374846198938315,0.43660926844483916,0.08766235348342433,0.2063536103182707,0.18461541479208587,0.8021739994927543,0.39974624002851333,0.5229050995567582,-0.5318181458231664,-0.8585253461518517,-0.8369158873866313,-0.8460937512775558,-0.8463302752074877,-0.9,-0.8744075835774662,-0.8711229959453226,-0.8846153847577466,-0.0717131781616096,0.5554688134372564,0.3669902520744289,0.6131868925097227,-0.10000000000000009,-0.7714285714285715,-0.9
-0.7128923404092604,0.25223132479616994,0.898828073019203,-0.15348704911831934,-0.5079321506779784,-0.18758035359410463,0.7511359865794943,0.5301862505535623,-0.010276809209229243,-0.15564118494041157,0.44189509644898195,0.13441560136139274,0.266022122502671,0.14230771556889954,0.8197826795840583,0.41802033456359944,0.5530726692954181,-0.5201298444191449,-0.8585253461518517,-0.8411214957441298,-0.8437500008035386,-0.8463302752074877,-0.8980088494799408,-0.8701421808403772,-0.8687165791144553,-0.8846153847577466,-0.10398409673992448,0.5414063266322059,0.34951454116168035,0.6057692940267408,-0.10000000000000009,-0.7714285714285715,-0.9
-0.7123432623779712,0.19964279116761519,0.8992598392030181,-0.15329422444584706,-0.5078888552575156,-0.18803615672041318,0.7273771260204785,0.35688831814979094,0.07536332909038101,-0.28464859495209127,0.2956539124856278,0.11103897453562273,0.3455801259055492,-0.023076912137868888,0.7278262391072471,0.39746197821162765,0.47765374494876844,-0.5668830860302465,-0.8564516129804784,-0.8369158873866313,-0.8437500008035386,-0.8483944946583246,-0.9,-0.8658767781032882,-0.8711229959453226,-0.8846153847577466,-0.016135492416041508,0.5625000568397817,0.36262132434624184,0.5513736708044966,-0.10000000000000009,-0.7714285714285715,-0.9
-0.7112444445098068,0.15087706843404491,0.8997327251587807,-0.15305830452214852,-0.507816641140179,-0.18850948997259864,0.7280011160698393,0.15749998858634517,0.23231833964315818,-0.4361282529043975,0.15223182396766288,0.06428573243122593,0.42265194549941365,-0.18846152881128087,-0.023478176856587263,-0.0913705148827808,-0.12318437084160816,-0.6623376436706045,-0.8191244230802472,-0.7990654182401487,-0.8109375009339373,-0.8091743084055147,-0.8980088494799408,-0.8744075835774662,-0.8711229959453226,-0.8788461536254929,-0.5575697154816579,-0.37792966884944657,-0.4543689516939193,-0.4030219638392426,-0.10000000000000009,-0.7714285714285715,-0.9
-0.7109841343141792,0.12062965619285915,0.8997327227078199,-0.15306893522928178,-0.5078166962234112,-0.18852702166585789,0.7281451208156785,0.21159568979817112,0.1525951604655359,-0.40366832489611926,0.18570871918394516,0.04675326519868439,0.4127071954445246,-0.19999998855800083,-0.9,-0.9,-0.9,-0.9,-0.7403225745422086,-0.6939252299441002,-0.7195312473338731,-0.7080275183649228,-0.8860619460721529,-0.8573459732448425,-0.863903744757964,-0.8750000000925353,-0.9,-0.9,-0.9,-0.9,-0.10000000000000009,-0.7714285714285715,-0.9
-0.7108974377829219,0.10718774018804222,0.8997532789173522,-0.15304751026567398,-0.5078022368749742,-0.18852702114339714,0.7278572028718352,0.17066495444937224,0.2052249137293255,-0.43141185284920497,0.1589271963780815,0.04675326519868439,0.4201657587266331,-0.20384613567726506,-0.9,-0.8543147201359546,-0.8748603345994768,-0.8415584361752585,-0.8025345613015049,-0.7633177508440137,-0.7875000016070771,-0.7823394472011806,-0.8960176989598816,-0.8658767781032882,-0.8711229959453226,-0.8807692306695775,-0.9,-0.9,-0.9,-0.9,-0.10000000000000009,-0.7714285714285715,-0.9
-0.7108396400954167,0.10598378811778753,0.8898021666560204,-0.15302608530206607,-0.5078166962234112,-0.188491959324261,0.7269212177977952,0.16085103760266584,0.22141868777192764,-0.4752466225778047,0.15575569161619007,0.03506495755937111,0.4151933836991887,-0.20384613567726506,-0.9,-0.9,-0.9,-0.8922077917524981,-0.7983870925639288,-0.7633177508440137,-0.7757812532969751,-0.7720183463712299,-0.8940265484398223,-0.8658767781032882,-0.8711229959453226,-0.8769230765814083,-0.9,-0.9,-0.9,-0.9,-0.10000000000000009,-0.7714285714285715,-0.9
-0.7109263366266738,0.10598378811778753,0.8150660212426598,-0.15305822274747793,-0.5078166962234112,-0.17721960772150747,0.7263452903622706,0.17640959903577447,0.1840484478893788,-0.4308569821936808,0.1620986878742966,0.03506495178579905,0.44005526031829423,-0.22307691540701147,-0.9,-0.9,-0.9,-0.8961038958762491,-0.7652073725986885,-0.725467282911732,-0.7500000007894414,-0.7389908184709308,-0.8920353979197632,-0.8701421808403772,-0.8711229959453226,-0.8788461536254929,-0.9,-0.9,-0.9,-0.9,-0.10000000000000009,-0.7714285714285715,-0.9
-0.7108974377829205,0.1060210383922372,0.6911499920240284,-0.15305822274747793,-0.5077878050681532,-0.07312127569071902,0.7258414110735852,0.17257978525081896,0.15851211292424205,-0.38036376270399086,0.1571652492881418,0.058441572837997446,0.42016576020851637,-0.19999999591357165,-0.9,-0.9,-0.9,-0.8902597396906227,-0.7423963148980706,-0.7002336376235443,-0.7265624960492687,-0.7266055017659093,-0.8960176989598816,-0.8744075835774662,-0.8711229959453226,-0.8769230765814083,-0.9,-0.9,-0.9,-0.9,-0.10000000000000009,-0.7714285714285715,-0.9
-0.7109263366266754,0.1055369742125053,0.5679741306082017,-0.15306893522928178,-0.5038313142115567,0.07946745607252093,0.725865396606587,0.17688836380440953,0.21269897236708635,-0.40588780769047067,0.1793657295586767,0.14025976095462134,0.527071833301285,-0.21153843727136434,-0.9,-0.9,-0.9,-0.7597402481704334,0.22396315377036424,0.3637850679810345,0.26484372710091286,0.20229359915193645,-0.8920353979197632,-0.8658767781032882,-0.8711229959453226,-0.8807692306695775,-0.9,-0.9,-0.9,-0.9,-0.10000000000000009,-0.7714285714285715,-0.9
-0.7109841343141792,0.10512738690815848,0.4691003681365141,-0.15313329189477654,-0.4631834142184696,0.1462250217780222,0.72596133873859,0.2005850893029707,0.207404854003305,-0.42197905273882,0.2311668347133028,0.21623377793087306,0.6240331526344566,-0.20769229015210022,-0.9,-0.9,-0.9,-0.7383116730995092,0.6076037306036902,0.7717290543743779,0.6726562500334808,0.5903670323137374,-0.8920353979197632,-0.8701421808403772,-0.8711229959453226,-0.8769230765814083,-0.9,-0.9,-0.9,-0.9,-0.10000000000000009,-0.7714285714285715,-0.9
-0.7111575273766906,0.1044571542134779,0.4257595647825364,-0.14795638284465562,-0.40565553315198105,0.1488371165932164,0.7259373532055898,0.2632978715309465,0.28993080374224134,-0.4796855885110165,0.3108066176620802,0.25714287198918473,0.6886740368825349,-0.18846151777792453,-0.9,-0.9,-0.9,-0.7227272577293496,0.6677419997580053,0.8264019387378406,0.7429687263608115,0.6461010015874494,-0.8920353979197632,-0.8658767781032882,-0.8711229959453226,-0.8769230765814083,-0.9,-0.9,-0.9,-0.9,-0.10000000000000009,-0.7714285714285715,-0.9
-0.7115334329473288,0.10264502956577781,0.4194681636947365,-0.1229718496149278,-0.38731705825795426,0.14398106535331168,0.7248573633857079,0.3880053649249767,0.2964705902958721,-0.42641801936104984,0.4137040226040044,0.32727274091935177,0.6513812204719928,-0.06538460400548429,-0.9,-0.9,-0.9,-0.6564934912813274,0.7071428845123374,0.849532757991662,0.773437447336505,0.6399083468107049,-0.8940265484398223,-0.8658767781032882,-0.8711229959453226,-0.8769230765814083,-0.9,-0.9,-0.9,-0.9,-0.10000000000000009,-0.7714285714285715,-0.9
-0.7117361660573147,0.09368376406599033,0.44247497144031345,-0.07542519421256988,-0.38682607386826695,0.113407213402548,0.7217135191537406,0.44329790196735896,0.2868166066144905,-0.3481812710570018,0.40137043277145523,0.33896106010580873,0.5494475231476103,0.042307728645469944,-0.9,-0.7423857847658137,-0.6737430121210977,-0.23181814882275098,0.7133640768419688,0.8137851282357559,0.7148437531524793,0.443807364294008,-0.8920353979197632,-0.8658767781032882,-0.8687165791144553,-0.8769230765814083,-0.9,-0.9,-0.9,-0.9,-0.10000000000000009,-0.7714285714285715,-0.9
-0.7118804396742152,0.08335717598702808,0.47814683561115123,-0.025477552716722474,-0.3864651134480479,0.10436129436815722,0.7115860398094748,0.4811169706841546,0.22235294843328857,-0.29768805346211136,0.4101801416898013,0.3564935157912067,0.4922652032930529,0.11538461953391199,-0.8413043454683794,0.03197968654007588,0.12318435922869175,0.6175326080844324,0.7237327307246876,0.7044392817999706,0.5906249482563452,0.06605504149753394,-0.8940265484398223,-0.8658767781032882,-0.8687165791144553,-0.8769230765814083,-0.9,-0.9,-0.9,-0.9,-0.10000000000000009,-0.7714285714285715,-0.9
-0.7118515408304633,0.06982837818543342,0.5048955891722339,0.018317607912807787,-0.38620520321719154,0.10394054208930903,0.6741241160802146,0.4452128088598367,0.24633218864213935,-0.3290382396425776,0.38762728526695456,0.3681818349776639,0.49723757795002654,0.13846154638292252,-0.757173899172299,0.2855329803548231,0.39972067065056793,0.8240260408738599,0.7341013846074068,0.6602804450426748,0.5460937406764855,-0.014449527812404162,-0.8920353979197632,-0.8637440768886768,-0.8711229959453226,-0.8769230765814083,-0.9,-0.9,-0.9,-0.9,-0.10000000000000009,-0.7714285714285715,-0.9
-0.7117072672135627,0.049324203125307386,0.5121944430549613,0.05466366850438564,-0.38582972836530316,0.10374769973298703,0.5657939140219349,0.4093085709444876,0.2024221507831908,-0.2582922434655617,0.381636704958188,0.3038961140935815,0.4798342642425585,0.1000000163457132,-0.7434782545823452,0.3060913367067949,0.42737427624433943,0.8396104427458887,0.7299539230543192,0.6518692380412853,0.5367187496070415,-0.026834837365893316,-0.8940265484398223,-0.8658767781032882,-0.8687165791144553,-0.8769230765814083,-0.9,-0.9,-0.9,-0.9,-0.10000000000000009,-0.7714285714285715,-0.9
-0.7116779271660899,0.016780625730203447,0.5126673216578413,0.09796589142159162,-0.38379374193891347,0.10376522933640298,0.528235865065,0.3987765830358597,0.17906575228444377,-0.27771271124127495,0.3594361981563009,0.29220779490712456,0.44005526180017773,0.0807692145492539,-0.7434782545823452,0.324365431241881,0.42737427624433943,0.8376623925118848,0.7175115383950562,0.6308411039745211,0.5062500069780981,-0.03922014691938269,-0.8920353979197632,-0.8658767781032882,-0.8711229959453226,-0.8749999998149295,-0.9,-0.9,-0.9,-0.9,-0.10000000000000009,-0.7714285714285715,-0.9
-0.7113598192829554,-0.023942292830443468,0.5128318056475542,0.16474136988745902,-0.36167206803660534,0.10376522933640298,0.5233880409637915,0.2963298251986103,0.19868512336810518,-0.2954685667059065,0.2604150768122441,0.26298700848812595,0.4301105102634054,0.07692306007441874,-0.7395652055241765,0.33121821669253804,0.43743013282389265,0.8415584929798922,0.7009216921827058,0.620327056368354,0.48749995987946015,-0.06192654776744633,-0.8920353979197632,-0.8658767781032882,-0.8711229959453226,-0.8749999998149295,-0.9,-0.9,-0.9,-0.9,-0.10000000000000009,-0.7714285714285715,-0.9
-0.711186426220444,-0.06945611513526784,0.5129757309767741,0.23796911516081487,-0.31588369065367017,0.10358993330224153,0.46216734822335204,0.24295196677561204,0.23885813381196808,-0.3218249181924362,0.2093187372279176,0.17532469541970463,0.42762432200874134,0.03076925050982282,-0.7415217300532608,0.3266496930587667,0.4248603120994513,0.827922141341867,0.7009216921827058,0.6182242546180067,0.48515621211209925,-0.05986232950853143,-0.8920353979197632,-0.8658767781032882,-0.8711229959453226,-0.8769230765814083,-0.9,-0.9,-0.9,-0.9,-0.10000000000000009,-0.7714285714285715,-0.9
-0.7108974377829219,-0.11087411174365225,0.5130168482977605,0.3137159291515167,-0.28505481745554595,0.10308154136568459,0.29206432842643737,0.14864360127690912,0.20802769190581916,-0.3171085212378246,0.10043071881303678,0.11103898030919435,0.4375690705817471,-0.019230757663033837,-0.7454347745924901,0.29695428943925195,0.3972067065056796,0.8103896892358348,0.6967742306296184,0.6224298581187014,0.48749995987946015,-0.04541280169612738,-0.8920353979197632,-0.8658767781032882,-0.8711229959453226,-0.8769230765814083,-0.9,-0.9,-0.9,-0.9,-0.10000000000000009,-0.7714285714285715,-0.9
-0.7105217528141456,-0.151944557491411,0.5133458064733428,0.3827421736416071,-0.24888328386400072,0.10283611019911387,0.18925409468039966,-0.011010524404169164,0.22546713033068044,-0.3684340458495283,-0.021495663295740486,0.0759740400705392,0.432596697036186,-0.05384614793654985,-0.7513043346229249,0.2832487185379374,0.3745810292016848,0.8006494380658166,0.6926267690765308,0.6224298581187014,0.48749995987946015,-0.04128436517829759,-0.8920353979197632,-0.8658767781032882,-0.8711229959453226,-0.8769230765814083,-0.9,-0.9,-0.9,-0.9,-0.10000000000000009,-0.7714285714285715,-0.9
-0.7100011324228843,-0.19080571988202966,0.5134897318025625,0.4321646582050479,-0.2096649314530491,0.1027309158598727,0.16196734671789803,-0.1304520999349168,0.24197232332453955,-0.3725955750769421,-0.12721219643269166,0.029220792192570677,0.42265194698129716,-0.1576922893348145,-0.761086945970998,0.24213198473031838,0.3268156407713082,0.7616884333857447,0.6739631920876367,0.6182242546180067,0.480468716577377,-0.03509171040155301,-0.8940265484398223,-0.8658767781032882,-0.8687165791144553,-0.8769230765814083,-0.9,-0.9,-0.9,-0.9,-0.10000000000000009,-0.7714285714285715,-0.9
-0.7099722335791325,-0.21479759540817855,0.5134486095796539,0.44976420273830653,-0.20635825748601788,0.10269585665304037,0.07427605497183087,-0.11369677876228301,0.1961937679504583,-0.3731504462492298,-0.13214563211697994,-0.04675323055725278,0.4127071969264081,-0.1846153706586603,-0.8139130382127141,0.09822336364446416,0.15335197541901724,0.6058443066804108,0.5993087691802429,0.5761682196110584,0.43125001346279535,-0.033027492142638115,-0.8920353979197632,-0.8637440768886768,-0.8711229959453226,-0.8749999998149295,-0.9,-0.9,-0.9,-0.9,-0.10000000000000009,-0.7714285714285715,-0.9
-0.7099720129772735,-0.22372165798054477,0.5134486144815759,0.4509325174523052,-0.20796104183323638,0.10266079744620826,0.01022351302410307,-0.11680836930325478,0.22546713033068044,-0.3562268943563217,-0.1201644250695807,-0.09350647627013187,0.4151933836991887,-0.1961538377609512,-0.8589130413759717,-0.043401016728179975,-0.017597749014218178,0.4305195336549795,0.49976957695432345,0.5004672788896914,0.3492187549921596,-0.06399076602636122,-0.8920353979197632,-0.8658767781032882,-0.8687165791144553,-0.8769230765814083,-0.9,-0.9,-0.9,-0.9,-0.10000000000000009,-0.7714285714285715,-0.9
-0.7100011324228843,-0.22464011930740913,0.5133869286962517,0.4509753673795208,-0.20809101071947256,0.1025906790325436,0.0012477970030485563,-0.12925530214987602,0.19276816710180922,-0.3542848465452234,-0.1472983348061182,-0.10519478607453459,0.4077348204170802,-0.17692307642013194,-0.8804347812579257,-0.10050760435767447,-0.08296090968464587,0.3642857537088263,0.46244234634199055,0.46892517492562036,0.32343744293818866,-0.0701834208031058,-0.8940265484398223,-0.8658767781032882,-0.8687165791144553,-0.8769230765814083,-0.9,-0.9,-0.9,-0.9,-0.10000000000000009,-0.7714285714285715,-0.9
-0.710088049556002,-0.22476423954187952,0.5133458113752648,0.4509539424159129,-0.20855307641228604,0.10255561982571126,0.0011998259370475939,-0.11872335228676378,0.18311419103560722,-0.3470715290569353,-0.13884101198934118,-0.10519478607453459,0.4027624439077525,-0.17692307642013194,-0.8823913032451066,-0.11878169889276058,-0.10055865869886405,0.3409091509007832,0.45207369245927154,0.45420556267318835,0.30937495633402234,-0.07431185732093559,-0.8920353979197632,-0.8658767781032882,-0.8711229959453226,-0.8749999998149295,-0.9,-0.9,-0.9,-0.9,-0.10000000000000009,-0.7714285714285715,-0.9
-0.710088049556002,-0.22476423954187952,0.5133458113752648,0.4509539424159129,-0.20855307641228604,0.10255561982571126,0.0011998259370475939,-0.11872335228676378,0.18311419103560722,-0.3470715290569353,-0.13884101198934118,-0.10519478607453459,0.4027624439077525,-0.17692307642013194,-0.8823913032451066,-0.11878169889276058,-0.10055865869886405,0.3409091509007832,0.45207369245927154,0.45420556267318835,0.30937495633402234,-0.07431185732093559,-0.8920353979197632,-0.8658767781032882,-0.8711229959453226,-0.8749999998149295,-0.9,-0.9,-0.9,-0.9,-0.10000000000000009,-0.7714285714285715,-0.9
-0.710088049556002,-0.22476423954187952,0.5133458113752648,0.4509539424159129,-0.20855307641228604,0.10255561982571126,0.0011998259370475939,-0.11872335228676378,0.18311419103560722,-0.3470715290569353,-0.13884101198934118,-0.10519478607453459,0.4027624439077525,-0.17692307642013194,-0.8823913032451066,-0.11878169889276058,-0.10055865869886405,0.3409091509007832,0.45207369245927154,0.45420556267318835,0.30937495633402234,-0.07431185732093559,-0.8920353979197632,-0.8658767781032882,-0.8711229959453226,-0.8749999998149295,-0.9,-0.9,-0.9,-0.9,-0.10000000000000009,-0.7714285714285715,-0.9
-0.710088049556002,-0.22476423954187952,0.5133458113752648,0.4509539424159129,-0.20855307641228604,0.10255561982571126,0.0011998259370475939,-0.11872335228676378,0.18311419103560722,-0.3470715290569353,-0.13884101198934118,-0.10519478607453459,0.4027624439077525,-0.17692307642013194,-0.8823913032451066,-0.11878169889276058,-0.10055865869886405,0.3409091509007832,0.45207369245927154,0.45420556267318835,0.30937495633402234,-0.07431185732093559,-0.8920353979197632,-0.8658767781032882,-0.8711229959453226,-0.8749999998149295,-0.9,-0.9,-0.9,-0.9,-0.10000000000000009,-0.7714285714285715,-0.9
-0.710088049556002,-0.22476423954187952,0.5133458113752648,0.4509539424159129,-0.20855307641228604,0.10255561982571126,0.0011998259370475939,-0.11872335228676378,0.18311419103560722,-0.3470715290569353,-0.13884101198934118,-0.10519478607453459,0.4027624439077525,-0.17692307642013194,-0.8823913032451066,-0.11878169889276058,-0.10055865869886405,0.3409091509007832,0.45207369245927154,0.45420556267318835,0.30937495633402234,-0.07431185732093559,-0.8920353979197632,-0.8658767781032882,-0.8711229959453226,-0.8749999998149295,-0.9,-0.9,-0.9,-0.9,-0.10000000000000009,-0.7714285714285715,-0.9
-0.710088049556002,-0.22476423954187952,0.5133458113752648,0.4509539424159129,-0.20855307641228604,0.10255561982571126,0.0011998259370475939,-0.11872335228676378,0.18311419103560722,-0.3470715290569353,-0.13884101198934118,-0.10519478607453459,0.4027624439077525,-0.17692307642013194,-0.8823913032451066,-0.11878169889276058,-0.10055865869886405,0.3409091509007832,0.45207369245927154,0.45420556267318835,0.30937495633402234,-0.07431185732093559,-0.8920353979197632,-0.8658767781032882,-0.8711229959453226,-0.8749999998149295,-0.9,-0.9,-0.9,-0.9,-0.10000000000000009,-0.7714285714285715,-0.9
-0.710088049556002,-0.22476423954187952,0.5133458113752648,0.4509539424159129,-0.20855307641228604,0.10255561982571126,0.0011998259370475939,-0.11872335228676378,0.18311419103560722,-0.3470715290569353,-0.13884101198934118,-0.10519478607453459,0.4027624439077525,-0.17692307642013194,-0.8823913032451066,-0.11878169889276058,-0.10055865869886405,0.3409091509007832,0.45207369245927154,0.45420556267318835,0.30937495633402234,-0.07431185732093559,-0.8920353979197632,-0.8658767781032882,-0.8711229959453226,-0.8749999998149295,-0.9,-0.9,-0.9,-0.9,-0.10000000000000009,-0.7714285714285715,-0.9
-0.710088049556002,-0.22476423954187952,0.5133458113752648,0.4509539424159129,-0.20855307641228604,0.10255561982571126,0.0011998259370475939,-0.11872335228676378,0.18311419103560722,-0.3470715290569353,-0.13884101198934118,-0.10519478607453459,0.4027624439077525,-0.17692307642013194,-0.8823913032451066,-0.11878169889276058,-0.10055865869886405,0.3409091509007832,0.45207369245927154,0.45420556267318835,0.30937495633402234,-0.07431185732093559,-0.8920353979197632,-0.8658767781032882,-0.8711229959453226,-0.8749999998149295,-0.9,-0.9,-0.9,-0.9,-0.10000000000000009,-0.7714285714285715,-0.9
-0.710088049556002,-0.22476423954187952,0.5133458113752648,0.4509539424159129,-0.20855307641228604,0.10255561982571126,0.0011998259370475939,-0.11872335228676378,0.18311419103560722,-0.3470715290569353,-0.13884101198934118,-0.10519478607453459,0.4027624439077525,-0.17692307642013194,-0.8823913032451066,-0.11878169889276058,-0.10055865869886405,0.3409091509007832,0.45207369245927154,0.45420556267318835,0.30937495633402234,-0.07431185732093559,-0.8920353979197632,-0.8658767781032882,-0.8711229959453226,-0.8749999998149295,-0.9,-0.9,-0.9,-0.9,-0.10000000000000009,-0.7714285714285715,-0.9
-0.710088049556002,-0.22476423954187952,0.5133458113752648,0.4509539424159129,-0.20855307641228604,0.10255561982571126,0.0011998259370475939,-0.11872335228676378,0.18311419103560722,-0.3470715290569353,-0.13884101198934118,-0.10519478607453459,0.4027624439077525,-0.17692307642013194,-0.8823913032451066,-0.11878169889276058,-0.10055865869886405,0.3409091509007832,0.45207369245927154,0.45420556267318835,0.30937495633402234,-0.07431185732093559,-0.8920353979197632,-0.8658767781032882,-0.8711229959453226,-0.8749999998149295,-0.9,-0.9,-0.9,-0.9,-0.10000000000000009,-0.7714285714285715,-0.9
-0.710088049556002,-0.22476423954187952,0.5133458113752648,0.4509539424159129,-0.20855307641228604,0.10255561982571126,0.0011998259370475939,-0.11872335228676378,0.18311419103560722,-0.3470715290569353,-0.13884101198934118,-0.10519478607453459,0.4027624439077525,-0.17692307642013194,-0.8823913032451066,-0.11878169889276058,-0.10055865869886405,0.3409091509007832,0.45207369245927154,0.45420556267318835,0.30937495633402234,-0.07431185732093559,-0.8920353979197632,-0.8658767781032882,-0.8711229959453226,-0.8749999998149295,-0.9,-0.9,-0.9,-0.9,-0.10000000000000009,-0.7714285714285715,-0.9
-0.710088049556002,-0.22476423954187952,0.5133458113752648,0.4509539424159129,-0.20855307641228604,0.10255561982571126,0.0011998259370475939,-0.11872335228676378,0.18311419103560722,-0.3470715290569353,-0.13884101198934118,-0.10519478607453459,0.4027624439077525,-0.17692307642013194,-0.8823913032451066,-0.11878169889276058,-0.10055865869886405,0.3409091509007832,0.45207369245927154,0.45420556267318835,0.30937495633402234,-0.07431185732093559,-0.8920353979197632,-0.8658767781032882,-0.8711229959453226,-0.8749999998149295,-0.9,-0.9,-0.9,-0.9,-0.10000000000000009,-0.7714285714285715,-0.9
-0.710088049556002,-0.22476423954187952,0.5133458113752648,0.4509539424159129,-0.20855307641228604,0.10255561982571126,0.0011998259370475939,-0.11872335228676378,0.18311419103560722,-0.3470715290569353,-0.13884101198934118,-0.10519478607453459,0.4027624439077525,-0.17692307642013194,-0.8823913032451066,-0.11878169889276058,-0.10055865869886405,0.3409091509007832,0.45207369245927154,0.45420556267318835,0.30937495633402234,-0.07431185732093559,-0.8920353979197632,-0.8658767781032882,-0.8711229959453226,-0.8749999998149295,-0.9,-0.9,-0.9,-0.9,-0.10000000000000009,-0.7714285714285715,-0.9
-0.710088049556002,-0.22476423954187952,0.5133458113752648,0.4509539424159129,-0.20855307641228604,0.10255561982571126,0.0011998259370475939,-0.11872335228676378,0.18311419103560722,-0.3470715290569353,-0.13884101198934118,-0.10519478607453459,0.4027624439077525,-0.17692307642013194,-0.8823913032451066,-0.11878169889276058,-0.10055865869886405,0.3409091509007832,0.45207369245927154,0.45420556267318835,0.30937495633402234,-0.07431185732093559,-0.8920353979197632,-0.8658767781032882,-0.8711229959453226,-0.8749999998149295,-0.9,-0.9,-0.9,-0.9,-0.10000000000000009,-0.7714285714285715,-0.9
-0.710088049556002,-0.22476423954187952,0.5133458113752648,0.4509539424159129,-0.20855307641228604,0.10255561982571126,0.0011998259370475939,-0.11872335228676378,0.18311419103560722,-0.3470715290569353,-0.13884101198934118,-0.10519478607453459,0.4027624439077525,-0.17692307642013194,-0.8823913032451066,-0.11878169889276058,-0.10055865869886405,0.3409091509007832,0.45207369245927154,0.45420556267318835,0.30937495633402234,-0.07431185732093559,-0.8920353979197632,-0.8658767781032882,-0.8711229959453226,-0.8749999998149295,-0.9,-0.9,-0.9,-0.9,-0.10000000000000009,-0.7714285714285715,-0.9
-0.710088049556002,-0.22476423954187952,0.5133458113752648,0.4509539424159129,-0.20855307641228604,0.10255561982571126,0.0011998259370475939,-0.11872335228676378,0.18311419103560722,-0.3470715290569353,-0.13884101198934118,-0.10519478607453459,0.4027624439077525,-0.17692307642013194,-0.8823913032451066,-0.11878169889276058,-0.10055865869886405,0.3409091509007832,0.45207369245927154,0.45420556267318835,0.30937495633402234,-0.07431185732093559,-0.8920353979197632,-0.8658767781032882,-0.8711229959453226,-0.8749999998149295,-0.9,-0.9,-0.9,-0.9,-0.10000000000000009,-0.7714285714285715,-0.9
-0.710088049556002,-0.22476423954187952,0.5133458113752648,0.4509539424159129,-0.20855307641228604,0.10255561982571126,0.0011998259370475939,-0.11872335228676378,0.18311419103560722,-0.3470715290569353,-0.13884101198934118,-0.10519478607453459,0.4027624439077525,-0.17692307642013194,-0.8823913032451066,-0.11878169889276058,-0.10055865869886405,0.3409091509007832,0.45207369245927154,0.45420556267318835,0.30937495633402234,-0.07431185732093559,-0.8920353979197632,-0.8658767781032882,-0.8711229959453226,-0.8749999998149295,-0.9,-0.9,-0.9,-0.9,-0.10000000000000009,-0.7714285714285715,-0.9
-0.710088049556002,-0.22476423954187952,0.5133458113752648,0.4509539424159129,-0.20855307641228604,0.10255561982571126,0.0011998259370475939,-0.11872335228676378,0.18311419103560722,-0.3470715290569353,-0.13884101198934118,-0.10519478607453459,0.4027624439077525,-0.17692307642013194,-0.8823913032451066,-0.11878169889276058,-0.10055865869886405,0.3409091509007832,0.45207369245927154,0.45420556267318835,0.30937495633402234,-0.07431185732093559,-0.8920353979197632,-0.8658767781032882,-0.8711229959453226,-0.8749999998149295,-0.9,-0.9,-0.9,-0.9,-0.10000000000000009,-0.7714285714285715,-0.9
-0.710088049556002,-0.22476423954187952,0.5133458113752648,0.4509539424159129,-0.20855307641228604,0.10255561982571126,0.0011998259370475939,-0.11872335228676378,0.18311419103560722,-0.3470715290569353,-0.13884101198934118,-0.10519478607453459,0.4027624439077525,-0.17692307642013194,-0.8823913032451066,-0.11878169889276058,-0.10055865869886405,0.3409091509007832,0.45207369245927154,0.45420556267318835,0.30937495633402234,-0.07431185732093559,-0.8920353979197632,-0.8658767781032882,-0.8711229959453226,-0.8749999998149295,-0.9,-0.9,-0.9,-0.9,-0.10000000000000009,-0.7714285714285715,-0.9
-0.710088049556002,-0.22476423954187952,0.5133458113752648,0.4509539424159129,-0.20855307641228604,0.10255561982571126,0.0011998259370475939,-0.11872335228676378,0.18311419103560722,-0.3470715290569353,-0.13884101198934118,-0.10519478607453459,0.4027624439077525,-0.17692307642013194,-0.8823913032451066,-0.11878169889276058,-0.10055865869886405,0.3409091509007832,0.45207369245927154,0.45420556267318835,0.30937495633402234,-0.07431185732093559,-0.8920353979197632,-0.8658767781032882,-0.8711229959453226,-0.8749999998149295,-0.9,-0.9,-0.9,-0.9,-0.10000000000000009,-0.7714285714285715,-0.9
-0.710088049556002,-0.22476423954187952,0.5133458113752648,0.4509539424159129,-0.20855307641228604,0.10255561982571126,0.0011998259370475939,-0.11872335228676378,0.18311419103560722,-0.3470715290569353,-0.13884101198934118,-0.10519478607453459,0.4027624439077525,-0.17692307642013194,-0.8823913032451066,-0.11878169889276058,-0.10055865869886405,0.3409091509007832,0.45207369245927154,0.45420556267318835,0.30937495633402234,-0.07431185732093559,-0.8920353979197632,-0.8658767781032882,-0.8711229959453226,-0.8749999998149295,-0.9,-0.9,-0.9,-0.9,-0.10000000000000009,-0.7714285714285715,-0.9
-0.710088049556002,-0.22476423954187952,0.5133458113752648,0.4509539424159129,-0.20855307641228604,0.10255561982571126,0.0011998259370475939,-0.11872335228676378,0.18311419103560722,-0.3470715290569353,-0.13884101198934118,-0.10519478607453459,0.4027624439077525,-0.17692307642013194,-0.8823913032451066,-0.11878169889276058,-0.10055865869886405,0.3409091509007832,0.45207369245927154,0.45420556267318835,0.30937495633402234,-0.07431185732093559,-0.8920353979197632,-0.8658767781032882,-0.8711229959453226,-0.8749999998149295,-0.9,-0.9,-0.9,-0.9,-0.10000000000000009,-0.7714285714285715,-0.9
-0.710088049556002,-0.22476423954187952,0.5133458113752648,0.4509539424159129,-0.20855307641228604,0.10255561982571126,0.0011998259370475939,-0.11872335228676378,0.18311419103560722,-0.3470715290569353,-0.13884101198934118,-0.10519478607453459,0.4027624439077525,-0.17692307642013194,-0.8823913032451066,-0.11878169889276058,-0.10055865869886405,0.3409091509007832,0.45207369245927154,0.45420556267318835,0.30937495633402234,-0.07431185732093559,-0.8920353979197632,-0.8658767781032882,-0.8711229959453226,-0.8749999998149295,-0.9,-0.9,-0.9,-0.9,-0.10000000000000009,-0.7714285714285715,-0.9
-0.710088049556002,-0.22476423954187952,0.5133458113752648,0.4509539424159129,-0.20855307641228604,0.10255561982571126,0.0011998259370475939,-0.11872335228676378,0.18311419103560722,-0.3470715290569353,-0.13884101198934118,-0.10519478607453459,0.4027624439077525,-0.17692307642013194,-0.8823913032451066,-0.11878169889276058,-0.10055865869886405,0.3409091509007832,0.45207369245927154,0.45420556267318835,0.30937495633402234,-0.07431185732093559,-0.8920353979197632,-0.8658767781032882,-0.8711229959453226,-0.8749999998149295,-0.9,-0.9,-0.9,-0.9,-0.10000000000000009,-0.7714285714285715,-0.9
-0.710088049556002,-0.22476423954187952,0.5133458113752648,0.4509539424159129,-0.20855307641228604,0.10255561982571126,0.0011998259370475939,-0.11872335228676378,0.18311419103560722,-0.3470715290569353,-0.13884101198934118,-0.10519478607453459,0.4027624439077525,-0.17692307642013194,-0.8823913032451066,-0.11878169889276058,-0.10055865869886405,0.3409091509007832,0.45207369245927154,0.45420556267318835,0.30937495633402234,-0.07431185732093559,-0.8920353979197632,-0.8658767781032882,-0.8711229959453226,-0.8749999998149295,-0.9,-0.9,-0.9,-0.9,-0.10000000000000009,-0.7714285714285715,-0.9
-0.710088049556002,-0.22476423954187952,0.5133458113752648,0.4509539424159129,-0.20855307641228604,0.10255561982571126,0.0011998259370475939,-0.11872335228676378,0.18311419103560722,-0.3470715290569353,-0.13884101198934118,-0.10519478607453459,0.4027624439077525,-0.17692307642013194,-0.8823913032451066,-0.11878169889276058,-0.10055865869886405,0.3409091509007832,0.45207369245927154,0.45420556267318835,0.30937495633402234,-0.07431185732093559,-0.8920353979197632,-0.8658767781032882,-0.8711229959453226,-0.8749999998149295,-0.9,-0.9,-0.9,-0.9,-0.10000000000000009,-0.7714285714285715,-0.9
-0.710088049556002,-0.22476423954187952,0.5133458113752648,0.4509539424159129,-0.20855307641228604,0.10255561982571126,0.0011998259370475939,-0.11872335228676378,0.18311419103560722,-0.3470715290569353,-0.13884101198934118,-0.10519478607453459,0.4027624439077525,-0.17692307642013194,-0.8823913032451066,-0.11878169889276058,-0.10055865869886405,0.3409091509007832,0.45207369245927154,0.45420556267318835,0.30937495633402234,-0.07431185732093559,-0.8920353979197632,-0.8658767781032882,-0.8711229959453226,-0.8749999998149295,-0.9,-0.9,-0.9,-0.9,-0.10000000000000009,-0.7714285714285715,-0.9
-0.710088049556002,-0.22476423954187952,0.5133458113752648,0.4509539424159129,-0.20855307641228604,0.10255561982571126,0.0011998259370475939,-0.11872335228676378,0.18311419103560722,-0.3470715290569353,-0.13884101198934118,-0.10519478607453459,0.4027624439077525,-0.17692307642013194,-0.8823913032451066,-0.11878169889276058,-0.10055865869886405,0.3409091509007832,0.45207369245927154,0.45420556267318835,0.30937495633402234,-0.07431185732093559,-0.8920353979197632,-0.8658767781032882,-0.8711229959453226,-0.8749999998149295,-0.9,-0.9,-0.9,-0.9,-0.10000000000000009,-0.7714285714285715,-0.9
-0.710088049556002,-0.22476423954187952,0.5133458113752648,0.4509539424159129,-0.20855307641228604,0.10255561982571126,0.0011998259370475939,-0.11872335228676378,0.18311419103560722,-0.3470715290569353,-0.13884101198934118,-0.10519478607453459,0.4027624439077525,-0.17692307642013194,-0.8823913032451066,-0.11878169889276058,-0.10055865869886405,0.3409091509007832,0.45207369245927154,0.45420556267318835,0.30937495633402234,-0.07431185732093559,-0.8920353979197632,-0.8658767781032882,-0.8711229959453226,-0.8749999998149295,-0.9,-0.9,-0.9,-0.9,-0.10000000000000009,-0.7714285714285715,-0.9
-0.710088049556002,-0.22476423954187952,0.5133458113752648,0.4509539424159129,-0.20855307641228604,0.10255561982571126,0.0011998259370475939,-0.11872335228676378,0.18311419103560722,-0.3470715290569353,-0.13884101198934118,-0.10519478607453459,0.4027624439077525,-0.17692307642013194,-0.8823913032451066,-0.11878169889276058,-0.10055865869886405,0.3409091509007832,0.45207369245927154,0.45420556267318835,0.30937495633402234,-0.07431185732093559,-0.8920353979197632,-0.8658767781032882,-0.8711229959453226,-0.8749999998149295,-0.9,-0.9,-0.9,-0.9,-0.10000000000000009,-0.7714285714285715,-0.9
-0.710088049556002,-0.22476423954187952,0.5133458113752648,0.4509539424159129,-0.20855307641228604,0.10255561982571126,0.0011998259370475939,-0.11872335228676378,0.18311419103560722,-0.3470715290569353,-0.13884101198934118,-0.10519478607453459,0.4027624439077525,-0.17692307642013194,-0.8823913032451066,-0.11878169889276058,-0.10055865869886405,0.3409091509007832,0.45207369245927154,0.45420556267318835,0.30937495633402234,-0.07431185732093559,-0.8920353979197632,-0.8658767781032882,-0.8711229959453226,-0.8749999998149295,-0.9,-0.9,-0.9,-0.9,-0.10000000000000009,-0.7714285714285715,-0.9
