position1,position2,position3,position4,position5,position6,position7,torque1,torque2,torque3,torque4,torque5,torque6,torque7,tactile0,tactile1,tactile2,tactile3,tactile4,tactile5,tactile6,tactile7,tactile8,tactile9,tactile10,tactile11,tactile12,tactile13,tactile14,tactile15
0.569804589,-0.134046887,0.801854843,-0.420633856,-0.830225194,0.898644591,-0.382756158,-0.108546317,0.301979305,-0.507790359,0.20937719,-0.023684219,0.138970611,-0.120422591,-0.9,-0.9,-0.9,-0.9,-0.9,-0.897096774,-0.9,-0.9,-0.897096774,-0.9,-0.897096774,-0.9,-0.9,-0.9,-0.9,-0.9
0.569736362,-0.134046887,0.80184208,-0.420633856,-0.830225194,0.898611112,-0.38272907,-0.107827519,0.300706924,-0.505240787,0.209377196,-0.039473687,0.129044138,-0.133098662,-0.9,-0.9,-0.9,-0.9,-0.901451613,-0.897096774,-0.9,-0.9,-0.898548387,-0.897096774,-0.895645162,-0.9,-0.9,-0.9,-0.9,-0.9
0.569770476,-0.134046887,0.80184208,-0.420621351,-0.830235855,0.898644591,-0.382756158,-0.108067118,0.300282801,-0.503541071,0.209699304,-0.023684215,0.135661787,-0.139436691,-0.9,-0.9,-0.9,-0.9,-0.9,-0.897096774,-0.9,-0.9,-0.894193548,-0.891290323,-0.9,-0.9,-0.9,-0.9,-0.9,-0.9
0.569804589,-0.134046887,0.80184208,-0.420633856,-0.830225194,0.898627852,-0.38272907,-0.107587882,0.300706924,-0.504390927,0.208088723,-0.023684215,0.138970611,-0.139436679,-0.9,-0.9,-0.9,-0.9,-0.901451613,-0.897096774,-0.9,-0.9,-0.898548387,-0.9,-0.895645162,-0.9,-0.9,-0.9,-0.9,-0.9
0.569804589,-0.134046887,0.80184208,-0.420633856,-0.830235855,0.898627852,-0.382756158,-0.107827481,0.29901041,-0.504390927,0.209055076,-0.01578948,0.135661787,-0.139436679,-0.9,-0.9,-0.9,-0.9,-0.9,-0.897096774,-0.9,-0.9,-0.894193548,-0.894193548,-0.897096774,-0.9,-0.9,-0.9,-0.9,-0.9
0.569804589,-0.134059521,0.801829318,-0.420633856,-0.830246527,0.898594372,-0.382756158,-0.108306718,0.299434533,-0.506515571,0.209699316,-0.023684219,0.129044138,-0.145774696,-0.9,-0.9,-0.9,-0.9,-0.9,-0.897096774,-0.9,-0.9,-0.897096774,-0.897096774,-0.897096774,-0.9,-0.9,-0.9,-0.9,-0.9
0.569804589,-0.134059521,0.801829318,-0.420633856,-0.830246527,0.898594372,-0.382756158,-0.107108683,0.30028278,-0.504815859,0.208410837,-0.023684219,0.132352962,-0.139436691,-0.9,-0.9,-0.9,-0.9,-0.9,-0.897096774,-0.9,-0.9,-0.894193548,-0.894193548,-0.898548387,-0.9,-0.9,-0.9,-0.9,-0.9
0.569770476,-0.134059521,0.801829318,-0.420633856,-0.830235855,0.898611112,-0.382756158,-0.106869046,0.298162142,-0.504815857,0.207444484,-0.039473687,0.132352962,-0.139436691,-0.9,-0.9,-0.9,-0.9,-0.9,-0.897096774,-0.9,-0.9,-0.897096774,-0.9,-0.898548387,-0.9,-0.9,-0.9,-0.9,-0.9
0.569804589,-0.134046887,0.801829318,-0.420633856,-0.830257198,0.898627852,-0.382756158,-0.107348282,0.299858657,-0.505240783,0.20937719,-0.039473687,0.135661787,-0.133098662,-0.9,-0.9,-0.9,-0.9,-0.9,-0.898548387,-0.9,-0.9,-0.895645161,-0.897096774,-0.895645162,-0.9,-0.9,-0.9,-0.9,-0.9
0.569770476,-0.134046887,0.80184208,-0.420633856,-0.830257198,0.898627852,-0.38272907,-0.106389847,0.298162142,-0.506090645,0.207122364,-0.023684215,0.132352962,-0.139436679,-0.9,-0.9,-0.9,-0.9,-0.9,-0.89564516,-0.9,-0.9,-0.895645161,-0.9,-0.897096774,-0.9,-0.9,-0.9,-0.9,-0.9
0.569804589,-0.134097448,0.801829318,-0.420859094,-0.830235855,0.898678039,-0.382620715,-0.107108607,0.292224353,-0.503965997,0.198747275,0.047368406,0.138970611,-0.114084574,-0.9,-0.9,-0.9,-0.9,-0.9,-0.897096774,-0.9,-0.9,-0.895645161,-0.897096774,-0.897096774,-0.9,-0.9,-0.9,-0.9,-0.9
0.569838703,-0.134148057,0.801829318,-0.421034216,-0.830235855,0.898728226,-0.382539449,-0.109984065,0.292648476,-0.506090643,0.203579059,0.047368406,0.132352962,-0.126760632,-0.9,-0.9,-0.9,-0.9,-0.9,-0.897096774,-0.9,-0.9,-0.895645161,-0.9,-0.895645162,-0.9,-0.9,-0.9,-0.9,-0.9
0.569770476,-0.134198594,0.801829318,-0.421071732,-0.830235855,0.898711502,-0.382539449,-0.109504828,0.292224363,-0.504390929,0.204223298,0.039473672,0.135661787,-0.120422591,-0.9,-0.9,-0.9,-0.9,-0.901451613,-0.9,-0.9,-0.9,-0.895645161,-0.9,-0.898548387,-0.9,-0.9,-0.9,-0.9,-0.9
0.569804589,-0.134211228,0.801829318,-0.421071732,-0.830235855,0.898728226,-0.382539449,-0.109025553,0.29307262,-0.504390929,0.203256945,0.047368406,0.142279433,-0.114084562,-0.9,-0.9,-0.9,-0.9,-0.9,-0.897096774,-0.9,-0.9,-0.895645161,-0.897096774,-0.897096774,-0.9,-0.9,-0.9,-0.9,-0.9
0.569838703,-0.134274448,0.801829318,-0.421084237,-0.830214532,0.898828633,-0.382539449,-0.110463263,0.295193248,-0.504390927,0.203256939,0.047368406,0.138970611,-0.114084562,-0.9,-0.9,-0.9,-0.9,-0.9,-0.898548387,-0.9,-0.9,-0.895645161,-0.9,-0.897096774,-0.9,-0.9,-0.9,-0.9,-0.9
0.569872816,-0.134299764,0.80184208,-0.421084237,-0.830235855,0.89887882,-0.382539449,-0.111182137,0.296041494,-0.502691215,0.2026127,0.055263148,0.142279435,-0.114084562,-0.9,-0.9,-0.9,-0.9,-0.9,-0.9,-0.9,-0.9,-0.898548387,-0.9,-0.898548387,-0.9,-0.9,-0.9,-0.9,-0.9
0.569804589,-0.134299764,0.801829318,-0.421121896,-0.830214532,0.898979211,-0.382539449,-0.113099084,0.295617381,-0.505240787,0.201324221,0.047368406,0.132352962,-0.114084574,-0.9,-0.9,-0.9,-0.9,-0.9,-0.898548387,-0.9,-0.9,-0.898548387,-0.897096774,-0.894193549,-0.9,-0.9,-0.9,-0.9,-0.9
0.569770476,-0.134299764,0.801829318,-0.421171965,-0.830203871,0.899096373,-0.382539449,-0.113338759,0.296041505,-0.504815855,0.202290586,0.055263148,0.142279435,-0.114084574,-0.9,-0.9,-0.9,-0.9,-0.9,-0.897096774,-0.9,-0.9,-0.895645161,-0.9,-0.897096774,-0.9,-0.9,-0.9,-0.9,-0.9
0.569736362,-0.134299764,0.801829318,-0.421184471,-0.830193209,0.899180024,-0.382539449,-0.114776393,0.296041505,-0.505240787,0.2026127,0.047368406,0.142279435,-0.114084562,-0.9,-0.9,-0.9,-0.9,-0.9,-0.898548387,-0.9,-0.9,-0.898548387,-0.9,-0.9,-0.9,-0.9,-0.9,-0.9,-0.9
0.569770476,-0.134072204,0.801829318,-0.421184471,-0.830193209,0.899230227,-0.382539449,-0.116932939,0.349905785,-0.517138807,0.201968466,0.071052633,0.142279433,-0.133098649,-0.9,-0.9,-0.9,-0.9,-0.9,-0.897096774,-0.9,-0.9,-0.9,-0.9,-0.897096774,-0.9,-0.9,-0.9,-0.9,-0.9
0.569770476,-0.129331745,0.801739979,-0.421209481,-0.830182538,0.899330602,-0.382539449,-0.117651813,0.490716342,-0.572379601,0.207444484,0.078947367,0.145588257,-0.114084562,-0.9,-0.9,-0.9,-0.9,-0.9,-0.898548387,-0.9,-0.9,-0.897096774,-0.9,-0.898548387,-0.9,-0.9,-0.9,-0.9,-0.9
0.569770476,-0.104289619,0.801484725,-0.421221986,-0.830139851,0.899380805,-0.382403592,-0.10758792,0.398680533,-0.513314441,0.205189646,0.055263148,0.142279433,-0.114084562,-0.9,-0.9,-0.9,-0.9,-0.901451613,-0.89564516,-0.898548387,-0.898548387,-0.897096774,-0.894193548,-0.897096774,-0.9,-0.9,-0.9,-0.9,-0.9
0.569770476,-0.062156642,0.801395386,-0.421297018,-0.830107837,0.899431008,-0.382403592,-0.114057481,0.480537277,-0.567280446,0.207444484,0.078947367,0.155514724,-0.114084562,-0.9,-0.9,-0.9,-0.9,-0.892741936,-0.889838708,-0.892741934,-0.895645162,-0.897096774,-0.897096774,-0.898548387,-0.9,-0.9,-0.9,-0.9,-0.9
0.569087164,-0.00925337,0.801306047,-0.421484741,-0.830118508,0.899330618,-0.382539449,-0.025638989,0.275259221,-0.47209631,0.23450245,0.086842102,0.188602963,-0.082394416,-0.9,-0.9,-0.9,-0.891290323,-0.62709678,-0.611129023,-0.670645162,-0.676451618,-0.894193548,-0.897096774,-0.895645162,-0.9,-0.9,-0.9,-0.9,-0.9
0.56837078,0.02372742,0.801382623,-0.421647357,-0.830427883,0.899129821,-0.38272907,0.013658073,0.413100914,-0.566855516,0.261882567,0.173684211,0.254779432,-0.038028224,-0.9,-0.9,-0.9,-0.86951613,-0.17129033,-0.119032259,-0.271451609,-0.255483869,-0.894193548,-0.897096774,-0.897096774,-0.9,-0.9,-0.9,-0.9,-0.9
0.568029645,0.03983226,0.801433674,-0.421734894,-0.832049307,0.899012674,-0.382810336,0.024920153,0.477568393,-0.597025485,0.26768071,0.18947368,0.27132355,-0.019014136,-0.9,-0.9,-0.9,-0.870967743,0.023225788,0.085645167,-0.088548383,-0.055161318,-0.894193548,-0.9,-0.894193549,-0.9,-0.9,-0.9,-0.9,-0.9
0.567961418,0.04493928,0.801484725,-0.421734894,-0.832603997,0.898995934,-0.382864513,0.017491928,0.555607964,-0.628895173,0.275089428,0.221052641,0.297794141,-0.012676107,-0.9,-0.9,-0.9,-0.872419356,0.076935467,0.143709681,-0.036290342,-6.71E-08,-0.894193548,-0.894193548,-0.894193549,-0.9,-0.9,-0.9,-0.9,-0.9
0.567927304,0.045710401,0.801484725,-0.4217474,-0.832614658,0.898962487,-0.382864513,0.021805019,0.54076348,-0.616572233,0.274767308,0.205263164,0.294485317,-0.006338078,-0.9,-0.9,-0.9,-0.876774194,0.084193525,0.148064516,-0.029032284,0.008709683,-0.895645161,-0.897096774,-0.894193549,-0.9,-0.9,-0.9,-0.9,-0.9
0.567961418,0.045773608,0.801523013,-0.421734894,-0.83262532,0.898979211,-0.382783247,0.012460038,0.541611748,-0.622096309,0.272512482,0.197368422,0.294485317,-0.006338078,-0.9,-0.9,-0.9,-0.875322581,0.087096748,0.150967739,-0.029032284,0.011612932,-0.897096774,-0.9,-0.897096774,-0.9,-0.9,-0.9,-0.9,-0.9
0.567859077,0.044724378,0.801523013,-0.421246949,-0.831121233,0.898979211,-0.382783247,0.036661317,0.444062231,-0.572804524,0.329205385,0.315789484,0.284558845,0.006337981,-0.9,-0.9,-0.9,-0.876774194,0.087096748,0.149516127,-0.029032284,0.011612932,-0.894193548,-0.897096774,-0.895645162,-0.9,-0.9,-0.9,-0.9,-0.9
0.567551795,0.028480501,0.80151025,-0.403780018,-0.819355216,0.898694763,-0.383108414,0.100399446,0.308765351,-0.484844186,0.426807422,0.442105266,0.228308845,0.063380231,-0.9,-0.9,-0.9,-0.82451613,0.04790321,0.10161292,-0.075483879,-0.062419376,-0.895645161,-0.9,-0.894193549,-0.9,-0.9,-0.9,-0.9,-0.9
0.567551274,-0.008482261,0.801561301,-0.356108564,-0.762541179,0.898527429,-0.383515054,0.10806708,0.461451518,-0.525637387,0.416177458,0.378947375,0.185294137,0.133098552,-0.884032258,-0.669193561,-0.676451606,-0.364354833,-0.123387096,-0.153870989,-0.304838714,-0.422419361,-0.895645161,-0.897096774,-0.895645162,-0.895645161,-0.9,-0.9,-0.9,-0.9
0.5672104,-0.040161014,0.801535776,-0.29681349,-0.64443285,0.898594372,-0.38392159,0.199121431,0.350754052,-0.456373933,0.458375058,0.410526313,0.15551473,0.221830925,-0.814354838,-0.360000005,-0.435483871,-0.056612916,-0.193064516,-0.270000017,-0.406451601,-0.555967735,-0.895645161,-0.891290323,-0.894193549,-0.897096774,-0.9,-0.9,-0.9,-0.9
0.567824703,-0.071966171,0.801637877,-0.223917576,-0.50829678,0.898560893,-0.383948679,0.007907309,0.545004776,-0.566005652,0.361417273,0.323684203,0.155514724,0.183802774,-0.760645157,-0.193064533,-0.28887096,0.120483863,-0.159677398,-0.25403225,-0.393387097,-0.5516129,-0.894193548,-0.891290323,-0.894193549,-0.898548387,-0.9,-0.9,-0.9,-0.9
0.568302553,-0.099043526,0.801625115,-0.147067939,-0.406936107,0.898577632,-0.383108414,-0.122923378,0.417342169,-0.5388102,0.223550428,0.181578953,0.129044136,0.025352068,-0.757741934,-0.233709683,-0.335322569,0.046451609,-0.223548425,-0.319354849,-0.447096764,-0.592258063,-0.895645161,-0.897096774,-0.894193549,-0.898548387,-0.9,-0.9,-0.9,-0.9
0.568746289,-0.119699167,0.801586826,-0.066026643,-0.335603876,0.898544169,-0.382105617,-0.192651794,0.317672056,-0.513314447,0.118217578,0.063157889,0.119117665,-0.171126812,-0.869516128,-0.727258068,-0.759193552,-0.627096786,-0.582096771,-0.615483867,-0.679354836,-0.741774187,-0.897096774,-0.9,-0.897096774,-0.9,-0.9,-0.9,-0.9,-0.9
0.568609835,-0.134148033,0.801625115,0.021733669,-0.292870671,0.898309908,-0.381726169,-0.380031985,0.315975521,-0.543909342,0.013851082,-0.015789479,0.105882376,-0.22183104,-0.9,-0.9,-0.9,-0.9,-0.892741936,-0.898548383,-0.892741934,-0.90435484,-0.895645161,-0.891290323,-0.891290323,-0.895645161,-0.886935484,-0.891290323,-0.891290323,-0.894193548
0.540621387,-0.144539097,0.801688928,0.095067459,-0.276763068,0.897958533,-0.381509253,-0.54896166,0.37196047,-0.599999997,-0.092448135,-0.063157902,0.119117669,-0.253521174,-0.9,-0.9,-0.9,-0.9,-0.900000001,-0.907258061,-0.898548386,-0.914516129,-0.892741935,-0.888387097,-0.88983871,-0.88983871,-0.895645161,-0.895645161,-0.898548387,-0.9
0.457542993,-0.147990095,0.801625115,0.139485628,-0.274960287,0.897841403,-0.381509253,-0.515175763,0.285014173,-0.555807356,-0.064101681,-0.055263166,0.115808841,-0.247183139,-0.9,-0.9,-0.9,-0.9,-0.90435484,-0.914516125,-0.902903225,-0.915967743,-0.891290323,-0.884032259,-0.889838711,-0.891290323,-0.9,-0.9,-0.898548387,-0.9
0.311150172,-0.148344046,0.801586826,0.163684128,-0.274554909,0.897774444,-0.381644903,-0.366134198,0.277804003,-0.523087813,-0.000644277,-0.055263166,0.105882372,-0.221831022,-0.9,-0.9,-0.9,-0.9,-0.907258066,-0.915967738,-0.907258063,-0.918870969,-0.894193548,-0.885483871,-0.888387098,-0.892741935,-0.9,-0.9,-0.9,-0.9
0.146018354,-0.144083976,0.801612352,0.172980714,-0.27435226,0.89760711,-0.38178045,-0.196964924,0.391046239,-0.568980164,0.075375757,-0.015789479,0.112500017,-0.196478917,-0.9,-0.9,-0.9,-0.9,-0.907258066,-0.917419352,-0.90580645,-0.917419355,-0.894193548,-0.891290323,-0.892741936,-0.895645161,-0.9,-0.9,-0.9,-0.9
0.03242581,-0.119294656,0.801523013,0.173881572,-0.274106884,0.897406329,-0.381536549,-0.282987271,0.352026443,-0.556232292,0.031889726,-0.031578957,0.138970609,-0.240845115,-0.9,-0.9,-0.9,-0.9,-0.88983871,-0.892741929,-0.888387097,-0.894193548,-0.881129033,-0.86951613,-0.87967742,-0.885483871,-0.9,-0.9,-0.9,-0.9
-0.053689989,-0.075328705,0.801459199,0.174256922,-0.273946901,0.896954531,-0.381156998,-0.160543206,0.248963266,-0.526912181,0.047351437,-0.086842114,0.165441193,-0.291549337,-0.9,-0.9,-0.9,-0.9,-0.831774193,-0.799838705,-0.812903223,-0.769354843,-0.704032256,-0.672096771,-0.766451611,-0.773709676,-0.9,-0.9,-0.9,-0.9
-0.112329042,-0.035129824,0.801523013,0.174569697,-0.273818883,0.89623501,-0.380560737,-0.203674122,0.36602267,-0.633994326,0.041231174,-0.063157896,0.185294139,-0.361267646,-0.9,-0.9,-0.9,-0.9,-0.724354842,-0.664838713,-0.704032261,-0.605322587,-0.357096776,-0.303387113,-0.540000005,-0.599516125,-0.9,-0.9,-0.9,-0.9
-0.135846276,0.003274034,0.801484725,0.175307939,-0.273744212,0.895599155,-0.379747664,-0.213019179,0.294344991,-0.606373929,0.02480311,-0.102631583,0.195220611,-0.392957792,-0.9,-0.9,-0.9,-0.9,-0.62419356,-0.542903224,-0.602419357,-0.46596774,-0.068225808,-0.052258066,-0.342580644,-0.487741931,-0.9,-0.9,-0.9,-0.9
-0.137211598,0.052511346,0.801586826,0.175770921,-0.273680203,0.8949633,-0.379503867,-0.274600649,0.396135761,-0.688810182,-0.017716567,-0.078947373,0.208455902,-0.43732399,-0.9,-0.9,-0.9,-0.9,-0.587903225,-0.497903227,-0.566129015,-0.419516118,0.02903223,0.034838692,-0.26564518,-0.447096788,-0.9,-0.9,-0.9,-0.9
-0.138304011,0.12808021,0.80151025,0.175845953,-0.273626855,0.89308923,-0.379313832,-0.282508072,0.34566451,-0.634844186,-0.047673617,-0.126315796,0.172058845,-0.443662019,-0.9,-0.9,-0.9,-0.9,-0.616935496,-0.538548383,-0.600967745,-0.452903236,0.065322518,0.09870968,-0.220645182,-0.396290331,-0.9,-0.9,-0.9,-0.9
-0.14031775,0.226643322,0.801408149,0.175658326,-0.273584209,0.874816802,-0.379368113,-0.231709332,0.171347818,-0.540934839,-0.070866172,-0.14210527,0.142279433,-0.443662016,-0.9,-0.9,-0.9,-0.9,-0.65612902,-0.586451597,-0.64306452,-0.506612916,0.084193549,0.158225832,-0.165483891,-0.336774192,-0.9,-0.9,-0.9,-0.9
-0.141819266,0.321312968,0.801267759,0.171053801,-0.275024276,0.826742968,-0.379232566,-0.196246088,0.14971728,-0.512889514,-0.089226946,-0.244736853,0.119117671,-0.450000045,-0.9,-0.9,-0.9,-0.9,-0.67499999,-0.611129033,-0.660483865,-0.528387102,0.11758064,0.204677428,-0.123387103,-0.294677417,-0.9,-0.9,-0.9,-0.9
-0.142775226,0.418776313,0.801140132,0.15552624,-0.285787589,0.727566588,-0.378744867,-0.183067137,-0.032233721,-0.435552402,-0.122405185,-0.339473693,0.059558841,-0.526056381,-0.9,-0.9,-0.9,-0.9,-0.67790322,-0.60822581,-0.660483858,-0.525483866,0.148064482,0.233709658,-0.094354819,-0.277258079,-0.9,-0.9,-0.9,-0.9
-0.142638772,0.511992229,0.801229471,0.136094833,-0.305884769,0.626967928,-0.376766156,-0.3265975,-0.002120614,-0.511614723,-0.237723718,-0.378947387,0.049632368,-0.665493005,-0.9,-0.9,-0.9,-0.9,-0.679354831,-0.60822581,-0.659032246,-0.525483866,0.165483847,0.246774242,-0.074032258,-0.265645187,-0.9,-0.9,-0.9,-0.9
-0.140112549,0.598141735,0.801306047,0.118277563,-0.316626759,0.578643086,-0.37532963,-0.316533569,0.109425095,-0.581728045,-0.247065168,-0.371052641,0.109191196,-0.728873285,-0.9,-0.9,-0.9,-0.9,-0.686612896,-0.612580644,-0.664838693,-0.528387089,0.174193597,0.252580715,-0.062419366,-0.261290353,-0.9,-0.9,-0.9,-0.9
-0.129224608,0.68080228,0.80103803,0.107567116,-0.317586797,0.570979387,-0.37546528,-0.215655,-0.200188479,-0.342492914,-0.163958512,-0.339473695,0.049632368,-0.627464835,-0.9,-0.9,-0.9,-0.9,-0.711290328,-0.643064513,-0.692419352,-0.564677417,0.152419344,0.255483938,-0.0667742,-0.235161318,-0.9,-0.9,-0.9,-0.9
-0.11905279,0.756396419,0.800808302,0.094154095,-0.318226849,0.570627988,-0.377362416,-0.121485668,-0.368991494,-0.161473085,-0.055404468,-0.236842116,0.006617668,-0.323239486,-0.9,-0.9,-0.9,-0.9,-0.828870968,-0.792580647,-0.809999995,-0.740322582,-0.15241937,0.034838746,-0.261290332,-0.300483877,-0.9,-0.9,-0.9,-0.9
-0.118336146,0.812093371,0.800782776,0.064174953,-0.318642869,0.5700758,-0.378826237,0.01821084,-0.211639937,-0.206940504,0.084717211,-0.08684211,0.043014719,-0.152112725,-0.9,-0.9,-0.9,-0.9,-0.917419356,-0.914516125,-0.902903225,-0.897096774,-0.863709678,-0.846290324,-0.855000001,-0.854999999,-0.856451613,-0.836129034,-0.849193547,-0.841935483
-0.117790329,0.855123878,0.800667912,0.035672247,-0.318888225,0.569858263,-0.378934591,0.066853034,-0.403770009,-0.107507078,0.105977059,-0.102631585,0.023161782,-0.120422603,-0.9,-0.9,-0.9,-0.9,-0.91451613,-0.910161287,-0.901451612,-0.892741934,-0.876774193,-0.862258066,-0.86951613,-0.876774194,-0.895645161,-0.891290323,-0.891290323,-0.888387097
-0.117141912,0.879281136,0.800718963,0.017879892,-0.319378916,0.569373018,-0.378934591,0.031389752,-0.390197907,-0.118555234,0.078919068,-0.134210532,0.02977943,-0.152112713,-0.9,-0.9,-0.9,-0.9,-0.921774195,-0.92177419,-0.910161289,-0.90435484,-0.882580645,-0.876774195,-0.876774196,-0.884032259,-0.9,-0.9,-0.895645161,-0.894193548
-0.117517421,0.883288386,0.801242234,0.001213777,-0.319816279,0.561960303,-0.379042946,0.079313073,-0.346512703,-0.136827187,0.136256223,-0.078947373,0.02647061,-0.126760608,-0.9,-0.9,-0.9,-0.9,-0.926129033,-0.926129029,-0.911612902,-0.907258066,-0.882580645,-0.882580646,-0.882580645,-0.888387097,-0.9,-0.9,-0.894193548,-0.891290323
-0.117517421,0.87474296,0.816340507,-0.004078968,-0.319922974,0.527490376,-0.379151301,0.046964771,-0.438548525,-0.070963169,0.11596274,-0.086842111,0.036397079,-0.126760608,-0.9,-0.9,-0.9,-0.9,-0.927580646,-0.929032254,-0.911612902,-0.911612906,-0.885483871,-0.882580646,-0.882580645,-0.888387097,-0.9,-0.891290323,-0.891290323,-0.888387097
-0.11789267,0.854630874,0.852803538,-0.004216622,-0.320008286,0.427912418,-0.379178389,0.035223607,-0.346088572,-0.131303115,0.098890437,-0.094736849,0.019852957,-0.114084574,-0.9,-0.9,-0.9,-0.9,-0.927580646,-0.929032254,-0.913064515,-0.911612906,-0.888387097,-0.882580646,-0.882580645,-0.888387097,-0.891290323,-0.885483871,-0.882580646,-0.886935484
-0.12799574,0.832445638,0.880192291,-0.007369577,-0.320093619,0.311969612,-0.37963931,0.011262004,-0.425824675,-0.038668544,0.075053643,-0.173684219,-0.205147049,-0.050704282,-0.9,-0.9,-0.9,-0.9,-0.933387097,-0.929032254,-0.913064515,-0.910161292,-0.885483871,-0.886935484,-0.884032258,-0.892741935,-0.457258044,-0.374516137,-0.528387096,-0.558870973
-0.168271825,0.821675371,0.895162938,-0.013600696,-0.320082977,0.276043906,-0.37950366,-0.017971317,-0.415221472,-0.064164301,0.027380062,-0.205263167,-0.254779408,-0.107746533,-0.9,-0.9,-0.9,-0.9,-0.929032259,-0.927580641,-0.911612902,-0.908709679,-0.885483871,-0.885483871,-0.884032258,-0.892741935,0.187258074,0.268548399,-0.042096788,-0.126290323
-0.215101351,0.820461818,0.897204971,-0.025762473,-0.320072296,0.273299696,-0.378853222,-0.122444141,-0.451272368,-0.08116147,-0.035433105,-0.260526328,-0.205147041,-0.253521174,-0.9,-0.9,-0.9,-0.9,-0.924677421,-0.929032254,-0.911612902,-0.911612906,-0.882580645,-0.86951613,-0.870967743,-0.862258065,0.317903244,0.378870928,0.043548346,-0.062419349
-0.25175932,0.820095226,0.898021783,-0.05959544,-0.320210976,0.271776994,-0.378880414,-0.019169275,-0.463996211,-0.07266289,0.029312777,-0.244736853,-0.188602931,-0.234507086,-0.9,-0.9,-0.9,-0.9,-0.923225808,-0.929032254,-0.911612902,-0.913064518,-0.876774194,-0.862258065,-0.862258065,-0.841935483,0.354193532,0.400645101,0.059516072,-0.052258068
-0.262477214,0.820032018,0.898277037,-0.125984927,-0.321117686,0.271040745,-0.378880414,-0.019648664,-0.457210165,-0.076912186,0.076986359,-0.244736853,-0.178676455,-0.221831022,-0.9,-0.9,-0.9,-0.9,-0.923225808,-0.929032254,-0.915967742,-0.913064518,-0.879677419,-0.865161291,-0.86516129,-0.841935483,0.354193532,0.406451547,0.063870907,-0.046451622
-0.263296459,0.819905607,0.898519528,-0.204060846,-0.32981152,0.270722817,-0.378853325,-0.028993645,-0.461027317,-0.089235122,0.08536145,-0.205263168,-0.168749986,-0.221831028,-0.9,-0.9,-0.9,-0.9,-0.924677421,-0.929032254,-0.913064515,-0.913064518,-0.879677419,-0.865161291,-0.86516129,-0.846290323,0.358548367,0.406451547,0.063870907,-0.046451622
-0.264183411,0.819804478,0.898838595,-0.280610261,-0.335443873,0.270471825,-0.37896168,0.079792309,-0.467389237,-0.080736537,0.161059375,-0.14210527,-0.155514697,-0.183802847,-0.9,-0.9,-0.9,-0.9,-0.924677421,-0.929032254,-0.914516129,-0.915967743,-0.879677419,-0.865161291,-0.86516129,-0.844838709,0.358548367,0.406451547,0.063870907,-0.046451622
-0.264593034,0.819627499,0.899068324,-0.352217366,-0.335614558,0.270287759,-0.37896168,0.154313206,-0.453817139,-0.091784698,0.241911192,-0.102631583,-0.142279407,-0.158450754,-0.9,-0.9,-0.9,-0.9,-0.924677421,-0.929032254,-0.915967742,-0.91451613,-0.879677419,-0.865161291,-0.86516129,-0.846290323,0.367258036,0.406451547,0.063870907,-0.046451622
-0.264592773,0.819222984,0.899144902,-0.406682773,-0.335742536,0.270137161,-0.37896168,0.076198053,-0.465692726,-0.099008494,0.195848204,-0.118421058,-0.129044103,-0.183802853,-0.9,-0.9,-0.9,-0.9,-0.923225808,-0.930483867,-0.917419355,-0.91451613,-0.882580645,-0.865161291,-0.86516129,-0.846290323,0.354193532,0.406451547,0.063870907,-0.046451622
-0.26561722,0.812813916,0.899221479,-0.460735314,-0.335902559,0.270020031,-0.379259759,0.232907481,-0.521677646,-0.06033995,0.32533996,-0.071052637,-0.122426446,-0.107746533,-0.9,-0.9,-0.9,-0.9,-0.924677421,-0.930483867,-0.917419355,-0.917419355,-0.882580645,-0.868064517,-0.86951613,-0.853548388,0.354193532,0.406451547,0.063870907,-0.046451622
-0.265958355,0.792739754,0.89928529,-0.498459526,-0.336062542,0.269819238,-0.379503867,0.175159676,-0.495381701,-0.042067981,0.298926227,-0.055263164,-0.132352923,-0.069718345,-0.9,-0.9,-0.9,-0.9,-0.927580646,-0.929032254,-0.917419355,-0.913064518,-0.882580645,-0.876774195,-0.878225808,-0.872419355,0.354193532,0.406451547,0.062419295,-0.033387119
-0.267119257,0.760618566,0.899400154,-0.526799569,-0.336350604,0.269618441,-0.379747664,0.284425019,-0.3961357,-0.09603399,0.379778062,-0.007894746,-0.09595586,-0.006338078,-0.9,-0.9,-0.9,-0.9,-0.927580646,-0.93193548,-0.917419355,-0.915967743,-0.888387097,-0.886935484,-0.885483871,-0.886935484,0.328064525,0.406451547,0.063870907,-0.026129048
-0.267426278,0.73527304,0.899476731,-0.550447549,-0.344553727,0.269133184,-0.379747664,0.269329084,-0.318944367,-0.150424927,0.341123779,-1.95E-09,-0.036397039,-4.85E-08,-0.801290324,-0.9,-0.891290323,-0.9,-0.929032259,-0.93193548,-0.917419355,-0.913064518,-0.888387097,-0.886935484,-0.888387098,-0.891290323,0.126290336,0.296129018,-0.027580646,-0.084193549
-0.2677333,0.717322593,0.899655409,-0.587683817,-0.392897962,0.26841367,-0.379612221,0.290175782,-0.107304401,-0.270679881,0.405547568,0.071052625,0.069485313,-0.069718357,-0.699677423,-0.9,-0.85935484,-0.9,-0.926129033,-0.934838707,-0.917419355,-0.917419355,-0.894193548,-0.886935484,-0.888387098,-0.894193548,-0.206129023,0.001451598,-0.251129048,-0.256935494
-0.268245263,0.712038588,0.899642646,-0.633265551,-0.439642046,0.268045543,-0.379476674,0.341214046,-0.166682349,-0.254532572,0.428095901,-0.047368426,0.086029431,-0.076056362,-0.852096775,-0.892741935,-0.882580645,-0.881129033,-0.93483871,-0.934838707,-0.923225804,-0.917419355,-0.894193548,-0.888387097,-0.888387098,-0.894193548,-0.765000005,-0.65903225,-0.727258065,-0.699677419
-0.26831349,0.712253487,0.899617121,-0.658865455,-0.448186538,0.268028811,-0.379449586,0.392731584,-0.198067835,-0.237110477,0.464817429,-0.015789484,0.095955903,-0.05070427,-0.9,-0.9,-0.9,-0.895645161,-0.93483871,-0.934838707,-0.923225804,-0.921774195,-0.894193548,-0.888387097,-0.889838711,-0.894193548,-0.843387096,-0.780967741,-0.815806453,-0.798387096
-0.255377436,0.715578113,0.899617119,-0.659078141,-0.437209895,0.268045543,-0.379286744,0.502715687,-0.212488196,-0.224362599,0.553722196,0.071052633,0.092647083,-0.012676107,-0.9,-0.9,-0.9,-0.9,-0.93483871,-0.93629032,-0.923225804,-0.921774195,-0.894193548,-0.891290323,-0.889838711,-0.895645161,-0.856451613,-0.801290323,-0.83032258,-0.812903228
-0.195714196,0.718890097,0.899591594,-0.63565535,-0.397292876,0.268045543,-0.379313936,0.415974428,-0.192978299,-0.221813025,0.542770198,0.19736843,0.089338251,0.006337981,-0.9,-0.9,-0.9,-0.886935484,-0.93483871,-0.937741933,-0.923225804,-0.923225808,-0.894193548,-0.888387097,-0.891290323,-0.895645161,-0.860806451,-0.812903228,-0.833225806,-0.815806455
-0.114479495,0.71980026,0.899540544,-0.59565403,-0.35046344,0.268095738,-0.380181393,0.338338702,-0.19679545,-0.186118972,0.528919074,0.276315781,0.062867657,0.152112628,-0.458709689,-0.322258057,-0.476129037,-0.474677426,-0.929032259,-0.934838707,-0.920322579,-0.923225808,-0.894193548,-0.888387097,-0.888387098,-0.894193548,-0.895645161,-0.865161291,-0.870967742,-0.860806453
-0.074578919,0.720027801,0.899527781,-0.569003109,-0.33278769,0.268095738,-0.382972971,0.436102366,-0.184495733,-0.164447583,0.590121617,0.410526313,0.062867657,0.323239368,-0.094354802,0.187258101,-0.042096788,-0.024677423,-0.901451613,-0.917419352,-0.907258063,-0.926129034,-0.894193548,-0.888387097,-0.888387098,-0.894193548,-0.9,-0.895645161,-0.894193548,-0.888387097
-0.07352088,0.720116289,0.899489494,-0.569353448,-0.332222349,0.268095738,-0.383433685,0.459345133,-0.203581501,-0.154249287,0.56370792,0.418421055,0.069485305,0.310563321,-0.100161248,0.191612935,-0.03483873,-0.008709669,-0.891290324,-0.908709672,-0.9,-0.923225808,-0.894193548,-0.891290323,-0.888387098,-0.894193548,-0.9,-0.9,-0.895645161,-0.897096774
-0.074066956,0.714465691,0.899463969,-0.583855002,-0.331763683,0.268095738,-0.382810336,0.448322729,-0.377474061,-0.115155802,0.512813136,0.331578953,0.059558833,0.221830949,-0.111774194,0.184354877,-0.049354845,-0.01596774,-0.892741937,-0.905806446,-0.9,-0.923225808,-0.894193548,-0.891290323,-0.889838711,-0.894193548,-0.9,-0.9,-0.898548387,-0.9
-0.08382863,0.686478162,0.899361866,-0.59073673,-0.331187599,0.268346735,-0.382674892,0.405191737,-0.487747392,-0.053965997,0.488009989,0.260526305,-0.019852922,0.196478832,-0.069677407,0.172741985,-0.059516126,-0.097258052,-0.920322581,-0.931935481,-0.918870967,-0.930483873,-0.894193548,-0.891290323,-0.891290323,-0.895645161,-0.895645161,-0.879677419,-0.885483871,-0.884032258
-0.099153933,0.625648898,0.899451206,-0.591037,-0.330163551,0.268363463,-0.382403696,0.352476012,-0.341423167,-0.124079319,0.469327069,0.3,1.58E-08,0.152112628,0.017419338,0.15532254,-0.08274191,-0.267096788,-0.930483872,-0.934838707,-0.923225804,-0.929032261,-0.894193548,-0.891290323,-0.892741936,-0.894193548,-0.86516129,-0.812903228,-0.833225806,-0.818709681
-0.106014656,0.54939742,0.899553307,-0.591049553,-0.320477634,0.268346735,-0.382132706,0.365894485,-0.120028248,-0.229886682,0.470293428,0.315789469,0.033088246,0.120422494,0.014516115,0.149516094,-0.087096745,-0.284516126,-0.930483872,-0.934838707,-0.923225804,-0.929032261,-0.894193548,-0.891290323,-0.891290323,-0.894193548,-0.860806451,-0.812903228,-0.83032258,-0.818709681
-0.108062508,0.462982447,0.899527782,-0.591149643,-0.282971423,0.269869441,-0.382268149,0.394648607,-0.131903832,-0.208640227,0.499284131,0.236842102,0.029779426,0.158450657,0.026129007,0.150967705,-0.085645133,-0.28887096,-0.933387097,-0.939193546,-0.923225804,-0.929032261,-0.895645161,-0.888387097,-0.889838711,-0.894193548,-0.847741935,-0.801290323,-0.824516129,-0.815806453
-0.108881754,0.386389663,0.899527782,-0.591424903,-0.222477176,0.288409578,-0.382620612,0.405910572,-0.108576791,-0.189943332,0.515712201,0.213157891,0.043014723,0.234506983,0.042096734,0.158225763,-0.074032241,-0.291774184,-0.93483871,-0.939193546,-0.923225804,-0.929032261,-0.894193548,-0.891290323,-0.891290323,-0.894193548,-0.847741935,-0.789677417,-0.818709678,-0.807096776
-0.110008281,0.321932388,0.899502254,-0.592037996,-0.16268695,0.353868989,-0.382999956,0.394408817,-0.032657839,-0.192492914,0.526986368,0.315789469,0.079411782,0.304225304,0.059516072,0.165483874,-0.058064514,-0.291774184,-0.93483871,-0.939193546,-0.923225804,-0.929032261,-0.894193548,-0.891290323,-0.894193549,-0.897096774,-0.847741935,-0.789677417,-0.81,-0.789677417
-0.111031947,0.263024572,0.899463969,-0.592500978,-0.135314661,0.450953719,-0.383352522,0.43682105,-0.084401485,-0.161473085,0.564996375,0.434210539,0.115808845,0.361267543,0.075483879,0.168387151,-0.043548399,-0.294677407,-0.93483871,-0.939193546,-0.923225804,-0.929032261,-0.895645161,-0.888387097,-0.894193549,-0.898548387,-0.83032258,-0.772258066,-0.792580642,-0.780967738
-0.111339489,0.209868495,0.899438444,-0.592588563,-0.131719823,0.480671497,-0.383379611,0.443290725,-0.125541916,-0.136827191,0.5772369,0.434210539,0.125735314,0.323239416,0.087096798,0.165483874,-0.039193565,-0.316451606,-0.93483871,-0.939193546,-0.923225804,-0.929032261,-0.894193548,-0.888387097,-0.894193549,-0.897096774,-0.825967742,-0.749032255,-0.778064512,-0.76064516
-0.111339229,0.165864629,0.899502257,-0.592601069,-0.131645112,0.483884227,-0.383325433,0.38099042,0.011027363,-0.206940504,0.554688556,0.45789475,0.158823548,0.323239416,0.087096798,0.165483874,-0.036290342,-0.322258066,-0.93483871,-0.937741933,-0.923225804,-0.930483873,-0.894193548,-0.891290323,-0.894193549,-0.898548387,-0.83032258,-0.749032255,-0.778064512,-0.764999998
-0.111476204,0.127043625,0.899578833,-0.592601069,-0.131453124,0.484302553,-0.383162591,0.342891355,0.073798333,-0.251558066,0.537294163,0.442105266,0.175367668,0.259859112,0.082741964,0.161128986,-0.045000011,-0.325161302,-0.93483871,-0.939193546,-0.923225804,-0.931935485,-0.894193548,-0.894193548,-0.894193549,-0.897096774,-0.83032258,-0.754838707,-0.778064512,-0.764999998
-0.11202202,0.092609105,0.899591594,-0.592588563,-0.131367772,0.484336017,-0.38291869,0.324920076,0.066588158,-0.280878184,0.526664248,0.442105266,0.208455902,0.21549292,0.072580656,0.156774151,-0.05370968,-0.323709677,-0.93483871,-0.939193546,-0.923225804,-0.929032261,-0.894193548,-0.897096774,-0.894193549,-0.897096774,-0.834677419,-0.772258066,-0.786774189,-0.780967738
-0.120623314,0.060184523,0.899629883,-0.592438357,-0.131111755,0.484419676,-0.38232243,0.17851437,0.054712563,-0.308498578,0.438403684,0.363157906,0.198529434,0.069718236,0.037741899,0.15532254,-0.062419349,-0.27870968,-0.93483871,-0.940645159,-0.923225804,-0.931935485,-0.895645161,-0.891290323,-0.894193549,-0.894193548,-0.856451613,-0.807096776,-0.821612903,-0.815806455
-0.156632866,0.022311604,0.899744746,-0.592313256,-0.130663751,0.484520082,-0.381428091,0.037380229,0.19849203,-0.413456085,0.354652771,0.252631578,0.218382373,-0.082394416,-0.16112904,-0.030483896,-0.227903236,-0.365806445,-0.936290323,-0.940645159,-0.923225804,-0.931935485,-0.895645161,-0.894193548,-0.892741936,-0.894193548,-0.856451613,-0.836129033,-0.841935484,-0.849193549
-0.228651969,-0.019189313,0.89984685,-0.592413346,-0.130333042,0.484687416,-0.381157101,0.281309886,0.353298824,-0.484419258,0.464495333,0.284210531,0.231617668,-0.082394416,-0.634354837,-0.580645164,-0.648870973,-0.663387094,-0.937741936,-0.940645159,-0.923225804,-0.93483871,-0.894193548,-0.891290323,-0.889838711,-0.88983871,-0.843387096,-0.841935486,-0.856451613,-0.868064517
-0.274559649,-0.03486436,0.899731986,-0.592350772,-0.128103581,0.485189401,-0.380885801,0.216852996,0.230301635,-0.433002829,0.451288424,0.331578969,0.231617669,-0.082394416,-0.712741935,-0.65322581,-0.699677414,-0.679354838,-0.936290323,-0.940645159,-0.923225804,-0.933387098,-0.894193548,-0.9,-0.894193549,-0.894193548,-0.878225806,-0.85935484,-0.876774194,-0.878225807
-0.28486766,-0.029719401,0.899591594,-0.583930082,-0.109851828,0.485992589,-0.380154097,0.189297214,0.349905795,-0.487393763,0.486077259,0.323684211,0.241544138,-0.06971837,-0.714193551,-0.657580645,-0.708387092,-0.689516125,-0.937741936,-0.940645159,-0.923225804,-0.933387098,-0.895645161,-0.897096774,-0.894193549,-0.895645161,-0.882580645,-0.870967742,-0.87967742,-0.881129033
-0.284970001,-0.005498934,0.899463969,-0.545067315,-0.098683156,0.48622685,-0.37982893,0.23146958,0.434307311,-0.508215291,0.518933374,0.323684195,0.234926491,-0.088732433,-0.776612905,-0.741774194,-0.766451615,-0.741774195,-0.937741936,-0.940645159,-0.924677418,-0.933387098,-0.9,-0.894193548,-0.892741936,-0.894193548,-0.878225806,-0.863709678,-0.873870968,-0.878225807
-0.284697093,0.054432796,0.899042798,-0.478465095,-0.098235111,0.486310517,-0.380018551,0.145207672,0.19043359,-0.426203959,0.407802357,0.300000016,0.26139708,-0.05070427,-0.74758064,-0.669193544,-0.709838713,-0.637258057,-0.894193548,-0.905806447,-0.897096774,-0.91451613,-0.894193548,-0.897096774,-0.894193549,-0.894193548,-0.9,-0.895645161,-0.898548387,-0.9
-0.285277023,0.117562743,0.898902408,-0.436887153,-0.098576481,0.486009321,-0.380371117,0.26932916,0.269321442,-0.48696883,0.465139537,0.371052617,0.363970613,-0.006338078,-0.653225807,-0.46596774,-0.518225808,-0.182903239,-0.317903234,-0.32951615,-0.442741936,-0.521129042,-0.895645161,-0.891290323,-0.894193549,-0.894193548,-0.9,-0.9,-0.897096774,-0.894193548
-0.287393363,0.152389153,0.898915172,-0.429442449,-0.099163206,0.484704147,-0.380614915,0.424121488,0.209519357,-0.466572234,0.567573321,0.457894734,0.423529436,0.057042178,-0.682258064,-0.534193555,-0.542903231,-0.108870971,0.097258056,0.129193566,-0.053709693,-0.153870969,-0.894193548,-0.888387097,-0.894193549,-0.894193548,-0.9,-0.9,-0.895645161,-0.894193548
-0.287905586,0.155953955,0.899055562,-0.429342311,-0.099141822,0.458366433,-0.380452383,0.351757176,0.329547635,-0.526062315,0.523443051,0.434210539,0.397058847,-4.85E-08,-0.70693548,-0.554516137,-0.563225806,-0.136451644,0.116129059,0.153870962,-0.030483896,-0.129193546,-0.895645161,-0.891290323,-0.894193549,-0.895645161,-0.9,-0.9,-0.9,-0.9
-0.287905326,0.148040583,0.899042797,-0.424587723,-0.099099176,0.414459105,-0.380452383,0.351757176,0.260414747,-0.489518404,0.540515348,0.386842102,0.340808847,0.01267601,-0.719999997,-0.55741936,-0.564677424,-0.143709701,0.103064475,0.139354847,-0.047903234,-0.143709661,-0.894193548,-0.888387097,-0.894193549,-0.894193548,-0.9,-0.9,-0.898548387,-0.9
-0.288144641,0.133300998,0.898940695,-0.397699058,-0.098928512,0.40636034,-0.38110282,0.428434504,0.168378928,-0.405807359,0.578203248,0.49736843,0.314338258,0.164788698,-0.696774196,-0.486290321,-0.505161291,-0.063870974,0.089999971,0.114677451,-0.075483866,-0.195967729,-0.894193548,-0.888387097,-0.894193549,-0.894193548,-0.9,-0.9,-0.9,-0.9
-0.288110528,0.108789787,0.898940697,-0.356534078,-0.098715202,0.406008949,-0.38178045,0.395846717,0.271866193,-0.424504244,0.583357139,0.513157914,0.281250022,0.247183078,-0.603870975,-0.249677423,-0.296129031,0.187258074,0.100161252,0.074032248,-0.111774194,-0.30774195,-0.894193548,-0.891290323,-0.892741936,-0.894193548,-0.9,-0.9,-0.898548387,-0.897096774
-0.28804204,0.084645173,0.898915172,-0.321237228,-0.098352469,0.405975477,-0.381726169,0.401837118,0.152686177,-0.377762033,0.572082985,0.528947367,0.244852962,0.234506995,-0.563225806,-0.149516147,-0.20612905,0.27580651,0.072580633,0.024677429,-0.155322567,-0.374516107,-0.894193548,-0.888387097,-0.894193549,-0.897096774,-0.9,-0.9,-0.9,-0.9
-0.287598044,0.059881133,0.898991748,-0.272352236,-0.083044921,0.405975477,-0.381617711,0.275798683,0.31343076,-0.458073647,0.482533954,0.521052641,0.234926489,0.171126715,-0.561774194,-0.124838725,-0.194516158,0.27580651,0.029032261,-0.029032304,-0.203225827,-0.415161283,-0.894193548,-0.891290323,-0.894193549,-0.894193548,-0.9,-0.9,-0.9,-0.9
-0.288076154,0.04208238,0.898940695,-0.218362268,-0.034839386,0.406059152,-0.381915997,0.420527233,0.20570221,-0.400283281,0.541159575,0.386842102,0.225000021,0.23450702,-0.560322583,-0.119032279,-0.194516158,0.274354899,0.018870953,-0.039193585,-0.210483885,-0.422419341,-0.895645161,-0.897096774,-0.894193549,-0.895645161,-0.9,-0.9,-0.9,-0.9
-0.287734758,0.02435948,0.899004512,-0.157102718,0.011776699,0.406059144,-0.381997263,0.324680439,0.259142357,-0.444050986,0.463851058,0.331578938,0.231617668,0.21549292,-0.55741936,-0.124838752,-0.194516158,0.277258122,0.04064518,-0.017419412,-0.194516158,-0.407903226,-0.895645161,-0.888387097,-0.894193549,-0.894193548,-0.9,-0.9,-0.9,-0.9
-0.287495703,0.000442403,0.898978985,-0.097069307,0.047768192,0.406126087,-0.38205144,0.244888206,0.234967044,-0.429178464,0.403936957,0.307894742,0.211764726,0.164788698,-0.560322583,-0.129193586,-0.198870993,0.271451649,0.027580649,-0.030483916,-0.204677439,-0.416612895,-0.894193548,-0.891290323,-0.894193549,-0.894193548,-0.9,-0.9,-0.9,-0.9
-0.286949627,-0.028480573,0.899055562,-0.048447069,0.088645269,0.406209754,-0.381536342,0.119568721,0.287558934,-0.503541075,0.29538291,0.244736836,0.175367668,0.031690073,-0.574838718,-0.137903255,-0.230806486,0.220645165,-0.062419372,-0.124838705,-0.287419376,-0.476129048,-0.895645161,-0.891290323,-0.892741936,-0.895645161,-0.9,-0.9,-0.9,-0.9
-0.286744945,-0.043119036,0.899042797,-0.018530453,0.104560905,0.406259949,-0.381211278,0.076677252,0.271866203,-0.506090649,0.292483869,0.284210516,0.181985312,-0.019014136,-0.611129026,-0.178548405,-0.291774184,0.123387113,-0.179999986,-0.245322581,-0.387580638,-0.545806447,-0.895645161,-0.897096774,-0.894193549,-0.894193548,-0.9,-0.9,-0.9,-0.9
-0.286574378,-0.046077071,0.89900451,0.00250249,0.105371602,0.406226485,-0.38110282,0.012939275,0.253204567,-0.502691211,0.232891888,0.268421031,0.181985312,-0.038028224,-0.628548378,-0.201774216,-0.317903218,0.078387076,-0.235161304,-0.300483886,-0.435483885,-0.574838698,-0.895645161,-0.897096774,-0.891290323,-0.894193548,-0.9,-0.9,-0.9,-0.9
-0.286676718,-0.046367814,0.898991748,0.015615193,0.105414248,0.406209754,-0.381130012,0.040734847,0.225212093,-0.48739376,0.257695035,0.252631563,0.191911787,-0.057042299,-0.634354831,-0.213387108,-0.336774194,0.055161238,-0.251129058,-0.312096805,-0.444193554,-0.582096796,-0.897096774,-0.894193548,-0.894193549,-0.894193548,-0.9,-0.9,-0.9,-0.9
-0.287359249,-0.046759704,0.898966222,0.019143594,0.105424909,0.406126095,-0.381130012,0.055111756,0.215457152,-0.482719543,0.257372903,0.244736852,0.17867649,-0.031690194,-0.638709685,-0.222096777,-0.34258064,0.044999957,-0.258387115,-0.319354876,-0.45,-0.585000019,-0.895645161,-0.897096774,-0.894193549,-0.897096774,-0.9,-0.9,-0.9,-0.9
-0.287359249,-0.046759704,0.898966222,0.019143594,0.105424909,0.406126095,-0.381130012,0.055111756,0.215457152,-0.482719543,0.257372903,0.244736852,0.17867649,-0.031690194,-0.638709685,-0.222096777,-0.34258064,0.044999957,-0.258387115,-0.319354876,-0.45,-0.585000019,-0.895645161,-0.897096774,-0.894193549,-0.897096774,-0.9,-0.9,-0.9,-0.9
-0.287359249,-0.046759704,0.898966222,0.019143594,0.105424909,0.406126095,-0.381130012,0.055111756,0.215457152,-0.482719543,0.257372903,0.244736852,0.17867649,-0.031690194,-0.638709685,-0.222096777,-0.34258064,0.044999957,-0.258387115,-0.319354876,-0.45,-0.585000019,-0.895645161,-0.897096774,-0.894193549,-0.897096774,-0.9,-0.9,-0.9,-0.9
-0.287359249,-0.046759704,0.898966222,0.019143594,0.105424909,0.406126095,-0.381130012,0.055111756,0.215457152,-0.482719543,0.257372903,0.244736852,0.17867649,-0.031690194,-0.638709685,-0.222096777,-0.34258064,0.044999957,-0.258387115,-0.319354876,-0.45,-0.585000019,-0.895645161,-0.897096774,-0.894193549,-0.897096774,-0.9,-0.9,-0.9,-0.9
-0.287359249,-0.046759704,0.898966222,0.019143594,0.105424909,0.406126095,-0.381130012,0.055111756,0.215457152,-0.482719543,0.257372903,0.244736852,0.17867649,-0.031690194,-0.638709685,-0.222096777,-0.34258064,0.044999957,-0.258387115,-0.319354876,-0.45,-0.585000019,-0.895645161,-0.897096774,-0.894193549,-0.897096774,-0.9,-0.9,-0.9,-0.9
-0.287359249,-0.046759704,0.898966222,0.019143594,0.105424909,0.406126095,-0.381130012,0.055111756,0.215457152,-0.482719543,0.257372903,0.244736852,0.17867649,-0.031690194,-0.638709685,-0.222096777,-0.34258064,0.044999957,-0.258387115,-0.319354876,-0.45,-0.585000019,-0.895645161,-0.897096774,-0.894193549,-0.897096774,-0.9,-0.9,-0.9,-0.9
-0.287359249,-0.046759704,0.898966222,0.019143594,0.105424909,0.406126095,-0.381130012,0.055111756,0.215457152,-0.482719543,0.257372903,0.244736852,0.17867649,-0.031690194,-0.638709685,-0.222096777,-0.34258064,0.044999957,-0.258387115,-0.319354876,-0.45,-0.585000019,-0.895645161,-0.897096774,-0.894193549,-0.897096774,-0.9,-0.9,-0.9,-0.9
-0.287359249,-0.046759704,0.898966222,0.019143594,0.105424909,0.406126095,-0.381130012,0.055111756,0.215457152,-0.482719543,0.257372903,0.244736852,0.17867649,-0.031690194,-0.638709685,-0.222096777,-0.34258064,0.044999957,-0.258387115,-0.319354876,-0.45,-0.585000019,-0.895645161,-0.897096774,-0.894193549,-0.897096774,-0.9,-0.9,-0.9,-0.9
-0.287359249,-0.046759704,0.898966222,0.019143594,0.105424909,0.406126095,-0.381130012,0.055111756,0.215457152,-0.482719543,0.257372903,0.244736852,0.17867649,-0.031690194,-0.638709685,-0.222096777,-0.34258064,0.044999957,-0.258387115,-0.319354876,-0.45,-0.585000019,-0.895645161,-0.897096774,-0.894193549,-0.897096774,-0.9,-0.9,-0.9,-0.9
-0.287359249,-0.046759704,0.898966222,0.019143594,0.105424909,0.406126095,-0.381130012,0.055111756,0.215457152,-0.482719543,0.257372903,0.244736852,0.17867649,-0.031690194,-0.638709685,-0.222096777,-0.34258064,0.044999957,-0.258387115,-0.319354876,-0.45,-0.585000019,-0.895645161,-0.897096774,-0.894193549,-0.897096774,-0.9,-0.9,-0.9,-0.9
-0.287359249,-0.046759704,0.898966222,0.019143594,0.105424909,0.406126095,-0.381130012,0.055111756,0.215457152,-0.482719543,0.257372903,0.244736852,0.17867649,-0.031690194,-0.638709685,-0.222096777,-0.34258064,0.044999957,-0.258387115,-0.319354876,-0.45,-0.585000019,-0.895645161,-0.897096774,-0.894193549,-0.897096774,-0.9,-0.9,-0.9,-0.9
-0.287359249,-0.046759704,0.898966222,0.019143594,0.105424909,0.406126095,-0.381130012,0.055111756,0.215457152,-0.482719543,0.257372903,0.244736852,0.17867649,-0.031690194,-0.638709685,-0.222096777,-0.34258064,0.044999957,-0.258387115,-0.319354876,-0.45,-0.585000019,-0.895645161,-0.897096774,-0.894193549,-0.897096774,-0.9,-0.9,-0.9,-0.9
-0.287359249,-0.046759704,0.898966222,0.019143594,0.105424909,0.406126095,-0.381130012,0.055111756,0.215457152,-0.482719543,0.257372903,0.244736852,0.17867649,-0.031690194,-0.638709685,-0.222096777,-0.34258064,0.044999957,-0.258387115,-0.319354876,-0.45,-0.585000019,-0.895645161,-0.897096774,-0.894193549,-0.897096774,-0.9,-0.9,-0.9,-0.9
-0.287359249,-0.046759704,0.898966222,0.019143594,0.105424909,0.406126095,-0.381130012,0.055111756,0.215457152,-0.482719543,0.257372903,0.244736852,0.17867649,-0.031690194,-0.638709685,-0.222096777,-0.34258064,0.044999957,-0.258387115,-0.319354876,-0.45,-0.585000019,-0.895645161,-0.897096774,-0.894193549,-0.897096774,-0.9,-0.9,-0.9,-0.9
-0.287359249,-0.046759704,0.898966222,0.019143594,0.105424909,0.406126095,-0.381130012,0.055111756,0.215457152,-0.482719543,0.257372903,0.244736852,0.17867649,-0.031690194,-0.638709685,-0.222096777,-0.34258064,0.044999957,-0.258387115,-0.319354876,-0.45,-0.585000019,-0.895645161,-0.897096774,-0.894193549,-0.897096774,-0.9,-0.9,-0.9,-0.9
-0.287359249,-0.046759704,0.898966222,0.019143594,0.105424909,0.406126095,-0.381130012,0.055111756,0.215457152,-0.482719543,0.257372903,0.244736852,0.17867649,-0.031690194,-0.638709685,-0.222096777,-0.34258064,0.044999957,-0.258387115,-0.319354876,-0.45,-0.585000019,-0.895645161,-0.897096774,-0.894193549,-0.897096774,-0.9,-0.9,-0.9,-0.9
-0.287359249,-0.046759704,0.898966222,0.019143594,0.105424909,0.406126095,-0.381130012,0.055111756,0.215457152,-0.482719543,0.257372903,0.244736852,0.17867649,-0.031690194,-0.638709685,-0.222096777,-0.34258064,0.044999957,-0.258387115,-0.319354876,-0.45,-0.585000019,-0.895645161,-0.897096774,-0.894193549,-0.897096774,-0.9,-0.9,-0.9,-0.9
-0.287359249,-0.046759704,0.898966222,0.019143594,0.105424909,0.406126095,-0.381130012,0.055111756,0.215457152,-0.482719543,0.257372903,0.244736852,0.17867649,-0.031690194,-0.638709685,-0.222096777,-0.34258064,0.044999957,-0.258387115,-0.319354876,-0.45,-0.585000019,-0.895645161,-0.897096774,-0.894193549,-0.897096774,-0.9,-0.9,-0.9,-0.9
-0.287359249,-0.046759704,0.898966222,0.019143594,0.105424909,0.406126095,-0.381130012,0.055111756,0.215457152,-0.482719543,0.257372903,0.244736852,0.17867649,-0.031690194,-0.638709685,-0.222096777,-0.34258064,0.044999957,-0.258387115,-0.319354876,-0.45,-0.585000019,-0.895645161,-0.897096774,-0.894193549,-0.897096774,-0.9,-0.9,-0.9,-0.9
-0.287359249,-0.046759704,0.898966222,0.019143594,0.105424909,0.406126095,-0.381130012,0.055111756,0.215457152,-0.482719543,0.257372903,0.244736852,0.17867649,-0.031690194,-0.638709685,-0.222096777,-0.34258064,0.044999957,-0.258387115,-0.319354876,-0.45,-0.585000019,-0.895645161,-0.897096774,-0.894193549,-0.897096774,-0.9,-0.9,-0.9,-0.9
-0.287359249,-0.046759704,0.898966222,0.019143594,0.105424909,0.406126095,-0.381130012,0.055111756,0.215457152,-0.482719543,0.257372903,0.244736852,0.17867649,-0.031690194,-0.638709685,-0.222096777,-0.34258064,0.044999957,-0.258387115,-0.319354876,-0.45,-0.585000019,-0.895645161,-0.897096774,-0.894193549,-0.897096774,-0.9,-0.9,-0.9,-0.9
-0.287359249,-0.046759704,0.898966222,0.019143594,0.105424909,0.406126095,-0.381130012,0.055111756,0.215457152,-0.482719543,0.257372903,0.244736852,0.17867649,-0.031690194,-0.638709685,-0.222096777,-0.34258064,0.044999957,-0.258387115,-0.319354876,-0.45,-0.585000019,-0.895645161,-0.897096774,-0.894193549,-0.897096774,-0.9,-0.9,-0.9,-0.9
-0.287359249,-0.046759704,0.898966222,0.019143594,0.105424909,0.406126095,-0.381130012,0.055111756,0.215457152,-0.482719543,0.257372903,0.244736852,0.17867649,-0.031690194,-0.638709685,-0.222096777,-0.34258064,0.044999957,-0.258387115,-0.319354876,-0.45,-0.585000019,-0.895645161,-0.897096774,-0.894193549,-0.897096774,-0.9,-0.9,-0.9,-0.9
-0.287359249,-0.046759704,0.898966222,0.019143594,0.105424909,0.406126095,-0.381130012,0.055111756,0.215457152,-0.482719543,0.257372903,0.244736852,0.17867649,-0.031690194,-0.638709685,-0.222096777,-0.34258064,0.044999957,-0.258387115,-0.319354876,-0.45,-0.585000019,-0.895645161,-0.897096774,-0.894193549,-0.897096774,-0.9,-0.9,-0.9,-0.9
-0.287359249,-0.046759704,0.898966222,0.019143594,0.105424909,0.406126095,-0.381130012,0.055111756,0.215457152,-0.482719543,0.257372903,0.244736852,0.17867649,-0.031690194,-0.638709685,-0.222096777,-0.34258064,0.044999957,-0.258387115,-0.319354876,-0.45,-0.585000019,-0.895645161,-0.897096774,-0.894193549,-0.897096774,-0.9,-0.9,-0.9,-0.9