position1,position2,position3,position4,position5,position6,position7,torque1,torque2,torque3,torque4,torque5,torque6,torque7
2.128010187,-0.302046676,0.000191986,0.821386857,0.152122891,0.200032193,-0.946701503,30.67199898,7.3125,-0.959999919,4.002666473,0.301666647,-0.5,1.184333444
2.128010187,-0.302046676,0.000191986,0.821386857,0.152105447,0.200032193,-0.946701503,30.65999985,7.37100029,-0.995999932,3.977333069,0.301666647,-0.5,1.059666634
2.128027631,-0.302046676,0.000174533,0.821386857,0.152105447,0.200032193,-0.946701503,30.67199898,7.410000324,-0.983999968,3.951999903,0.241333336,-0.550000012,1.121999979
2.128027631,-0.302046676,0.000174533,0.821386857,0.152105447,0.200014733,-0.946701503,30.67199898,7.351500034,-0.959999919,3.977333069,0.301666647,-0.550000012,1.059666634
2.128010187,-0.302046676,0.000174533,0.821386857,0.152122891,0.200014733,-0.946701503,30.70799828,7.332000256,-0.923999965,3.977333069,0.241333336,-0.600000024,1.059666634
2.128010187,-0.302046676,0.000174533,0.821386857,0.152105447,0.200014733,-0.946684059,30.70799828,7.351500034,-0.971999943,3.964666605,0.301666647,-0.550000012,1.059666634
2.128010187,-0.302046676,0.000174533,0.821386857,0.152105447,0.200032193,-0.946701503,30.64799881,7.37100029,-0.947999954,3.964666605,0.241333336,-0.550000012,1.121999979
2.128010187,-0.302046676,0.000191986,0.821386857,0.152105447,0.200014733,-0.946701503,30.64799881,7.332000256,-0.983999968,4.002666473,0.241333336,-0.550000012,1.059666634
2.128027631,-0.302046676,0.000191986,0.821386857,0.152105447,0.200032193,-0.946701503,30.68399811,7.37100029,-0.959999919,3.989999771,0.241333336,-0.550000012,1.059666634
2.128010187,-0.302046676,0.000174533,0.821386857,0.152105447,0.200032193,-0.946701503,30.69599915,7.332000256,-0.93599999,3.977333069,0.361999989,-0.550000012,1.059666634
2.128010187,-0.302046676,0.000174533,0.821386857,0.152105447,0.200032193,-0.946701503,30.67199898,7.293000221,-0.947999954,3.977333069,0.241333336,-0.550000012,1.059666634
2.128010187,-0.302046676,0.000174533,0.821404301,0.152105447,0.200014733,-0.946701503,30.64799881,7.37100029,-0.93599999,3.977333069,0.301666647,-0.5,1.059666634
2.128027631,-0.302046676,0.000174533,0.821386857,0.152105447,0.200014733,-0.946684059,30.65999985,7.351500034,-0.947999954,3.964666605,0.241333336,-0.5,1.121999979
2.128010187,-0.302046676,0.000191986,0.821386857,0.152122891,0.200032193,-0.946701503,30.68399811,7.37100029,-0.959999919,3.977333069,0.301666647,-0.5,1.059666634
2.128027631,-0.302046676,0.000174533,0.821386857,0.152105447,0.200032193,-0.946701503,30.69599915,7.332000256,-0.93599999,3.964666605,0.241333336,-0.550000012,0.997333407
2.128010187,-0.302046676,0.000174533,0.821386857,0.152105447,0.200014733,-0.946701503,30.68399811,7.332000256,-0.959999919,3.951999903,0.361999989,-0.550000012,1.059666634
2.128027631,-0.302046676,0.000174533,0.821386857,0.152105447,0.200032193,-0.946701503,30.67199898,7.332000256,-0.971999943,3.964666605,0.241333336,-0.550000012,1.059666634
2.128027631,-0.302046676,0.000191986,0.821386857,0.152105447,0.200014733,-0.946701503,30.65999985,7.332000256,-0.959999919,3.989999771,0.301666647,-0.5,1.121999979
2.128010187,-0.302046676,0.000174533,0.821386857,0.152105447,0.200014733,-0.946701503,30.69599915,7.3125,-0.947999954,3.977333069,0.361999989,-0.550000012,0.997333407
2.128010187,-0.302046676,0.000174533,0.821386857,0.152105447,0.200032193,-0.946701503,30.68399811,7.332000256,-0.923999965,3.964666605,0.301666647,-0.550000012,1.059666634
2.128027631,-0.302046676,0.000174533,0.821386857,0.152105447,0.200014733,-0.946701503,30.64799881,7.351500034,-0.971999943,3.977333069,0.301666647,-0.550000012,0.997333407
2.128010187,-0.302046676,0.000174533,0.821386857,0.152105447,0.200014733,-0.946701503,30.65999985,7.3125,-0.959999919,3.964666605,0.301666647,-0.550000012,0.997333407
2.128010187,-0.302046676,0.000174533,0.821386857,0.152105447,0.200014733,-0.946701503,30.67199898,7.332000256,-0.971999943,4.015333176,0.301666647,-0.600000024,1.059666634
2.128027631,-0.30206412,0.000174533,0.821386857,0.152087987,0.200014733,-0.946701503,30.70799828,7.332000256,-0.959999919,3.964666605,0.241333336,-0.550000012,1.121999979
2.128010187,-0.302046676,0.000174533,0.821386857,0.152087987,0.200014733,-0.946701503,30.70799828,7.3125,-0.983999968,3.977333069,0.241333336,-0.5,1.059666634
2.128027631,-0.302046676,0.000174533,0.821386857,0.152105447,0.200014733,-0.946701503,30.68399811,7.351500034,-0.947999954,3.951999903,0.301666647,-0.550000012,1.059666634
2.128010187,-0.30206412,0.000174533,0.821386857,0.152105447,0.200014733,-0.946701503,30.64799881,7.351500034,-0.947999954,3.964666605,0.301666647,-0.600000024,1.059666634
2.128027631,-0.302046676,0.000174533,0.821386857,0.152105447,0.200014733,-0.946701503,30.70799828,7.351500034,-0.93599999,3.977333069,0.301666647,-0.550000012,1.059666634
2.128010187,-0.30206412,0.000174533,0.821386857,0.152105447,0.200014733,-0.946701503,30.69599915,7.3125,-0.93599999,3.951999903,0.301666647,-0.5,1.059666634
2.128010187,-0.302046676,0.000174533,0.821386857,0.152105447,0.200014733,-0.946701503,30.71999741,7.293000221,-0.947999954,3.977333069,0.241333336,-0.550000012,1.059666634
2.128027631,-0.302046676,0.000174533,0.821386857,0.152105447,0.200032193,-0.946701503,30.67199898,7.3125,-0.971999943,3.9393332,0.241333336,-0.600000024,1.059666634
2.128010187,-0.302046676,0.000174533,0.821386857,0.152105447,0.200014733,-0.946701503,30.67199898,7.351500034,-0.959999919,3.964666605,0.241333336,-0.550000012,1.059666634
2.128010187,-0.302046676,0.000174533,0.821386857,0.152087987,0.200014733,-0.946701503,30.68399811,7.3125,-0.959999919,3.964666605,0.241333336,-0.550000012,1.059666634
2.128027631,-0.302046676,0.000174533,0.821386857,0.152105447,0.200014733,-0.946701503,30.70799828,7.37100029,-0.947999954,3.977333069,0.301666647,-0.550000012,1.059666634
2.128010187,-0.302046676,0.000174533,0.821386857,0.152087987,0.200032193,-0.946701503,30.68399811,7.351500034,-0.959999919,3.989999771,0.241333336,-0.550000012,1.059666634
2.128027631,-0.302046676,0.000174533,0.821386857,0.152105447,0.200032193,-0.946701503,30.65999985,7.3125,-0.959999919,3.977333069,0.241333336,-0.5,1.121999979
2.128027631,-0.302046676,0.000191986,0.821386857,0.152087987,0.200014733,-0.946701503,30.68399811,7.293000221,-0.971999943,3.951999903,0.301666647,-0.5,1.059666634
2.128010187,-0.302046676,0.000174533,0.821386857,0.152105447,0.200014733,-0.946701503,30.68399811,7.3125,-0.983999968,3.964666605,0.241333336,-0.600000024,0.997333407
2.128010187,-0.302046676,0.000174533,0.821386857,0.152087987,0.200032193,-0.946684059,30.71999741,7.3125,-0.93599999,3.989999771,0.241333336,-0.550000012,1.059666634
2.128010187,-0.302046676,0.000174533,0.821386857,0.152105447,0.200032193,-0.946701503,30.69599915,7.351500034,-0.959999919,3.913999796,0.361999989,-0.550000012,1.121999979
2.128027631,-0.302046676,0.000174533,0.821369414,0.152105447,0.200014733,-0.946701503,30.65999985,7.273499966,-0.959999919,3.825333118,0.4223333,-0.550000012,1.121999979
2.128027631,-0.30206412,0.000174533,0.82133446,0.152105447,0.200032193,-0.946684059,30.64799881,7.293000221,-0.947999954,3.825333118,0.4223333,-0.5,1.121999979
2.128010187,-0.30206412,0.000174533,0.821264685,0.152105447,0.200049637,-0.946666616,30.73200035,7.176000118,-0.923999965,3.926666737,0.4223333,-0.5,1.121999979
2.128010187,-0.302081597,0.000174533,0.821264685,0.152105447,0.200049637,-0.946666616,30.70799828,7.254000187,-0.959999919,3.913999796,0.4223333,-0.550000012,1.121999979
2.128010187,-0.302081597,0.000174533,0.821247241,0.152105447,0.200049637,-0.946666616,30.70799828,7.234499931,-0.947999954,3.951999903,0.4223333,-0.550000012,1.059666634
2.128027631,-0.302081597,0.000174533,0.821247241,0.152105447,0.200049637,-0.946666616,30.59999847,7.3125,-0.971999943,3.88866663,0.4223333,-0.550000012,1.121999979
2.128027631,-0.302081597,0.000174533,0.821247241,0.152105447,0.200049637,-0.946666616,30.64799881,7.254000187,-0.971999943,3.901333094,0.4223333,-0.550000012,1.121999979
2.128027631,-0.302081597,0.000174533,0.821247241,0.152105447,0.200049637,-0.946666616,30.64799881,7.215000153,-0.959999919,3.9393332,0.4223333,-0.550000012,1.059666634
2.128027631,-0.30209904,0.000174533,0.821229797,0.152105447,0.200032193,-0.946666616,30.69599915,7.195500374,-0.923999965,3.964666605,0.4223333,-0.550000012,1.184333444
2.128010187,-0.30209904,0.000174533,0.821229797,0.152105447,0.200049637,-0.946666616,30.64799881,7.195500374,-0.93599999,3.913999796,0.4223333,-0.550000012,1.121999979
2.128010187,-0.30209904,0.000174533,0.821247241,0.152105447,0.200049637,-0.946666616,30.6119976,7.3125,-0.971999943,3.88866663,0.361999989,-0.5,1.059666634
2.128010187,-0.30209904,0.000174533,0.821229797,0.152105447,0.200049637,-0.946666616,30.67199898,7.293000221,-0.971999943,3.9393332,0.4223333,-0.550000012,1.059666634
2.128027631,-0.30209904,0.000174533,0.821247241,0.152105447,0.200049637,-0.946666616,30.67199898,7.254000187,-0.923999965,3.926666737,0.4223333,-0.550000012,1.121999979
2.128027631,-0.30209904,0.000174533,0.821229797,0.152105447,0.200049637,-0.946666616,30.67199898,7.195500374,-0.93599999,3.913999796,0.4223333,-0.550000012,1.059666634
2.128010187,-0.30209904,0.000174533,0.821229797,0.152105447,0.200049637,-0.946666616,30.64799881,7.254000187,-0.959999919,3.926666737,0.4223333,-0.5,1.121999979
2.128010187,-0.302116484,0.000174533,0.821229797,0.152105447,0.200049637,-0.946666616,30.65999985,7.332000256,-0.983999968,3.901333094,0.4223333,-0.450000018,1.184333444
2.128027631,-0.302133961,0.000174533,0.821229797,0.152105447,0.200067097,-0.946666616,30.64799881,7.3125,-0.959999919,3.926666737,0.4223333,-0.550000012,1.121999979
2.128010187,-0.302116484,0.000174533,0.821229797,0.152122891,0.200084541,-0.946666616,30.65999985,7.254000187,-0.947999954,3.9393332,0.4223333,-0.5,1.121999979
2.128027631,-0.302116484,0.000174533,0.821229797,0.152105447,0.200067097,-0.946666616,30.64799881,7.254000187,-0.93599999,3.901333094,0.4223333,-0.550000012,1.059666634
2.128027631,-0.302133961,0.000174533,0.821229797,0.152122891,0.200084541,-0.946666616,30.62399864,7.3125,-0.959999919,3.901333094,0.4223333,-0.5,1.184333444
2.128027631,-0.302133961,0.000174533,0.821229797,0.152105447,0.200084541,-0.946666616,30.62399864,7.3125,-0.947999954,3.901333094,0.482666671,-0.5,1.121999979
2.128027631,-0.302133961,0.000174533,0.821229797,0.152105447,0.200084541,-0.946666616,30.64799881,7.273499966,-0.93599999,3.913999796,0.4223333,-0.5,1.121999979
2.128027631,-0.302133961,0.000191986,0.821229797,0.152105447,0.200084541,-0.946666616,30.64799881,7.273499966,-0.93599999,3.901333094,0.4223333,-0.5,1.059666634
2.128027631,-0.302133961,0.000174533,0.821229797,0.152105447,0.200102001,-0.946666616,30.62399864,7.3125,-0.93599999,3.926666737,0.4223333,-0.550000012,1.184333444
2.128027631,-0.302133961,0.000174533,0.821229797,0.152105447,0.200102001,-0.946666616,30.62399864,7.293000221,-0.983999968,3.901333094,0.4223333,-0.550000012,1.121999979
2.128027631,-0.302133961,0.000174533,0.821212287,0.152105447,0.200119445,-0.946666616,30.59999847,7.293000221,-0.947999954,3.875999928,0.4223333,-0.550000012,1.121999979
2.128010187,-0.302133961,0.000174533,0.821212287,0.152122891,0.200119445,-0.946666616,30.62399864,7.293000221,-0.93599999,3.913999796,0.4223333,-0.550000012,1.121999979
2.128010187,-0.302133961,0.000174533,0.821212287,0.152122891,0.200119445,-0.946666616,30.59999847,7.273499966,-0.959999919,3.901333094,0.4223333,-0.550000012,1.121999979
2.128010187,-0.302133961,0.000174533,0.821194843,0.152105447,0.200136905,-0.946666616,30.6119976,7.273499966,-0.959999919,3.926666737,0.4223333,-0.5,1.121999979
2.128010187,-0.302133961,0.000174533,0.821194843,0.152122891,0.200136905,-0.946666616,30.6119976,7.293000221,-0.947999954,3.875999928,0.482666671,-0.550000012,1.121999979
2.128010187,-0.302133961,0.000174533,0.821212287,0.152122891,0.200154366,-0.946666616,30.6119976,7.293000221,-0.959999919,3.913999796,0.4223333,-0.5,1.121999979
2.128027631,-0.302133961,0.000174533,0.821194843,0.152122891,0.200154366,-0.946666616,30.59999847,7.3125,-0.947999954,3.913999796,0.4223333,-0.5,1.121999979
2.128010187,-0.302133961,0.000174533,0.821194843,0.152122891,0.200154366,-0.946666616,30.59999847,7.254000187,-0.959999919,3.926666737,0.4223333,-0.5,1.059666634
2.128010187,-0.302133961,0.000174533,0.821194843,0.152122891,0.20017181,-0.946666616,30.58799934,7.293000221,-0.93599999,3.901333094,0.4223333,-0.5,1.184333444
2.128010187,-0.302133961,0.000174533,0.821194843,0.152122891,0.20017181,-0.946666616,30.57599831,7.3125,-0.983999968,3.901333094,0.4223333,-0.5,1.121999979
2.128010187,-0.302133961,0.000174533,0.821194843,0.152122891,0.20017181,-0.946666616,30.59999847,7.3125,-0.947999954,3.913999796,0.4223333,-0.550000012,1.121999979
2.128010187,-0.302133961,0.000174533,0.821194843,0.152122891,0.20018927,-0.946666616,30.57599831,7.429500103,-0.983999968,3.9393332,0.4223333,-0.5,1.121999979
2.128010187,-0.302116484,0.000174533,0.821194843,0.152122891,0.20017181,-0.946666616,30.59999847,7.683000088,-0.995999932,3.88866663,0.482666671,-0.550000012,0.997333407
2.128010187,-0.302081597,0.000174533,0.821194843,0.152122891,0.20017181,-0.946666616,30.52799797,8.170499802,-1.055999994,3.901333094,0.482666671,-0.550000012,1.121999979
2.128027631,-0.301889616,0.000174533,0.821194843,0.152122891,0.20018927,-0.946666616,30.55200005,8.36550045,-1.128000021,3.88866663,0.482666671,-0.450000018,1.059666634
2.128027631,-0.30161035,0.000174533,0.821194843,0.152122891,0.200206714,-0.946666616,30.5039978,8.521500587,-1.187999964,3.875999928,0.542999983,-0.550000012,1.121999979
2.128010187,-0.30112166,0.000139626,0.821194843,0.152122891,0.200206714,-0.946666616,30.55200005,8.599499702,-1.187999964,3.9393332,0.482666671,-0.450000018,1.121999979
2.128010187,-0.300214088,0.000139626,0.8211774,0.152140351,0.200206714,-0.946666616,30.62399864,10.02299976,-1.572000027,4.002666473,0.4223333,-0.5,1.059666634
2.128010187,-0.298730541,0.000122173,0.8211774,0.152122891,0.200206714,-0.946666616,30.5399971,10.97850037,-1.775999904,4.015333176,0.482666671,-0.5,1.184333444
2.128027631,-0.29639182,0.000122173,0.821194843,0.152122891,0.200206714,-0.946649105,30.33599854,11.21250057,-1.835999966,3.9393332,0.542999983,-0.450000018,1.184333444
2.128027631,-0.293040797,6.98E-05,0.821194843,0.152140351,0.200206714,-0.946649105,30.33599854,8.657999992,-0.959999919,3.837999821,0.4223333,-0.5,1.121999979
2.128010187,-0.290510062,3.49E-05,0.8211774,0.152157811,0.200224174,-0.946631662,30.63599777,6.805500031,-0.575999975,3.825333118,0.4223333,-0.550000012,1.121999979
2.127992744,-0.287159006,0,0.821159956,0.152157811,0.200241618,-0.946649105,31.41599846,7.215000153,-0.683999956,4.141999722,0.361999989,-0.550000012,1.059666634
2.1279753,-0.283720732,1.75E-05,0.821142512,0.152157811,0.200241618,-0.946649105,31.34399986,9.282000542,-1.355999947,4.179999828,0.482666671,-0.550000012,1.121999979
2.128010187,-0.279950828,5.24E-05,0.821159956,0.152157811,0.200241618,-0.946649105,30.38399887,11.40750027,-1.943999887,4.015333176,0.542999983,-0.450000018,1.184333444
2.128062519,-0.275186067,3.49E-05,0.8211774,0.152157811,0.200224174,-0.946631662,29.54399872,9.828000069,-1.559999943,3.673333168,0.4223333,-0.400000036,1.059666634
2.128010187,-0.270072248,0,0.821142512,0.152157811,0.200224174,-0.946649105,31.12800026,7.137000084,-0.719999969,3.964666605,0.482666671,-0.450000018,1.121999979
2.127940279,-0.265220235,-1.75E-05,0.821125069,0.152140351,0.200224174,-0.946666616,32.07600021,5.888999939,-0.479999959,4.293999672,0.4223333,-0.450000018,1.121999979
2.127905392,-0.260368222,0,0.821072671,0.152157811,0.200206714,-0.946666616,32.36399841,6.473999977,-0.503999949,4.43333292,0.542999983,-0.349999994,1.184333444
2.127905392,-0.256860106,0,0.821072671,0.152157811,0.200206714,-0.946666616,31.6799984,7.956000328,-0.875999987,4.243332863,0.482666671,-0.300000012,1.24666667
2.127957723,-0.253439259,0,0.821090115,0.152157811,0.20018927,-0.946666616,30.70799828,7.897500038,-1.031999946,3.926666737,0.542999983,-0.25,1.24666667
2.127905392,-0.250751447,0,0.821072671,0.152140351,0.20017181,-0.946684059,31.7879982,8.014500618,-1.139999986,4.230666637,0.603333294,-0.200000018,1.24666667
2.127835617,-0.248342901,3.49E-05,0.821037784,0.152122891,0.20017181,-0.946701503,32.61599731,8.560500145,-1.379999876,4.559999943,0.663666666,-0.050000004,1.309000015
2.127783286,-0.24637068,1.75E-05,0.82102034,0.152053083,0.200136905,-0.946701503,32.67599869,8.443500519,-1.319999933,4.686666489,0.663666666,-0.100000009,1.309000015
2.127818174,-0.24488715,3.49E-05,0.821002896,0.151791277,0.200136905,-0.946701503,31.7159977,9.535500526,-1.727999926,4.496666431,0.723999977,0,1.371333361
2.127818174,-0.243543252,3.49E-05,0.821002896,0.151669105,0.200136905,-0.946701503,31.81200027,9.477000237,-1.763999939,4.458666801,0.603333294,-0.050000004,1.371333361
2.12780073,-0.242356414,5.24E-05,0.821002896,0.151372412,0.200119445,-0.946701503,32.18399811,9.711000443,-1.727999926,4.496666431,0.723999977,0,1.309000015
2.127765842,-0.241466303,3.49E-05,0.821002896,0.151232779,0.200119445,-0.946718947,32.79599762,9.613500595,-1.595999837,4.63599968,0.723999977,0,1.371333361
2.127783286,-0.240750711,3.49E-05,0.821002896,0.151180415,0.200119445,-0.946718947,32.56800079,8.716500282,-1.331999898,4.610666752,0.723999977,-0.050000004,1.371333361
2.127783286,-0.24036675,3.49E-05,0.821002896,0.151145511,0.200119445,-0.946718947,32.33999634,9.496500015,-1.595999837,4.623332977,0.723999977,0.050000004,1.371333361
2.127783286,-0.240279482,5.24E-05,0.821002896,0.151145511,0.200119445,-0.946718947,32.11199951,10.00349998,-1.751999974,4.623332977,0.784333348,0.050000004,1.371333361
2.127783286,-0.240244578,6.98E-05,0.821002896,0.151128067,0.200119445,-0.946718947,32.43599701,10.95900059,-2.027999878,4.648666382,0.723999977,0.100000009,1.371333361
2.127783286,-0.240174753,6.98E-05,0.821002896,0.151128067,0.200119445,-0.946718947,32.09999847,10.64700031,-1.943999887,4.59800005,0.784333348,0.100000009,1.371333361
2.127783286,-0.24005258,5.24E-05,0.821002896,0.151145511,0.200119445,-0.946718947,32.11199951,9.80850029,-1.655999899,4.58533287,0.723999977,0.050000004,1.371333361
2.127783286,-0.239982772,5.24E-05,0.821002896,0.151128067,0.200102001,-0.946718947,32.30399704,9.886500359,-1.691999912,4.623332977,0.784333348,0.100000009,1.433666706
2.127765842,-0.239982772,5.24E-05,0.820985452,0.151128067,0.200119445,-0.946718947,32.53199768,10.25699997,-1.763999939,4.661333084,0.723999977,0.050000004,1.371333361
2.127783286,-0.239982772,6.98E-05,0.821002896,0.151128067,0.200102001,-0.946718947,32.2559967,10.4715004,-1.860000014,4.610666752,0.663666666,0.050000004,1.371333361
2.127783286,-0.239982772,6.98E-05,0.821002896,0.151128067,0.200119445,-0.946701503,31.92000008,10.1789999,-1.811999917,4.559999943,0.723999977,0.050000004,1.371333361
2.127783286,-0.239965312,6.98E-05,0.821002896,0.151128067,0.200102001,-0.946718947,32.07600021,10.0425005,-1.763999939,4.572666645,0.723999977,0.050000004,1.371333361
2.127783286,-0.239982772,6.98E-05,0.821002896,0.151128067,0.200119445,-0.946701503,32.39999771,10.12050056,-1.775999904,4.623332977,0.663666666,0.100000009,1.371333361
2.127783286,-0.239982772,6.98E-05,0.821002896,0.151128067,0.200119445,-0.946701503,32.33999634,10.12050056,-1.775999904,4.63599968,0.723999977,0.050000004,1.433666706
2.127783286,-0.239982772,6.98E-05,0.821002896,0.151128067,0.200119445,-0.946701503,32.01599884,9.984000206,-1.727999926,4.63599968,0.904999971,0.100000009,1.371333361
2.127783286,-0.240035137,6.98E-05,0.82102034,0.151250239,0.200102001,-0.946701503,32.0039978,9.593999863,-1.619999886,4.800666809,0.904999971,0,1.371333361
2.127765842,-0.240331846,6.98E-05,0.821142512,0.151861102,0.200119445,-0.946701503,32.59199905,8.579999924,-1.331999898,5.218666077,0.965333343,0.050000004,1.496000051
2.127748399,-0.241012517,6.98E-05,0.821526474,0.15273377,0.200119445,-0.946718947,33.33599854,7.819499969,-1.055999994,5.965999603,0.965333343,-0.050000004,1.433666706
2.127678491,-0.242304067,3.49E-05,0.823027431,0.153536613,0.200119445,-0.946753834,34.72800064,6.357000351,-0.479999959,6.548666477,1.085999966,-0.100000009,1.496000051
2.127730955,-0.244450807,6.98E-05,0.825593121,0.154932875,0.200049637,-0.94673639,33.18000031,7.52699995,-0.971999943,5.737999916,1.085999966,-0.150000006,1.496000051
2.127730955,-0.247068811,6.98E-05,0.828682321,0.157131997,0.200014733,-0.946753834,33.26399994,7.722000122,-0.875999987,5.839333534,1.206666589,-0.25,1.558333278
2.127783286,-0.249966048,8.73E-05,0.831754077,0.160622652,0.199979829,-0.946788788,31.9679985,8.151000023,-0.923999965,6.333333492,1.327333331,-0.25,1.683000088
2.127643603,-0.253125106,6.98E-05,0.836134911,0.166766215,0.199997273,-0.946823676,35.37599945,8.131500244,-0.768000007,6.649999619,1.146333337,-0.400000036,1.745333314
2.127713378,-0.25720918,6.98E-05,0.841580343,0.175423037,0.199997273,-0.946823676,33.99599838,8.36550045,-0.815999925,6.054666042,1.085999966,-0.349999994,1.683000088
2.127695934,-0.260717279,6.98E-05,0.846432356,0.183643549,0.200014733,-0.946858563,34.04399872,9.028500557,-0.875999987,6.15599966,0.965333343,-0.400000036,1.870000124
2.127870505,-0.263771608,0.000122173,0.851406542,0.193347576,0.199979829,-0.946788788,30.10799789,11.25150013,-1.943999887,5.180666447,1.025666595,-0.25,1.620666742
2.127783286,-0.266092903,0.000139626,0.856153826,0.206245564,0.200014733,-0.946806232,32.27999878,10.62750053,-1.511999965,5.547999859,0.904999971,-0.349999994,1.683000088
2.127730955,-0.268553813,8.73E-05,0.861756318,0.222372403,0.200014733,-0.946841119,33.68399811,8.482500076,-0.743999958,5.889999866,0.904999971,-0.5,1.870000124
2.12762616,-0.270578398,3.49E-05,0.866695616,0.234118458,0.200014733,-0.946928404,36.38399887,5.694000244,0.23999998,7.359333515,1.206666589,-0.5,2.119333267
2.127608716,-0.273336019,3.49E-05,0.87365945,0.249686799,0.200014733,-0.946980735,35.73600006,6.883500099,-0.431999981,6.903333187,1.447999954,-0.5,2.119333267
2.127730955,-0.27649506,0.00010472,0.880379005,0.264068318,0.199997273,-0.946910961,32.7840004,10.12050056,-1.343999863,6.067333221,1.206666589,-0.400000036,1.93233335
2.127748399,-0.279479582,0.00010472,0.886941433,0.278589453,0.200014733,-0.946910961,32.13599777,11.3295002,-1.63199985,5.484666348,1.085999966,-0.5,1.93233335
2.127870505,-0.281853224,0.000139626,0.892735939,0.290195909,0.199997273,-0.946858563,29.60399818,10.88100052,-1.775999904,4.027999878,0.663666666,-0.400000036,1.683000088
2.127713378,-0.284645748,8.73E-05,0.899891786,0.302308465,0.200014733,-0.94689345,33.98399734,8.287500381,-0.791999936,6.307999611,0.8446666,-0.550000012,1.870000124
2.127678491,-0.286635429,6.98E-05,0.90587824,0.311436549,0.200014733,-0.946876007,34.28399658,7.37100029,-0.527999997,5.839333534,0.663666666,-0.600000024,1.870000124
2.127748399,-0.289078879,0.00010472,0.913994023,0.322205241,0.200014733,-0.946806232,32.19599915,8.716500282,-1.212000012,4.483999729,0.784333348,-0.550000012,1.620666742
2.127905392,-0.291120925,0.00010472,0.920539008,0.329814858,0.200014733,-0.946701503,28.22399902,8.501999855,-1.212000012,2.989333153,0.663666666,-0.650000036,1.24666667
2.1279753,-0.29302332,0.000139626,0.926734919,0.33754668,0.199997273,-0.946649105,27.2519989,10.15950012,-1.824000001,3.153999805,0.603333294,-0.450000018,1.121999979
2.127887948,-0.294978081,0.00010472,0.934100224,0.345069045,0.199997273,-0.946631662,29.73599815,8.794500351,-1.427999973,3.28066659,0.542999983,-0.550000012,1.059666634
2.127870505,-0.29654888,0.00010472,0.9413608,0.352120163,0.199979829,-0.946596774,30.62399864,8.014500618,-1.212000012,3.812666655,0.603333294,-0.550000012,0.997333407
2.12780073,-0.297770638,5.24E-05,0.948045401,0.35716419,0.200014733,-0.946614218,31.28399849,5.967000008,-0.287999988,3.875999928,0.542999983,-0.650000036,1.059666634
2.1279753,-0.299079615,0.00010472,0.956684762,0.363360101,0.200014733,-0.946544443,26.81999969,7.390500069,-1.128000021,1.355333328,0.120666668,-0.650000036,0.810333371
2.127992744,-0.300475877,0.00010472,0.964381697,0.367496523,0.199997273,-0.946544443,27.19199753,8.404500008,-1.379999876,2.305333376,0.301666647,-0.699999988,0.872666657
2.1279753,-0.301732523,0.000122173,0.972637097,0.370690485,0.199927464,-0.946526933,26.91600037,8.24849987,-1.463999987,2.153333426,0.482666671,-0.550000012,0.872666657
2.127905392,-0.302640095,0.000122173,0.97960093,0.373640103,0.199927464,-0.946526933,28.03199959,7.780499935,-1.475999951,2.165999889,0.301666647,-0.650000036,0.810333371
2.127591272,-0.303477859,6.98E-05,0.985988855,0.375804287,0.199910021,-0.946544443,26.93999863,5.65500021,-0.599999964,1.595999956,0.120666668,-0.699999988,0.872666657
2.126788462,-0.304385431,0.00010472,0.99253384,0.37723547,0.199857656,-0.946509489,24.28800011,7.15650034,-1.331999898,0.633333266,0.301666647,-0.550000012,0.810333371
2.125200153,-0.305537348,0.00010472,0.999410454,0.378579368,0.19989256,-0.946509489,25.44000053,7.956000328,-1.284000039,1.051333308,0.301666647,-0.699999988,0.872666657
2.123681752,-0.306252939,0.000174533,1.004070454,0.379033137,0.199822752,-0.946474602,25.07999992,9.945000648,-2.411999941,1.190666676,0.120666668,-0.5,0.623333335
2.121482646,-0.306497284,0.000122173,1.008887579,0.379137866,0.199822752,-0.946509489,25.81199837,7.605000019,-1.475999951,1.165333271,0.120666668,-0.650000036,0.810333371
2.11888207,-0.306706709,0.00010472,1.012570199,0.37919023,0.199822752,-0.946492045,24.68400002,6.37650013,-1.163999915,1.203333259,0.180999994,-0.550000012,0.748000026
2.116089479,-0.306724152,6.98E-05,1.015205663,0.379242595,0.199822752,-0.946492045,24.19199944,5.65500021,-0.768000007,0.785333276,0.120666668,-0.650000036,0.748000026
2.111883282,-0.306951054,0.000122173,1.01829493,0.379242595,0.199822752,-0.946509489,27.0359993,8.345999718,-1.619999886,1.823999882,0.301666647,-0.600000024,0.748000026
2.107816635,-0.307055782,0.000122173,1.020790711,0.379260038,0.199805292,-0.946509489,26.39999771,8.287500381,-1.703999877,1.342666626,0.301666647,-0.650000036,0.935000062
2.103121749,-0.307020862,0.00010472,1.0228502,0.379347324,0.199805292,-0.946492045,26.01599884,6.922500134,-1.128000021,1.228666544,0.180999994,-0.650000036,0.748000026
2.097240024,-0.306951054,6.98E-05,1.024822404,0.379417132,0.199805292,-0.946474602,24.37199974,6.259500027,-0.971999943,0.278666675,0.120666668,-0.650000036,0.748000026
2.092353124,-0.306985974,0.00010472,1.025974354,0.379417132,0.199805292,-0.946561887,29.43599892,7.410000324,-1.079999924,2.989333153,0.301666647,-0.600000024,0.935000062
2.087099639,-0.306968497,8.73E-05,1.026969178,0.379417132,0.199787832,-0.946561887,29.95199966,7.741500378,-1.15199995,3.153999805,0.301666647,-0.699999988,0.997333407
2.081305133,-0.306759073,0.00010472,1.027894227,0.379434575,0.199752928,-0.946544443,29.31599808,7.624500275,-1.25999999,2.507999897,0.301666647,-0.600000024,0.935000062
2.075894655,-0.306026038,8.73E-05,1.02850509,0.37948694,0.199752928,-0.946509489,27.2879982,7.507500172,-1.15199995,1.646666527,0.120666668,-0.600000024,0.748000026
2.071496444,-0.305258082,0.00010472,1.028609819,0.379504383,0.199770388,-0.946544443,28.12799835,8.209500313,-1.367999911,2.241999865,0.301666647,-0.650000036,0.935000062
2.066679319,-0.304001436,0.00010472,1.028574865,0.379504383,0.199752928,-0.94657933,33.51599884,10.19850063,-1.84799993,4.243332863,0.482666671,-0.650000036,1.059666634
2.063380594,-0.301819775,0.00010472,1.028557421,0.37952186,0.199752928,-0.946561887,32.54399872,9.204000473,-1.536000013,3.774666548,0.4223333,-0.550000012,1.059666634
2.06043101,-0.29834658,8.73E-05,1.028627262,0.379539304,0.19970058,-0.946544443,29.59199905,8.131500244,-1.427999973,2.875333071,0.4223333,-0.450000018,0.935000062
2.058092222,-0.295466804,3.49E-05,1.028784322,0.379626556,0.19970058,-0.946474602,25.87199974,6.025500298,-0.743999958,1.165333271,0.120666668,-0.550000012,0.748000026
2.055386983,-0.292185556,5.24E-05,1.028871607,0.379644033,0.199665659,-0.946439714,25.9319973,8.385000229,-1.559999943,1.1146667,0.120666668,-0.550000012,0.498666704
2.052332604,-0.28829348,8.73E-05,1.02883672,0.379626556,0.199630755,-0.946474602,30.02399826,9.925499916,-2.256000042,2.621999979,0.301666647,-0.400000036,0.748000026
2.049103787,-0.283563639,6.98E-05,1.028801766,0.379626556,0.199595851,-0.946474602,31.6799984,7.819499969,-1.475999951,3.191999912,0.301666647,-0.400000036,0.810333371
2.046939569,-0.279793735,3.49E-05,1.02881921,0.379644033,0.199560947,-0.946439714,29.74799728,5.635499954,-0.611999989,2.203999996,0.120666668,-0.400000036,0.68566668
2.044880147,-0.275465316,0,1.028906495,0.379696364,0.199560947,-0.946387317,28.61999893,3.627000093,-0.096000001,1.519999981,-0.060333334,-0.5,0.498666704
2.043099823,-0.272376082,1.75E-05,1.028906495,0.379696364,0.199508583,-0.946387317,29.29199982,5.811000347,-1.031999946,2.178666592,0.120666668,-0.450000018,0.498666704
2.041284746,-0.26919958,6.98E-05,1.028906495,0.37967892,0.199438774,-0.946369873,30.16799927,8.81400013,-1.967999935,2.546000004,0.241333336,-0.349999994,0.56099999
2.039993246,-0.266633957,0.00010472,1.028941382,0.379713841,0.199351506,-0.946334985,29.03999901,9.535500526,-2.411999941,2.241999865,0.241333336,-0.300000012,0.498666704
2.038893627,-0.263405091,8.73E-05,1.029046111,0.379713841,0.199299142,-0.946300098,29.41199875,8.229000092,-2.051999807,2.330666542,0.241333336,-0.300000012,0.498666704
2.038143148,-0.259844611,5.24E-05,1.029168284,0.379731285,0.199281698,-0.946212813,29.25599861,6.59100008,-1.536000013,2.001333237,0.060333334,-0.349999994,0.374000013
2.037706789,-0.256196879,5.24E-05,1.029185727,0.379731285,0.199264238,-0.9462477,30.40799904,6.786000252,-1.451999903,2.596666574,0.241333336,-0.300000012,0.498666704
2.037671902,-0.253072742,5.24E-05,1.029203238,0.379731285,0.199211873,-0.946212813,29.57999992,6.727499962,-1.367999911,2.21666646,0.120666668,-0.349999994,0.436333328
2.037724233,-0.249477358,6.98E-05,1.029273012,0.379731285,0.199176969,-0.946195369,28.19999886,8.989500046,-2.32799983,1.836666584,0.120666668,-0.25,0.436333328
2.03775912,-0.245480552,0.000139626,1.029360297,0.379748729,0.199107161,-0.946177926,27.56399918,9.906000137,-2.807999849,1.380666614,0.180999994,-0.200000018,0.311666667
2.037671902,-0.240227117,0.000122173,1.029377741,0.379748729,0.199089701,-0.946177926,28.3920002,10.1789999,-2.795999765,1.659333348,0.241333336,-0.200000018,0.311666667
2.037602127,-0.235078395,6.98E-05,1.029377741,0.379766206,0.199054797,-0.946177926,28.90799904,6.610500336,-1.523999929,1.760666609,0.180999994,-0.300000012,0.311666667
2.037514775,-0.22982496,3.49E-05,1.029360297,0.379766206,0.199019892,-0.946177926,29.49599838,7.078500271,-1.883999825,2.178666592,0.120666668,-0.349999994,0.374000013
2.037479888,-0.22321015,8.73E-05,1.029377741,0.379766206,0.198827912,-0.946160415,29.33999825,9.671999931,-2.471999884,1.849333286,0.180999994,-0.349999994,0.311666667
2.037497331,-0.215059463,0.00010472,1.029395185,0.379766206,0.198653375,-0.946160415,28.16399765,10.06200027,-2.67599988,1.431333303,0.120666668,-0.300000012,0.311666667
2.037549663,-0.208078152,6.98E-05,1.029412629,0.379783649,0.198531202,-0.946125528,27.0719986,6.64950037,-1.679999948,1.000666618,0.060333334,-0.349999994,0.311666667
2.037462444,-0.199927464,0,1.029395185,0.379801093,0.198304318,-0.946142972,29.38799858,5.070000172,-0.659999967,1.519999981,0,-0.600000024,0.311666667
2.037252986,-0.19081684,0,1.029360297,0.379801093,0.196925499,-0.946160415,30.52799797,5.342999935,-0.959999919,1.899999976,0.060333334,-0.550000012,0.311666667
2.037200655,-0.181496792,6.98E-05,1.029360297,0.379783649,0.195057991,-0.946177926,29.74799728,7.819499969,-1.84799993,1.709999919,0.120666668,-0.450000018,0.374000013
2.037252986,-0.173869698,5.24E-05,1.029360297,0.379801093,0.192981058,-0.946160415,28.23599815,7.195500374,-1.751999974,0.949999988,0.120666668,-0.5,0.311666667
2.037252986,-0.164008595,0,1.029238125,0.379801093,0.190293246,-0.946125528,27.99600029,3.08100009,-0.275999993,0.329333335,-0.060333334,-0.550000012,0.249333352
2.037165768,-0.156346598,-0.000139626,1.028923938,0.379801093,0.187465818,-0.946142972,29.05199814,0.116999999,1.019999981,1.013333321,-0.180999994,-0.699999988,0.311666667
2.037026085,-0.148719504,-6.98E-05,1.028295632,0.37967892,0.183765722,-0.946160415,30.89999771,3.197999954,-0.107999995,1.722666621,-0.180999994,-0.699999988,0.311666667
2.036921423,-0.141685829,3.49E-05,1.02752771,0.379155343,0.179507111,-0.946142972,31.15199852,10.02299976,-2.519999981,1.494666576,-0.060333334,-0.550000012,0.374000013
2.037078549,-0.13273229,0.00010472,1.026148858,0.378195407,0.174375849,-0.94609064,27.1799984,9.106500626,-2.43599987,-0.063333333,-0.120666668,-0.450000018,0.187000006
2.037113437,-0.123726395,-3.49E-05,1.024857358,0.377357643,0.167464346,-0.946073197,26.57999802,4.289999962,-0.93599999,-0.848666668,-0.4223333,-0.800000072,0.124666676
2.037026085,-0.114755395,-0.00010472,1.023199274,0.375751923,0.159051853,-0.946055753,29.05199814,0.662999988,0.491999984,0.481333315,-0.361999989,-0.850000024,0.124666676
2.03678174,-0.107372655,-0.00010472,1.021523746,0.374250965,0.151512028,-0.946073197,32.36399841,2.359499931,0.23999998,2.026666641,-0.361999989,-1,0.187000006
2.03678174,-0.09906489,0,1.019656271,0.371859846,0.143640589,-0.946020799,30.94799995,6.766499996,-1.655999899,1.203333259,-0.120666668,-0.650000036,0
2.03695631,-0.091402893,1.75E-05,1.018137803,0.369782913,0.136955989,-0.945846295,27.0359993,6.045000076,-2.027999878,-0.861333311,-0.482666671,-0.800000072,-0.187000006
2.037043529,-0.083095128,0,1.016479786,0.367409271,0.131283663,-0.94575901,25.73999977,5.284500122,-1.523999929,-1.570666552,-0.482666671,-0.950000048,-0.249333352
2.03695631,-0.074804808,-6.98E-05,1.01475186,0.365524319,0.126396746,-0.945671725,27.97199821,2.398499966,-0.395999968,-0.266000003,-0.361999989,-0.950000048,-0.249333352
2.036816628,-0.066915925,-6.98E-05,1.012762213,0.36362189,0.122103231,-0.945671725,31.00799751,1.735499978,-0.059999995,1.026000023,-0.241333336,-0.75,-0.249333352
2.036869092,-0.06010914,-5.24E-05,1.011261255,0.362592145,0.119240891,-0.94560195,29.80799866,2.983500004,-0.659999967,0.266000003,-0.361999989,-0.650000036,-0.374000013
2.037078549,-0.051975904,-1.75E-05,1.0097079,0.362173263,0.116797432,-0.945532109,27.75599861,4.757999897,-1.296000004,-0.734666646,-0.4223333,-0.75,-0.311666667
2.037392669,-0.046460664,3.49E-05,1.008747963,0.362051091,0.115610611,-0.945444824,26.26799965,7.429500103,-2.315999985,-1.013333321,-0.361999989,-0.550000012,-0.498666704
2.037724233,-0.038728858,1.75E-05,1.007561125,0.361946395,0.114685587,-0.945444824,28.4279995,5.421000004,-1.715999961,-0.55733335,-0.361999989,-0.600000024,-0.374000013
2.038020909,-0.031503192,-6.98E-05,1.006444129,0.361876554,0.114580866,-0.945479778,29.63999748,1.657500029,-0.107999995,0.633333266,-0.361999989,-0.800000072,-0.249333352
2.038404937,-0.023841199,-0.00010472,1.005990326,0.361824223,0.114580866,-0.945497222,29.56799889,-0.253500015,0.755999982,0.266000003,-0.361999989,-0.850000024,-0.249333352
2.038806408,-0.016929694,-0.000139626,1.005466749,0.361789302,0.114598318,-0.945532109,29.47200012,0.624000013,0.707999945,-0.050666668,-0.361999989,-0.900000036,-0.062333338
2.039399761,-0.010873402,-6.98E-05,1.004436971,0.36170205,0.114580866,-0.94560195,28.63199806,4.328999996,-0.588,0.379999995,-0.180999994,-0.900000036,0
2.039853563,-0.004415683,-5.24E-05,1.003546876,0.361614765,0.11451105,-0.945636838,28.58399963,4.855500221,-0.635999978,0.012666667,-0.180999994,-0.900000036,0.187000006
2.039993246,0.00270526,-0.000122173,1.001853905,0.361544957,0.114493598,-0.945793898,30.14399719,0.916500032,1.031999946,1.545333385,-0.120666668,-0.950000048,0.56099999
2.04001069,0.008813913,-0.000244346,1.000126046,0.361510037,0.114493598,-0.94591607,30.75599861,-3.50999999,2.627999783,1.861999989,-0.120666668,-1.100000024,0.810333371
2.039975802,0.014119714,-0.000279253,0.998101444,0.361475149,0.114476146,-0.945985912,32.54399872,-3.666000128,2.855999947,2.077333212,-0.060333334,-1.149999976,0.872666657
2.039975802,0.01876229,-0.000226893,0.994942402,0.361405341,0.11442379,-0.946055753,32.95199966,0.019500002,1.73999989,2.773999929,0.060333334,-1.050000072,1.059666634
2.04001069,0.022584561,-0.000174533,0.991800804,0.36137042,0.114371425,-0.94609064,32.14799881,2.535000086,0.923999965,2.647333145,0.241333336,-0.850000024,1.121999979
2.040097908,0.026267205,-0.00015708,0.988973393,0.361352977,0.114301609,-0.946073197,31.39199829,2.535000086,0.683999956,2.507999897,0.180999994,-0.800000072,0.997333407
2.040115352,0.030508356,-0.000174533,0.986093584,0.3613355,0.114301609,-0.946055753,32.53199768,0.740999997,1.248000026,3.07799983,0.180999994,-0.850000024,0.935000062
2.040063021,0.034417893,-0.000226893,0.983685021,0.361318056,0.114301609,-0.946073197,33.4679985,-0.85800004,1.835999966,3.318666697,0.060333334,-0.950000048,1.059666634
2.040080465,0.038379788,-0.000226893,0.981224127,0.361283168,0.114301609,-0.94609064,33.20399857,-1.384500027,2.159999847,2.875333071,0.180999994,-0.950000048,1.121999979
2.040132796,0.041224677,-0.000226893,0.979426426,0.361248248,0.114301609,-0.94609064,32.55599976,-0.740999997,1.824000001,2.710666656,0.120666668,-1,1.121999979
2.040202571,0.043511059,-0.00020944,0.977716011,0.361213327,0.114266705,-0.94609064,32.23199844,-0.0195,1.583999872,2.938666582,0.180999994,-0.950000048,1.121999979
2.040202571,0.04553564,-0.000191986,0.976249941,0.36117844,0.114231801,-0.94609064,32.57999802,0.253500015,1.536000013,2.92599988,0.120666668,-0.850000024,0.997333407
2.040202571,0.047228611,-0.000191986,0.975010706,0.361073711,0.114196897,-0.946073197,32.67599869,-0.448500007,1.763999939,2.837333202,0.060333334,-0.950000048,0.997333407
2.040185127,0.048520153,-0.00020944,0.973771537,0.361021346,0.114161984,-0.94609064,32.57999802,0.078000002,1.463999987,2.72333312,0.120666668,-0.950000048,0.997333407
2.040220147,0.049602257,-0.000226893,0.972200738,0.360986459,0.114074716,-0.94609064,31.84799957,-2.262000084,2.32799983,2.292666435,0,-1,1.121999979
2.040202571,0.049637166,-0.000226893,0.970560164,0.360916651,0.113690746,-0.94609064,31.94399834,-0.546000004,1.703999877,3.07799983,0.180999994,-0.950000048,0.997333407
2.040167683,0.049445177,-0.000174533,0.968971921,0.360899174,0.113010067,-0.94609064,33.05999756,-0.253500015,1.787999988,3.305999994,0.120666668,-1,1.059666634
2.040097908,0.048886674,-3.49E-05,0.967750196,0.36088173,0.111980323,-0.946108084,34.07999802,0.85800004,1.212000012,3.28066659,0.180999994,-1,1.184333444
2.040150239,0.04845034,0.000331613,0.966702975,0.36084681,0.110252447,-0.946125528,33,-0.42900002,1.871999979,3.369333029,0.241333336,-0.850000024,1.121999979
2.040132796,0.047996554,0.00153589,0.966650577,0.36084681,0.10810569,-0.946125528,33.05999756,-2.340000153,2.615999699,3.318666697,0.180999994,-1,1.121999979
2.040185127,0.046879546,0.003769911,0.966668087,0.36084681,0.10536553,-0.946108084,31.7159977,-2.320500135,2.424000025,2.811999798,0.180999994,-0.950000048,0.997333407
2.040132796,0.045727624,0.006161012,0.966633133,0.36084681,0.101962135,-0.946125528,33.56399918,-0.253500015,1.787999988,3.267999887,0.180999994,-0.850000024,1.059666634
2.040167683,0.044017205,0.009075712,0.966650577,0.360829366,0.097546456,-0.946125528,32.12399673,0.312000006,1.607999921,2.837333202,0.120666668,-0.850000024,1.184333444
2.040167683,0.042184609,0.012653637,0.966650577,0.360829366,0.090408052,-0.946108084,31.99199867,-0.760500014,1.643999934,2.875333071,0.180999994,-0.850000024,1.121999979
2.040150239,0.040334561,0.016336282,0.966650577,0.360829366,0.08173377,-0.946108084,32.53199768,-1.325999975,2.087999821,2.837333202,0.060333334,-0.950000048,1.059666634
2.040097908,0.038205255,0.019442967,0.966598246,0.360794478,0.072884952,-0.946125528,32.98799896,1.150500059,1.223999977,3.052666664,0.180999994,-0.900000036,1.059666634
2.04001069,0.036128314,0.021973694,0.966510961,0.360777001,0.064088489,-0.946160415,32.36399841,0.585000038,1.775999904,2.799333096,0.180999994,-1.200000048,1.24666667
2.039748901,0.034033921,0.024207716,0.966319013,0.360759558,0.055606192,-0.946177926,31.84799957,0.585000038,1.727999926,2.393999815,0.060333334,-1.600000143,1.309000015
2.039382317,0.032306044,0.026005406,0.965830323,0.360794478,0.049131019,-0.946177926,30.98399925,-1.384500027,2.424000025,2.140666485,-0.060333334,-1.800000072,1.24666667
2.038631838,0.030630528,0.027855454,0.965132176,0.360777001,0.043406338,-0.946212813,32.56800079,-2.242500067,2.89199996,3.014666557,0,-1.900000095,1.24666667
2.037497331,0.029251718,0.029792771,0.964730771,0.360759558,0.040037851,-0.946230257,33.27599716,-0.975000024,2.303999901,3.07799983,0,-2,1.309000015
2.036048705,0.028204522,0.031189033,0.964311855,0.360777001,0.038240164,-0.946212813,31.05599976,1.131000042,1.667999864,1.823999882,0,-2.050000191,1.24666667
2.03433829,0.027820548,0.032236231,0.96357882,0.360777001,0.037716565,-0.946212813,31.54799843,-0.253500015,1.967999935,2.31799984,-0.060333334,-2.050000191,1.24666667
2.032977015,0.027663469,0.03244567,0.963002845,0.360777001,0.037507124,-0.946160415,32.44799805,-1.521000028,2.315999985,2.647333145,0,-1.950000048,1.059666634
2.031301487,0.027663469,0.032463124,0.962426937,0.360777001,0.037245327,-0.946125528,32.15999603,-2.886000156,2.67599988,1.963333368,-0.180999994,-2,0.997333407
2.029748065,0.027558749,0.032602751,0.961205211,0.360794478,0.037105699,-0.946108084,30.97199821,-1.774500012,2.171999931,1.747999907,-0.120666668,-1.850000024,0.872666657
2.028299439,0.027488937,0.032707469,0.96015799,0.360777001,0.037018434,-0.946108084,31.10399818,-0.994500041,2.039999962,1.823999882,-0.180999994,-1.850000024,0.935000062
2.026955608,0.027331856,0.032847096,0.958569747,0.360777001,0.036896262,-0.946055753,31.30799866,-0.838500023,1.9799999,2.178666592,-0.120666668,-1.800000072,0.748000026
2.025716439,0.02729695,0.032969271,0.956422973,0.360777001,0.036826445,-0.946020799,28.59599876,-1.579500079,1.955999851,0.532000005,-0.241333336,-1.800000072,0.56099999
2.024337587,0.027314404,0.033021629,0.95336866,0.360759558,0.036704273,-0.946073197,31.16399956,-1.813500047,2.159999847,1.963333368,-0.180999994,-1.800000072,0.748000026
2.023168193,0.02729695,0.033056537,0.949162397,0.360724637,0.0365821,-0.946073197,32.97599792,-1.07249999,2.003999949,3.014666557,-0.120666668,-1.750000119,0.935000062
2.022557397,0.027262044,0.033073989,0.945793898,0.360724637,0.036512288,-0.946073197,30.65999985,-1.014000058,1.895999908,1.785999894,-0.180999994,-1.700000048,0.872666657
2.021911581,0.02729695,0.033091443,0.940837156,0.36068975,0.036459928,-0.94609064,32.35200119,-1.871999979,2.32799983,2.06466651,-0.060333334,-1.800000072,0.748000026
2.021789342,0.02729695,0.033108895,0.934466741,0.360672306,0.03642502,-0.946055753,29.73599815,-1.560000062,2.063999891,1.608666539,-0.180999994,-1.800000072,0.748000026
2.021667236,0.027279496,0.033143803,0.927921757,0.360602465,0.036390116,-0.946073197,31.59599876,-1.28700006,2.051999807,2.685333252,-0.120666668,-1.700000048,0.810333371
2.021544997,0.027244589,0.033161255,0.920224821,0.360340676,0.036355207,-0.94609064,32.73599625,-1.033500075,2.027999878,3.07799983,-0.060333334,-1.700000048,0.935000062
2.021492665,0.027262044,0.033178709,0.913941692,0.359799621,0.036320303,-0.94609064,33.05999756,-1.579500079,2.123999834,3.33133316,-0.180999994,-1.700000048,0.935000062
2.021475222,0.027279496,0.033178709,0.907169806,0.358804797,0.036320303,-0.94609064,32.30399704,-2.067000151,2.256000042,3.027333021,-0.120666668,-1.700000048,0.935000062
2.021527553,0.027244589,0.033196162,0.899961561,0.35732125,0.036302847,-0.94609064,31.48799896,-1.36500001,1.943999887,2.444666624,-0.120666668,-1.700000048,0.872666657
2.021544997,0.027209683,0.033248522,0.893730763,0.356082081,0.036285395,-0.946055753,30.91199875,-1.07249999,1.835999966,2.102666616,-0.060333334,-1.700000048,0.810333371
2.021527553,0.027174777,0.033300882,0.886784307,0.354982529,0.036250487,-0.946055753,31.95599937,-1.131000042,1.883999825,3.457999945,0.060333334,-1.650000095,0.810333371
2.021388003,0.027192229,0.033300882,0.879488843,0.35454617,0.036250487,-0.946108084,34.09199905,-1.50150001,2.171999931,3.926666737,0.120666668,-1.700000048,0.997333407
2.021405447,0.027192229,0.033335788,0.87365945,0.354493839,0.036215583,-0.94609064,33,-1.345499992,2.003999949,3.483333111,0,-1.600000143,0.935000062
2.021388003,0.027209683,0.033353242,0.866608331,0.354476362,0.036215583,-0.94609064,33.3239975,-1.911000013,2.207999945,3.711333036,0.120666668,-1.550000072,0.935000062
2.021440334,0.027174777,0.033370694,0.861110568,0.354458918,0.036215583,-0.946073197,31.69199753,-1.170000076,1.775999904,2.888000011,0,-1.700000048,0.935000062
2.021440334,0.027104963,0.033423055,0.854199066,0.354458918,0.036198127,-0.946055753,32.17200089,-0.85800004,1.679999948,3.17933321,0.060333334,-1.650000095,0.935000062
2.021353116,0.027139869,0.033423055,0.847147881,0.354423997,0.036180675,-0.94609064,34.33200073,-1.423500061,2.063999891,4.686666489,0.120666668,-1.600000143,1.059666634
2.021318228,0.027139869,0.033405602,0.842383153,0.354406554,0.036163223,-0.946108084,34.63199997,-1.443000078,2.063999891,4.737333298,0.241333336,-1.550000072,1.059666634
2.021300652,0.027139869,0.033423055,0.837251907,0.354406554,0.036163223,-0.946108084,34.70399857,-1.579500079,2.039999962,4.58533287,0.120666668,-1.550000072,0.997333407
2.021353116,0.027122417,0.033423055,0.832766412,0.35438911,0.036163223,-0.94609064,32.90399933,-1.443000078,1.883999825,3.901333094,0.120666668,-1.550000072,0.997333407
2.021388003,0.027052603,0.033440509,0.828612546,0.354371666,0.036128314,-0.94609064,32.32799911,-1.267500043,1.835999966,3.647999763,0.060333334,-1.600000143,0.872666657
2.021353116,0.026947884,0.033457963,0.824057209,0.354371666,0.036128314,-0.94609064,33.13199615,-1.033500075,1.84799993,3.88866663,0.120666668,-1.5,0.935000062
2.021318228,0.026843164,0.033457963,0.819571713,0.354354189,0.036128314,-0.94609064,33.56399918,-2.105999947,2.075999975,3.9393332,0.120666668,-1.5,0.997333407
2.021283208,0.026459192,0.033457963,0.814684813,0.354336746,0.036128314,-0.946108084,33.84000015,-3.061500072,2.339999914,4.43333292,0.120666668,-1.5,1.059666634
2.021265764,0.02549926,0.033440509,0.809099764,0.354319302,0.036128314,-0.946125528,34.41600037,-3.50999999,2.651999712,4.863999844,0.120666668,-1.550000072,1.059666634
2.021213433,0.024260076,0.033492869,0.804614269,0.354284381,0.03609341,-0.946142972,35.30400085,-0.409500003,1.655999899,5.357999802,0.241333336,-1.5,1.184333444
2.021126214,0.02289872,0.033492869,0.801210816,0.354284381,0.036075954,-0.946177926,36.2159996,-1.443000078,2.087999821,5.813999653,0.301666647,-1.5,1.24666667
2.021161102,0.021101031,0.033492869,0.798156503,0.354249494,0.036058502,-0.946177926,34.59599686,-2.340000153,2.339999914,4.90199995,0.241333336,-1.5,1.309000015
2.021213433,0.019111356,0.033475415,0.795782894,0.354249494,0.036058502,-0.946177926,33.5039978,-2.398499966,2.447999954,4.471333027,0.180999994,-1.550000072,1.184333444
2.021178546,0.0169646,0.033475415,0.793129986,0.354249494,0.036058502,-0.946177926,34.24799728,-2.047500134,2.519999981,4.889333248,0.180999994,-1.650000095,1.24666667
2.021161102,0.014224433,0.033527775,0.789918546,0.354214573,0.03604105,-0.946177926,34.5359993,-0.42900002,1.943999887,5.167999744,0.301666647,-1.5,1.184333444
2.021038863,0.01123992,0.033510321,0.787405321,0.354179652,0.036023594,-0.946212813,36.49200058,-1.852500081,2.32799983,5.978666306,0.301666647,-1.5,1.371333361
2.021038863,0.007836528,0.033510321,0.785083977,0.354162209,0.036023594,-0.946212813,35.52000046,-2.378999949,2.411999941,5.61133337,0.301666647,-1.450000048,1.371333361
2.021003975,0.005288348,0.033545229,0.783425959,0.354109844,0.03598869,-0.946230257,36.02399826,-0.097500004,1.763999939,5.776000023,0.361999989,-1.399999976,1.433666706
2.021038863,0.002687807,0.033562681,0.781540974,0.354040036,0.035971238,-0.946212813,34.31999969,1.677000046,1.223999977,5.243999958,0.301666647,-1.300000072,1.371333361
2.021003975,0.000418879,0.033597587,0.779464041,0.353516425,0.035901421,-0.946212813,35.60400009,2.57400012,0.93599999,5.585999966,0.482666671,-1.149999976,1.433666706
2.021003975,-0.001256637,0.033562681,0.77712532,0.352312177,0.035883969,-0.946212813,35.39999771,0.85800004,1.415999889,5.408666134,0.361999989,-1.200000048,1.371333361
2.020969088,-0.002600541,0.033527775,0.775188003,0.350322496,0.035866517,-0.946230257,36.05999756,-1.735499978,2.207999945,5.598666191,0.361999989,-1.200000048,1.433666706
2.020986532,-0.004502949,0.033545229,0.772692155,0.34691911,0.035849061,-0.946212813,34.5359993,-0.799499989,1.63199985,4.496666431,0.120666668,-1.200000048,1.371333361
2.021056307,-0.006230825,0.033580135,0.769201483,0.341089683,0.035796705,-0.946177926,33.2159996,1.443000078,1.187999964,4.851333141,0.482666671,-0.950000048,1.121999979
2.020934201,-0.007871435,0.033632495,0.765047618,0.334090929,0.035709437,-0.946212813,35.96399689,4.15350008,0.384000003,6.219333172,0.603333294,-0.800000072,1.309000015
2.020969088,-0.009075712,0.033649948,0.760841355,0.327092142,0.035639624,-0.946177926,35.70000076,3.588000059,0.359999985,6.029333115,0.361999989,-0.699999988,1.184333444
2.020846982,-0.009546951,0.033615041,0.757437968,0.321699074,0.035604716,-0.946212813,37.76399994,1.443000078,0.863999963,6.523333549,0.4223333,-0.699999988,1.309000015
2.020934201,-0.009773844,0.033597587,0.753179374,0.316847061,0.035604716,-0.946177926,34.46399689,0.526499987,1.128000021,5.45933342,0.241333336,-0.800000072,1.184333444
2.020881869,-0.010000737,0.033615041,0.748868448,0.312832811,0.035604716,-0.946177926,36.5039978,1.833000064,0.791999936,5.839333534,0.180999994,-0.75,1.184333444
2.020916757,-0.010122909,0.033632495,0.745185763,0.309918115,0.035587264,-0.946160415,35.85599899,3.256500006,0.407999963,5.776000023,0.180999994,-0.699999988,1.184333444
2.020811961,-0.010122909,0.033615041,0.741712601,0.307893546,0.035569812,-0.946177926,38.37599945,2.281500101,0.923999965,7.435333252,0.361999989,-0.650000036,1.309000015
2.020811961,-0.009983284,0.033580135,0.739495985,0.307736453,0.035587264,-0.946195369,37.93199539,0.312000006,1.39199996,6.915999889,0.301666647,-0.699999988,1.371333361
2.020864426,-0.009948377,0.033597587,0.738256817,0.307980798,0.035587264,-0.946177926,36.88799667,0.85800004,1.15199995,6.535999775,0.301666647,-0.75,1.24666667
2.020864426,-0.009930924,0.033615041,0.737733239,0.308626581,0.035587264,-0.946177926,36.98400116,2.047500134,0.827999949,6.523333549,0.301666647,-0.650000036,1.309000015
2.020969088,-0.00986111,0.033632495,0.737750683,0.309167636,0.035587264,-0.946125528,35.97599792,3.236999989,0.371999979,5.978666306,0.301666647,-0.650000036,1.184333444
2.021283208,-0.009546951,0.033632495,0.737733239,0.310005367,0.035587264,-0.946125528,37.22399902,2.671499968,0.588,6.649999619,0.361999989,-0.650000036,1.309000015
2.021911581,-0.008970992,0.033597587,0.737837968,0.311349298,0.035587264,-0.946142972,38.147995,1.092000008,1.103999972,7.207333088,0.482666671,-0.699999988,1.371333361
2.022819186,-0.0084823,0.033597587,0.738256817,0.313304058,0.035587264,-0.946142972,38.7840004,0.780000031,1.248000026,7.675999641,0.542999983,-0.75,1.371333361
2.024110686,-0.008133234,0.033597587,0.739112024,0.316812173,0.035604716,-0.946160415,39.13199997,1.248000026,1.163999915,7.916666031,0.482666671,-0.699999988,1.433666706
2.026152665,-0.007906342,0.033597587,0.741346083,0.321384921,0.035587264,-0.946177926,39.45599747,2.281500101,0.899999976,8.271333694,0.723999977,-0.650000036,1.496000051
2.028840593,-0.007731808,0.033615041,0.744505125,0.326777988,0.035587264,-0.946160415,38.0759964,2.105999947,1.055999994,7.650666237,0.784333348,-0.650000036,1.433666706
2.031249156,-0.007522369,0.033597587,0.747751385,0.331385657,0.035587264,-0.946125528,36.38399887,1.189499974,1.103999972,6.611999989,0.663666666,-0.75,1.309000015
2.034390621,-0.007400196,0.033580135,0.752010046,0.337232527,0.035604716,-0.946125528,35.02799988,1.111500025,1.115999937,6.485333443,0.663666666,-0.800000072,1.433666706
2.037008641,-0.00741765,0.033597587,0.755221419,0.341927447,0.035604716,-0.946177926,36.18000031,2.262000084,0.995999932,6.953999996,0.663666666,-0.800000072,1.558333278
2.039382317,-0.007365289,0.033580135,0.758659693,0.346447863,0.035604716,-0.946230257,37.52399826,1.911000013,1.296000004,7.599999905,1.085999966,-0.800000072,1.745333314
2.041843211,-0.007295476,0.033580135,0.762098034,0.350846074,0.035604716,-0.946300098,36.89999771,1.443000078,1.355999947,7.599999905,0.8446666,-0.800000072,1.807666779
2.043937654,-0.007225663,0.033562681,0.765431579,0.354179652,0.035604716,-0.946439714,34.45199966,0.897000015,1.536000013,6.320666313,0.8446666,-0.850000024,1.994666815
2.045333949,-0.00720821,0.033562681,0.768032156,0.355401411,0.035604716,-0.946596774,35.12400055,1.014000058,1.691999912,7.055333138,1.085999966,-0.850000024,2.181666851
2.045787619,-0.00726057,0.033580135,0.76967273,0.355645756,0.035604716,-0.946701503,35.12400055,2.028000116,1.296000004,6.991999626,1.025666595,-0.800000072,2.119333267
2.045752731,-0.007295476,0.033597587,0.770475606,0.355628279,0.035604716,-0.946823676,39.34799957,2.65199995,1.128000021,8.005332947,1.146333337,-0.800000072,2.243999958
2.0457004,-0.007225663,0.033562681,0.770405765,0.355645756,0.035604716,-0.946823676,40.35599899,1.384500027,1.679999948,8.828665733,1.206666589,-0.800000072,2.243999958
2.045717844,-0.007138397,0.033545229,0.770353434,0.355698087,0.035604716,-0.946841119,38.9640007,0.604499996,1.883999825,8.233333588,1.206666589,-0.800000072,2.306333303
2.045787619,-0.00715585,0.033562681,0.770126532,0.355802816,0.035604716,-0.946823676,37.45199966,1.111500025,1.691999912,7.447999954,1.085999966,-0.800000072,2.243999958
2.045787619,-0.00726057,0.033562681,0.769428385,0.35585518,0.035604716,-0.946823676,37.77600098,2.515500069,1.223999977,7.21999979,1.146333337,-0.800000072,2.181666851
2.045822639,-0.00731293,0.033580135,0.768189216,0.355890101,0.035604716,-0.946753834,36.92399597,1.969500065,1.284000039,6.941333294,1.085999966,-0.75,1.93233335
2.045735288,-0.007574729,0.033545229,0.76658353,0.355942432,0.035587264,-0.946753834,38.5320015,-0.877499998,1.967999935,7.169333458,0.965333343,-0.800000072,2.05700016
2.045770175,-0.00837758,0.033545229,0.764908002,0.355994796,0.035604716,-0.946701503,37.67999649,-1.131000042,1.943999887,6.839999676,0.904999971,-0.800000072,1.93233335
2.0457004,-0.009407324,0.033562681,0.76370372,0.355994796,0.035604716,-0.946701503,38.23199844,-0.078000002,1.727999926,7.308666229,1.025666595,-0.800000072,1.93233335
2.045630625,-0.011309734,0.033562681,0.762674009,0.356064604,0.035622168,-0.946684059,36.11999893,0.292500019,1.547999978,6.523333549,0.965333343,-0.900000036,1.870000124
2.045333949,-0.013508848,0.033527775,0.762185252,0.356134446,0.035639624,-0.946684059,36.14399719,-1.306500077,1.907999873,6.535999775,0.8446666,-1,1.807666779
2.04472302,-0.016563175,0.033510321,0.762098034,0.356204254,0.035674528,-0.946684059,37.47599792,-2.730000019,2.483999968,6.789333344,0.8446666,-1.100000024,1.870000124
2.044181999,-0.020472712,0.033510321,0.762028192,0.356274062,0.035674528,-0.946684059,37.18799973,-1.696500063,2.375999928,6.637333393,0.784333348,-1.200000048,1.93233335
2.043605957,-0.024766223,0.033527775,0.761958418,0.356326426,0.035691985,-0.946701503,37.59600067,-1.131000042,2.148000002,6.903333187,0.8446666,-1.200000048,1.93233335
2.042838035,-0.033632495,0.033562681,0.761958418,0.356431155,0.035674528,-0.946666616,36.63599777,0.93599999,1.39199996,6.662666321,0.904999971,-1.050000072,1.807666779
2.042663598,-0.036302847,0.033562681,0.761975861,0.356466043,0.035674528,-0.946649105,36.5399971,0.799499989,1.559999943,6.459999561,0.904999971,-1.050000072,1.807666779
2.042401809,-0.04150393,0.033545229,0.761975861,0.356692944,0.035674528,-0.946631662,35.89199829,-0.565500021,1.955999851,6.320666313,0.8446666,-1,1.745333314
2.042105,-0.04785693,0.033527775,0.761940907,0.357024541,0.035674528,-0.946631662,36.69599915,-1.306500077,2.027999878,6.687999725,0.965333343,-1.100000024,1.745333314
2.041773436,-0.055100046,0.033545229,0.761940907,0.358071762,0.035691985,-0.946614218,37.53599548,-0.233999997,1.727999926,6.738666058,0.904999971,-1.050000072,1.745333314
2.041633753,-0.062500242,0.033580135,0.761940907,0.359520389,0.035674528,-0.946596774,36.77999878,2.690999985,0.923999965,6.611999989,0.904999971,-0.950000048,1.683000088
2.041581422,-0.069690998,0.033615041,0.761975861,0.361352977,0.035657076,-0.946596774,36.0719986,4.387500286,0.299999982,6.39666605,0.8446666,-0.900000036,1.683000088
2.041511647,-0.077283179,0.033597587,0.761975861,0.363517161,0.035657076,-0.946596774,36.04799652,3.197999954,0.995999932,6.421999931,1.085999966,-0.800000072,1.683000088
2.041459316,-0.084927724,0.033545229,0.761958418,0.368194671,0.035691985,-0.946596774,35.90399933,0.331499994,1.583999872,6.371333122,0.723999977,-1,1.683000088
2.041389408,-0.092537358,0.033562681,0.761940907,0.373395724,0.035814157,-0.946614218,37.66799927,0.292500019,1.63199985,6.82733345,0.663666666,-1.050000072,1.807666779
2.041284746,-0.099728117,0.033562681,0.761888576,0.378387387,0.03609341,-0.946649105,37.9679985,2.847000122,1.235999942,7.333999634,0.904999971,-0.900000036,1.93233335
2.041319633,-0.106691976,0.033632495,0.76190602,0.383850263,0.036669369,-0.946631662,36.33599854,6.025500298,0.096000001,6.776666164,0.8446666,-0.800000072,1.745333314
2.041319633,-0.113673294,0.033649948,0.76190602,0.390290519,0.037891098,-0.946631662,36.38399887,5.967000008,0.251999974,6.447333336,0.723999977,-0.800000072,1.807666779
2.04130219,-0.119101266,0.033580135,0.761871133,0.39701004,0.039514253,-0.946666616,36.43199921,3.549000025,1.212000012,6.51066637,0.663666666,-0.900000036,1.870000124
2.041267302,-0.125279733,0.033527775,0.761818735,0.403956463,0.041730823,-0.946701503,37.06799698,-0.585000038,2.220000029,7.143999577,0.723999977,-1,2.119333267
2.041145063,-0.131580373,0.033545229,0.761714073,0.411548636,0.044470991,-0.946718947,38.55599976,1.638000011,1.39199996,7.853333473,0.8446666,-0.850000024,2.119333267
2.041092732,-0.136903624,0.033597587,0.761661675,0.417639852,0.048485249,-0.946718947,38.54399872,5.440500259,0.635999978,7.561999798,0.8446666,-0.850000024,2.05700016
2.041110176,-0.142436325,0.033597587,0.761609344,0.423556497,0.054070301,-0.94673639,36.88799667,6.123000145,0.611999989,6.941333294,0.904999971,-0.699999988,2.181666851
2.041162507,-0.14739305,0.033562681,0.761609344,0.427902376,0.06075491,-0.94673639,35.291996,2.924999952,1.415999889,6.637333393,1.085999966,-0.650000036,2.119333267
2.041092732,-0.151896006,0.033510321,0.76157439,0.431532664,0.068573985,-0.946771278,37.13999557,-0.42900002,2.339999914,7.257999897,0.904999971,-0.800000072,2.243999958
2.040970626,-0.156852748,0.033510321,0.761487171,0.434185572,0.075607659,-0.946806232,39.14400101,0.0195,2.32799983,7.954666138,1.085999966,-0.699999988,2.368666887
2.040935606,-0.16296139,0.033545229,0.761434774,0.436245061,0.082379537,-0.946806232,38.69999695,2.749500036,1.572000027,7.865999699,1.26699996,-0.550000012,2.306333303
2.040970626,-0.167534154,0.033580135,0.761434774,0.437309693,0.086236718,-0.946788788,37.13999557,4.192500114,1.007999897,7.359333515,1.146333337,-0.550000012,2.243999958
2.041057845,-0.172613069,0.033580135,0.761452217,0.437676211,0.088924522,-0.946788788,35.0039978,4.718999863,0.971999943,6.71333313,1.146333337,-0.650000036,2.243999958
2.041005514,-0.177203277,0.033562681,0.761452217,0.437815827,0.090373148,-0.946788788,36.44399643,3.900000095,1.367999911,7.169333458,1.206666589,-0.650000036,2.181666851
2.040935606,-0.181549156,0.033545229,0.76141733,0.437815827,0.090896751,-0.946806232,38.44799805,2.184000015,1.715999961,7.903999805,1.146333337,-0.5,2.243999958
2.040900718,-0.185406329,0.033527775,0.761399886,0.437815827,0.091210904,-0.946806232,38.38800049,1.462499976,1.860000014,7.865999699,1.146333337,-0.550000012,2.181666851
2.040935606,-0.189193694,0.033545229,0.76141733,0.437850748,0.09166469,-0.946806232,37.03199768,2.242500067,1.63199985,7.435333252,1.146333337,-0.600000024,2.181666851
2.040970626,-0.193207943,0.033580135,0.761434774,0.437833304,0.091786862,-0.946788788,35.97599792,4.66050005,0.93599999,7.105999947,1.146333337,-0.450000018,2.181666851
2.040970626,-0.196838231,0.033580135,0.76141733,0.437850748,0.091856679,-0.946806232,36.27600098,5.440500259,0.731999993,7.232666016,1.26699996,-0.450000018,2.243999958
2.040935606,-0.200538327,0.033562681,0.76141733,0.437850748,0.091891583,-0.946788788,37.24799728,3.822000027,1.199999928,7.536666393,1.26699996,-0.450000018,2.181666851
2.040900718,-0.203522848,0.033545229,0.761399886,0.437885668,0.091961399,-0.946788788,37.69199753,2.144999981,1.727999926,7.61266613,1.146333337,-0.450000018,2.181666851
2.040900718,-0.207013504,0.033562681,0.761399886,0.437903112,0.091978851,-0.946788788,36.86399841,2.417999983,1.536000013,7.384666443,1.206666589,-0.450000018,2.119333267
2.040935606,-0.2107136,0.033580135,0.76141733,0.437937999,0.091996303,-0.946771278,36.33599854,4.582499981,0.80399996,7.21999979,1.146333337,-0.450000018,2.05700016
2.040935606,-0.213593392,0.033615041,0.76141733,0.437937999,0.091978851,-0.946753834,35.96399689,6.201000214,0.407999963,7.131333351,1.206666589,-0.349999994,2.05700016
2.040935606,-0.216385917,0.033615041,0.761434774,0.437955476,0.091978851,-0.946753834,36.11999893,5.752500057,0.588,7.06799984,1.146333337,-0.300000012,1.93233335
2.040918162,-0.219213361,0.033562681,0.76141733,0.437955476,0.091996303,-0.946753834,36.23999786,3.315000057,1.163999915,7.131333351,1.206666589,-0.300000012,2.05700016
2.040900718,-0.222267674,0.033562681,0.76141733,0.43797292,0.091996303,-0.94673639,36.55199814,2.690999985,1.199999928,7.245333195,1.206666589,-0.300000012,1.994666815
2.040830943,-0.22547908,0.033615041,0.76141733,0.43797292,0.091996303,-0.946718947,36.59999847,5.245500088,0.431999981,7.257999897,1.146333337,-0.300000012,1.93233335
2.040778612,-0.228289065,0.033649948,0.761434774,0.43797292,0.091978851,-0.946701503,34.99199677,7.37100029,-0.287999988,6.751333237,1.146333337,-0.150000006,1.745333314
2.040638929,-0.231099049,0.033649948,0.761487171,0.438007841,0.091978851,-0.946666616,33.69599915,6.883500099,-0.215999991,6.181333542,1.146333337,-0.200000018,1.620666742
2.040167683,-0.23355996,0.033615041,0.761487171,0.438042728,0.092013755,-0.946631662,33.47999954,4.835999966,0.34799999,5.877333164,0.965333343,-0.300000012,1.558333278
2.039522,-0.236090695,0.033580135,0.761452217,0.438095093,0.092031207,-0.946631662,35.56799698,3.08100009,0.93599999,6.611999989,1.025666595,-0.349999994,1.558333278
2.038701613,-0.239267181,0.033597587,0.761469728,0.438147457,0.092031207,-0.946596774,34.30799866,3.276000023,0.659999967,6.2446661,0.965333343,-0.349999994,1.558333278
2.037514775,-0.242565855,0.033615041,0.761487171,0.438164901,0.092048668,-0.946561887,34.47599792,4.446000099,0.275999993,5.965999603,0.904999971,-0.300000012,1.371333361
2.036118613,-0.246248508,0.033649948,0.761522059,0.438234709,0.092031207,-0.946474602,31.03199959,6.571500301,-0.491999984,4.699333191,0.784333348,-0.25,1.121999979
2.034547747,-0.250088237,0.033684854,0.761522059,0.438287073,0.092031207,-0.946474602,32.95199966,7.800000191,-0.863999963,5.750666142,0.8446666,-0.150000006,1.184333444
2.032435861,-0.253404355,0.033649948,0.761539502,0.438339438,0.092048668,-0.946439714,31.52400017,5.86950016,-0.156000003,5.205999851,0.723999977,-0.200000018,1.121999979
2.029835417,-0.257017183,0.033632495,0.761522059,0.438391802,0.09206612,-0.946439714,33.3239975,5.187000275,0.096000001,5.497333527,0.784333348,-0.300000012,1.184333444
2.026589024,-0.261607407,0.033649948,0.761504615,0.438391802,0.092101024,-0.946439714,35.54399872,6.240000248,-0.456,6.257333279,0.784333348,-0.25,1.121999979
2.024669151,-0.264260298,0.033719762,0.761469728,0.438391802,0.092083572,-0.946439714,36.4679985,9.652500153,-1.379999876,6.82733345,0.904999971,-0.150000006,1.24666667
2.022696947,-0.266721209,0.033737214,0.761434774,0.438391802,0.092083572,-0.946457158,36.86399841,10.72500038,-1.5,7.359333515,1.025666595,0,1.24666667
2.021388003,-0.267698606,0.033719762,0.761522059,0.438391802,0.092118476,-0.94640476,33.3239975,9.086999893,-1.212000012,5.813999653,0.965333343,-0.050000004,1.121999979
2.020480398,-0.267960395,0.033667402,0.761504615,0.438513975,0.092153388,-0.94640476,32.95199966,6.903000355,-0.515999973,5.737999916,0.965333343,-0.150000006,1.184333444
2.019555349,-0.267820778,0.033615041,0.761487171,0.439351738,0.092240648,-0.94640476,35.86799622,4.465499878,0.156000003,6.649999619,0.965333343,-0.25,1.24666667
2.018892222,-0.267768414,0.033580135,0.761504615,0.440957425,0.092345369,-0.946387317,36.82799911,5.694000244,-0.215999991,7.21999979,0.965333343,-0.25,1.24666667
2.018682764,-0.267524069,0.033597587,0.762010749,0.443139086,0.092380281,-0.946387317,36.98400116,7.761000156,-0.671999931,7.77733326,1.146333337,-0.150000006,1.433666706
2.018752539,-0.266703765,0.033615041,0.763354646,0.445634934,0.092415185,-0.946282588,33.84000015,9.028500557,-1.139999986,6.573999882,1.025666595,-0.050000004,1.121999979
2.018787426,-0.265656561,0.033597587,0.765100016,0.448165637,0.092432637,-0.9462477,33.5039978,7.059000015,-0.624000013,6.092666149,0.784333348,-0.200000018,1.24666667
2.018822314,-0.264260298,0.033580135,0.767299121,0.450137874,0.092467541,-0.946212813,33.26399994,7.800000191,-0.887999952,6.345999718,0.8446666,-0.150000006,1.121999979
2.018647877,-0.262165905,0.033562681,0.770894455,0.450958161,0.092467541,-0.9462477,37.90799713,7.897500038,-0.491999984,8.106666565,1.085999966,-0.150000006,1.24666667
2.018700208,-0.259722438,0.033580135,0.775083274,0.45139452,0.092467541,-0.946230257,35.35199738,8.853000641,-0.983999968,7.06799984,1.025666595,-0.150000006,1.184333444
2.018787426,-0.25638886,0.033545229,0.780266918,0.451481771,0.092502454,-0.946230257,33.77999878,8.268000603,-0.671999931,6.2446661,0.8446666,-0.200000018,1.184333444
2.018857201,-0.252426975,0.033527775,0.785729794,0.451516692,0.092502454,-0.946212813,32.66399765,10.51049995,-1.763999939,6.662666321,0.8446666,-0.150000006,1.121999979
2.018717652,-0.247278252,0.033527775,0.791873307,0.451516692,0.092502454,-0.9462477,36.29999924,11.7585001,-1.9799999,7.080666065,0.965333343,-0.050000004,1.24666667
2.018787426,-0.239808235,0.033475415,0.799116439,0.451516692,0.092484993,-0.946230257,33.54000092,8.36550045,-1.271999955,5.965999603,0.904999971,0,1.184333444
2.018787426,-0.233141078,0.033370694,0.804753885,0.451516692,0.092502454,-0.946282588,33.41999817,3.003000021,0.635999978,5.598666191,0.965333343,-0.050000004,1.371333361
2.018839758,-0.227730567,0.033265976,0.809134652,0.451534136,0.092537358,-0.946282588,32.12399673,1.189499974,1.019999981,5.066666126,0.784333348,-0.150000006,1.309000015
2.018735095,-0.222005886,0.033300882,0.812730053,0.451499215,0.092467541,-0.946317542,35.88000107,5.694000244,-0.275999993,6.662666321,1.025666595,0.150000006,1.371333361
2.018647877,-0.217188776,0.033370694,0.815103661,0.451464328,0.092432637,-0.946317542,36.67200089,9.048000336,-1.199999928,7.156666279,1.025666595,0.300000012,1.433666706
2.018717652,-0.21299999,0.033405602,0.81683152,0.45139452,0.092415185,-0.946317542,35.0039978,8.463000298,-1.379999876,6.371333122,1.025666595,0.400000036,1.309000015
2.018735095,-0.208601746,0.033370694,0.818210372,0.451167618,0.092397733,-0.946317542,34.04399872,4.738500118,-0.456,5.776000023,1.085999966,0.450000018,1.433666706
2.018700208,-0.205477609,0.033318336,0.818367432,0.451167618,0.092397733,-0.946334985,35.55599976,3.470999956,0.083999991,6.890666485,1.085999966,0.450000018,1.496000051
2.018403532,-0.203226139,0.033353242,0.818297591,0.451132698,0.092310465,-0.946369873,38.45999908,5.772000313,-0.56400001,7.954666138,1.26699996,0.550000012,1.558333278
2.018298736,-0.202231299,0.033370694,0.818280147,0.451132698,0.092118476,-0.946369873,38.9640007,7.644000053,-0.93599999,8.093999863,1.26699996,0.600000024,1.558333278
2.018351067,-0.201777513,0.033423055,0.818315101,0.451132698,0.091525065,-0.946352429,36.37199783,8.30700016,-1.319999933,7.055333138,1.206666589,0.600000024,1.558333278
2.018438419,-0.20165534,0.033405602,0.818367432,0.451150175,0.089832094,-0.946334985,34.66799927,7.624500275,-1.103999972,6.459999561,1.146333337,0.600000024,1.433666706
2.018385955,-0.201794973,0.033423055,0.818349988,0.451150175,0.087196646,-0.946317542,36.3599968,8.560500145,-1.379999876,7.017333508,1.206666589,0.5,1.371333361
2.018333624,-0.202021858,0.033423055,0.818332544,0.451150175,0.083636175,-0.946334985,37.79999924,7.897500038,-1.103999972,7.536666393,1.146333337,0.400000036,1.433666706
2.018333624,-0.202318567,0.033405602,0.818349988,0.451150175,0.080215336,-0.946334985,36.89999771,6.630000114,-0.827999949,7.245333195,1.146333337,0.300000012,1.371333361
2.018403532,-0.202964334,0.033370694,0.818594333,0.451167618,0.076585048,-0.946317542,35.37599945,5.167500019,-0.371999979,6.789333344,1.025666595,0.300000012,1.433666706
2.018403532,-0.204133711,0.033423055,0.819344812,0.451167618,0.074036869,-0.946317542,35.86799622,7.195500374,-0.971999943,6.852666378,1.025666595,0.200000018,1.371333361
2.018351067,-0.20521582,0.033423055,0.820182576,0.451167618,0.072535886,-0.946334985,37.16400146,7.58550024,-0.959999919,7.549333096,1.085999966,0.25,1.433666706
2.018333624,-0.206402641,0.033423055,0.821910435,0.451167618,0.071925015,-0.946352429,37.31999588,7.58550024,-1.079999924,7.739333153,1.146333337,0.200000018,1.496000051
2.018351067,-0.207502194,0.033370694,0.824388839,0.451167618,0.071698122,-0.946387317,37.04399872,5.128499985,-0.131999999,7.435333252,1.146333337,0.100000009,1.683000088
2.018351067,-0.208915916,0.033370694,0.82765261,0.451202506,0.07168067,-0.946422271,37.04399872,5.362500191,-0.107999995,7.397333145,1.206666589,0.150000006,1.745333314
2.018333624,-0.210451794,0.033388148,0.831003599,0.451272347,0.071663218,-0.946439714,37.58399963,6.786000252,-0.539999962,7.688666344,1.327333331,0.150000006,1.807666779
2.018333624,-0.21219713,0.033370694,0.83449427,0.451307235,0.07159341,-0.946492045,37.89599609,6.025500298,-0.23999998,7.891333103,1.447999954,0.150000006,1.994666815
2.018351067,-0.214675501,0.033370694,0.838543407,0.451324678,0.07159341,-0.946509489,36.73199844,6.064500332,-0.34799999,7.663333416,1.327333331,0.050000004,1.93233335
2.018333624,-0.217258584,0.033353242,0.842208649,0.451324678,0.07157595,-0.946561887,37.23600006,6.103499889,-0.024,8.005332947,1.327333331,0.050000004,2.05700016
2.018333624,-0.219318074,0.033370694,0.845280406,0.451324678,0.071558498,-0.946561887,37.61999893,7.722000122,-0.395999968,7.916666031,1.327333331,0,2.05700016
2.018368511,-0.221656812,0.033405602,0.848928138,0.451324678,0.071541046,-0.946544443,36.34799957,8.170499802,-0.779999971,7.029999733,1.26699996,-0.050000004,1.994666815
2.018420975,-0.223611589,0.033388148,0.851703218,0.451324678,0.071541046,-0.946509489,35.24399948,6.240000248,-0.335999966,6.763999939,1.26699996,-0.050000004,1.870000124
2.018368511,-0.225374368,0.033370694,0.854338682,0.451342155,0.071558498,-0.946526933,36.0719986,5.752500057,-0.23999998,6.953999996,1.206666589,-0.100000009,1.93233335
2.018333624,-0.227451301,0.033353242,0.85730571,0.45139452,0.07157595,-0.946544443,37.88399887,4.835999966,0.275999993,7.802666187,1.26699996,-0.25,1.994666815
2.018298736,-0.229807499,0.033353242,0.860848779,0.451830845,0.071558498,-0.946561887,39.0359993,5.752500057,0.071999997,8.651332855,1.628999949,-0.100000009,2.119333267
2.018333624,-0.231971717,0.033370694,0.86524699,0.453611069,0.07157595,-0.946561887,37.70399857,6.103499889,-0.156000003,7.726666451,1.327333331,-0.200000018,1.93233335
2.018403532,-0.23436282,0.033405602,0.871216,0.456333785,0.071558498,-0.946509489,35.32799911,7.429500103,-0.707999945,6.485333443,1.26699996,-0.200000018,1.807666779
2.018455863,-0.236230312,0.033388148,0.875579323,0.458707427,0.071558498,-0.946509489,34.19999695,7.975500107,-0.887999952,5.85199976,1.26699996,-0.200000018,1.745333314
2.018455863,-0.237870919,0.033405602,0.880344051,0.46228535,0.071541046,-0.946492045,34.69199753,8.463000298,-0.743999958,6.586666107,1.447999954,-0.050000004,1.807666779
2.018333624,-0.239406814,0.033388148,0.884707374,0.468533626,0.07159341,-0.946561887,37.74000168,7.039500237,-0.371999979,7.523999691,1.085999966,-0.300000012,1.994666815
2.018333624,-0.240593635,0.033370694,0.889088207,0.474450304,0.07157595,-0.946561887,37.91999817,6.279000282,-0.228,7.409999847,1.206666589,-0.100000009,1.93233335
2.018333624,-0.241850281,0.033370694,0.894289228,0.480820752,0.07159341,-0.94657933,37.79999924,5.635499954,0.156000003,7.333999634,1.025666595,-0.25,1.994666815
2.018403532,-0.243159274,0.033370694,0.899612487,0.486004395,0.071558498,-0.946561887,35.71199799,6.064500332,-0.419999987,6.687999725,0.965333343,-0.150000006,1.994666815
2.018420975,-0.244869689,0.033388148,0.905040476,0.490594586,0.07159341,-0.946561887,35.38799667,6.844500065,-0.491999984,6.535999775,1.025666595,-0.150000006,1.870000124
2.018385955,-0.246789562,0.033388148,0.911323672,0.495237175,0.07157595,-0.94657933,36.19199753,7.019999981,-0.56400001,6.725999832,0.965333343,-0.25,1.994666815
2.018368511,-0.248203268,0.033405602,0.915983671,0.498692926,0.07157595,-0.94657933,36.63599777,7.117500305,-0.671999931,6.15599966,0.8446666,-0.150000006,1.93233335
2.018403532,-0.24961699,0.033405602,0.920800797,0.501555259,0.07157595,-0.946596774,36.15599823,6.493500233,-0.371999979,6.497999668,1.025666595,-0.150000006,1.93233335
2.018368511,-0.251920824,0.033370694,0.926839648,0.505482256,0.07159341,-0.946631662,36.79199982,5.284500122,0.059999995,6.409333229,0.965333343,-0.300000012,1.994666815
2.018420975,-0.254224659,0.033405602,0.932058178,0.508728583,0.07157595,-0.94657933,35.21999741,6.37650013,-0.443999976,6.054666042,1.025666595,-0.100000009,1.807666779
2.018403532,-0.256755394,0.033370694,0.936753132,0.512882448,0.071610862,-0.946596774,35.36399841,7.137000084,-0.491999984,6.105333328,0.904999971,-0.300000012,1.745333314
2.018508194,-0.259600266,0.033405602,0.941238627,0.517874111,0.071610862,-0.946544443,33,7.565999985,-0.80399996,4.990666389,0.784333348,-0.300000012,1.683000088
2.01849075,-0.262253174,0.033405602,0.94560195,0.52234213,0.07159341,-0.946526933,34.03199768,7.273499966,-0.755999982,5.180666447,0.8446666,-0.300000012,1.558333278
2.01849075,-0.264801353,0.033405602,0.949511471,0.526670565,0.071628314,-0.946509489,33.69599915,6.980999947,-0.768000007,5.041333199,0.8446666,-0.349999994,1.558333278
2.018438419,-0.266791034,0.033423055,0.953019586,0.530213568,0.071628314,-0.946509489,34.72800064,6.980999947,-0.971999943,5.218666077,0.784333348,-0.450000018,1.496000051
2.018560525,-0.268588718,0.033423055,0.956580033,0.532622131,0.071628314,-0.946474602,31.6439991,7.546500206,-1.284000039,3.850666523,0.723999977,-0.450000018,1.309000015
2.018595412,-0.26968827,0.033423055,0.958901377,0.533878777,0.071628314,-0.946439714,31.13999939,7.819499969,-1.199999928,3.875999928,0.8446666,-0.400000036,1.24666667
2.018560525,-0.270578398,0.033423055,0.960664124,0.534542004,0.071628314,-0.946439714,32.2559967,7.995000362,-1.248000026,4.75,0.904999971,-0.349999994,1.371333361
2.018525638,-0.27099728,0.033423055,0.962391983,0.534733985,0.071628314,-0.946439714,33.22799683,6.786000252,-0.93599999,5.155333519,0.8446666,-0.300000012,1.309000015
2.018403532,-0.271381242,0.033370694,0.964486426,0.534733985,0.071645766,-0.946492045,35.32799911,5.460000038,-0.467999995,5.395999908,0.904999971,-0.400000036,1.496000051
2.018560525,-0.271573239,0.033388148,0.966441186,0.534786349,0.071610862,-0.946439714,31.46399879,6.357000351,-0.912,4.053333282,0.8446666,-0.300000012,1.309000015
2.018525638,-0.271643047,0.033388148,0.968221376,0.534803793,0.071628314,-0.946439714,32.41199875,7.000500202,-0.899999976,4.268666744,0.8446666,-0.450000018,1.309000015
2.018595412,-0.27176522,0.033423055,0.969931858,0.534821237,0.071628314,-0.94640476,30.98399925,7.507500172,-1.343999863,3.584666729,0.8446666,-0.300000012,1.24666667
2.01849075,-0.271747759,0.033388148,0.97118847,0.534803793,0.071628314,-0.946457158,33.89999771,6.337500095,-0.599999964,4.927333355,0.8446666,-0.400000036,1.371333361
2.018525638,-0.271730316,0.033370694,0.97216585,0.534821237,0.071628314,-0.946439714,32.62799835,5.967000008,-0.624000013,4.90199995,0.8446666,-0.300000012,1.309000015
2.01849075,-0.271730316,0.033388148,0.973282847,0.534821237,0.071628314,-0.946457158,33.93600082,6.025500298,-0.575999975,4.940000057,0.8446666,-0.300000012,1.309000015
2.018577969,-0.271800124,0.033405602,0.974033326,0.534821237,0.071610862,-0.946422271,31.09199905,6.980999947,-1.115999937,3.863333225,0.723999977,-0.349999994,1.184333444
2.018525638,-0.271869932,0.033405602,0.974591857,0.534821237,0.071610862,-0.946439714,32.49599838,6.941999912,-1.007999897,4.104000092,0.8446666,-0.349999994,1.24666667
2.018560525,-0.271904852,0.033405602,0.974766361,0.534821237,0.071610862,-0.946422271,31.7159977,6.669000149,-0.983999968,4.04066658,0.784333348,-0.300000012,1.309000015
2.018438419,-0.271904852,0.033370694,0.974731473,0.534821237,0.07159341,-0.946457158,33.77999878,6.103499889,-0.611999989,4.775332928,0.784333348,-0.450000018,1.309000015
2.018403532,-0.271904852,0.033370694,0.974748917,0.53483868,0.07159341,-0.946439714,32.71199799,6.123000145,-0.731999993,4.521999836,0.8446666,-0.400000036,1.309000015
2.018368511,-0.2719572,0.033388148,0.974748917,0.534821237,0.07159341,-0.946439714,32.66399765,6.571500301,-0.863999963,4.458666801,0.784333348,-0.349999994,1.371333361